Gene,Breast_early_N1,Breast_early_N1_techrep2
0610005C13Rik,2,2
0610009E02Rik,0,1
0610009L18Rik,2,2
0610012D04Rik,3,3
0610030E20Rik,23,20
0610033M10Rik,0,1
0610038B21Rik,2,1
0610039K10Rik,15,12
0610040F04Rik,2,2
0610040J01Rik,13,8
0610043K17Rik,8,9
1110002J07Rik,0,0
1110002L01Rik,10,5
1110004F10Rik,11,9
1110006O24Rik,1,1
1110019D14Rik,1,0
1110020A21Rik,0,0
1110025M09Rik,2,0
1110028F11Rik,2,2
1110038B12Rik,14,14
1110038F14Rik,7,10
1110058D11Rik,2,2
1110059E24Rik,1,0
1110059G10Rik,3,2
1110065P20Rik,9,7
1190005I06Rik,0,0
1200007C13Rik,1,1
1300002E11Rik,12,15
1300014J16Rik,5,3
1500002C15Rik,0,0
1500002F19Rik,4,4
1500004A13Rik,10,9
1500005C15Rik,1,0
1500012K07Rik,1,1
1500015A07Rik,1,1
1500015L24Rik,1,0
1500026H17Rik,1,1
1500032F14Rik,0,0
1600002D24Rik,1,0
1600012H06Rik,17,16
1600014C10Rik,15,9
1600020E01Rik,9,7
1700001K19Rik,0,2
1700001L05Rik,3,2
1700001O22Rik,3,3
1700003E16Rik,8,9
1700003F12Rik,0,1
1700003G18Rik,1,1
1700003O11Rik,0,1
1700006J14Rik,1,1
1700007J10Rik,3,4
1700007L15Rik,1,0
1700007P06Rik,0,1
1700008A23Rik,2,2
1700008B11Rik,1,1
1700008J07Rik,0,0
1700011L22Rik,1,0
1700014B07Rik,1,1
1700016A09Rik,0,0
1700016B15Rik,0,0
1700016H13Rik,1,0
1700017B05Rik,68,59
1700018L02Rik,5,4
1700019L13Rik,0,0
1700020L13Rik,0,0
1700020L24Rik,1,2
1700021J08Rik,1,1
1700021N21Rik,0,0
1700022N22Rik,0,1
1700023C21Rik,0,1
1700023H06Rik,6,9
1700025G04Rik,45,62
1700025N21Rik,0,0
1700025N23Rik,1,2
1700026N04Rik,1,0
1700027A07Rik,0,0
1700027J07Rik,0,1
1700028E10Rik,3,3
1700028E11Rik,2,1
1700029J03Rik,1,1
1700030C14Rik,4,6
1700030J22Rik,0,0
1700030K09Rik,6,5
1700030L22Rik,2,1
1700031C06Rik,1,0
1700034J05Rik,1,1
1700037C18Rik,0,2
1700040D17Rik,0,1
1700047A11Rik,3,3
1700047K16Rik,1,1
1700052K11Rik,3,5
1700054A03Rik,1,0
1700054K19Rik,1,0
1700055D18Rik,2,1
1700056E22Rik,0,0
1700056N10Rik,4,2
1700058P15Rik,1,0
1700060J05Rik,0,1
1700060O08Rik,1,0
1700061E17Rik,0,0
1700061N14Rik,0,2
1700063D05Rik,0,0
1700063H04Rik,1,0
1700064H15Rik,2,1
1700064N11Rik,3,3
1700065J18Rik,0,3
1700066M21Rik,1,2
1700067K01Rik,1,1
1700081N11Rik,1,1
1700084C06Rik,0,3
1700084E18Rik,1,2
1700085D07Rik,0,1
1700085D22Rik,5,2
1700086D15Rik,2,2
1700086O06Rik,8,11
1700086P04Rik,1,0
1700087M22Rik,1,2
1700088E04Rik,2,2
1700093J21Rik,1,2
1700093K21Rik,0,1
1700095J12Rik,4,4
1700096K18Rik,0,1
1700099I09Rik,2,0
1700101I11Rik,0,0
1700102P08Rik,1,2
1700105P06Rik,1,0
1700108F19Rik,1,1
1700108J01Rik,0,0
1700109H08Rik,3,4
1700109K24Rik,4,1
1700110C19Rik,1,2
1700111E14Rik,0,1
1700112J16Rik,1,1
1700113A16Rik,8,3
1700120B22Rik,1,1
1700120C14Rik,3,1
1700120E14Rik,0,0
1700120G07Rik,1,3
1700122O11Rik,0,1
1700123M08Rik,0,0
1700123O20Rik,6,7
1700126G02Rik,3,2
1700126H18Rik,0,1
1810008B01Rik,0,0
1810009A15Rik,0,1
1810019D21Rik,19,12
1810021B22Rik,4,4
1810024B03Rik,1,1
1810030O07Rik,3,4
1810034E14Rik,5,2
1810037I17Rik,2,4
1810041H14Rik,1,0
1810055G02Rik,6,4
1810058N15Rik,1,0
1810059C17Rik,2,3
1810062G17Rik,0,0
1810062O18Rik,1,2
2010001A14Rik,5,8
2010001M07Rik,2,3
2010003K11Rik,0,0
2010004M13Rik,0,0
2010007H06Rik,3,2
2010016I18Rik,9,12
2010110K18Rik,2,2
2010204K13Rik,2,2
2010308F09Rik,4,4
2010315B03Rik,10,14
2010320M18Rik,0,2
2200002D01Rik,2,5
2210016L21Rik,8,5
2210039B01Rik,1,0
2210406H18Rik,0,0
2210406O10Rik,0,0
2210408F21Rik,3,2
2210408I21Rik,8,1
2210411M09Rik,1,0
2300009A05Rik,0,1
2310001H17Rik,8,11
2310001K24Rik,2,0
2310009B15Rik,0,0
2310011J03Rik,4,5
2310014F06Rik,12,12
2310015A10Rik,8,7
2310015A16Rik,0,1
2310016G11Rik,1,0
2310022A10Rik,13,9
2310022B05Rik,14,7
2310026L22Rik,2,1
2310030G06Rik,1,3
2310033P09Rik,8,7
2310034G01Rik,5,6
2310039H08Rik,1,2
2310043M15Rik,1,0
2310043O21Rik,0,0
2310043P16Rik,0,0
2310047K21Rik,4,3
2310057J18Rik,170,157
2310057M21Rik,4,7
2310058D17Rik,7,2
2310061I04Rik,7,4
2310068J16Rik,2,1
2310069B03Rik,1,0
2410002F23Rik,21,13
2410004B18Rik,4,0
2410006H16Rik,13,7
2410017I17Rik,0,0
2410022M11Rik,1,3
2500002B13Rik,1,2
2500004C02Rik,3,0
2510002D24Rik,14,8
2510009E07Rik,5,5
2510016D11Rik,2,2
2510017J16Rik,1,0
2510039O18Rik,31,32
2600002D14Rik,0,0
2600006K01Rik,0,1
2610001A08Rik,0,0
2610005L07Rik,2,3
2610008E11Rik,20,8
2610011E03Rik,14,19
2610012C04Rik,1,1
2610020C07Rik,17,10
2610021A01Rik,6,4
2610024D14Rik,2,1
2610027K06Rik,1,2
2610028D06Rik,0,0
2610029K11Rik,0,0
2610035D17Rik,4,1
2610037D02Rik,5,4
2610203C22Rik,15,14
2610204G07Rik,2,1
2610306M01Rik,2,2
2610306O10Rik,1,2
2610307P16Rik,21,15
2610316D01Rik,2,2
2610318M16Rik,1,1
2610318N02Rik,1,1
2610507I01Rik,4,5
2610528J11Rik,1,2
2700029L08Rik,7,6
2700038G22Rik,0,2
2700049A03Rik,13,7
2700062C07Rik,7,3
2700078F05Rik,1,1
2700097O09Rik,9,6
2700099C18Rik,7,3
2810001A02Rik,2,0
2810001G20Rik,3,6
2810002D19Rik,4,3
2810004N23Rik,14,13
2810013P06Rik,4,5
2810021J22Rik,3,2
2810029C07Rik,1,0
2810030D12Rik,0,0
2810036E18Rik,1,1
2810402E24Rik,3,3
2810403D21Rik,4,7
2810405F17Rik,2,0
2810408A11Rik,1,4
2810408I11Rik,4,6
2810414N06Rik,1,1
2810428J06Rik,0,3
2810429I04Rik,5,3
2810432F15Rik,0,1
2810442N19Rik,1,0
2810454H06Rik,1,2
2810455O05Rik,5,4
2810459M11Rik,7,5
2900005J15Rik,4,5
2900009J06Rik,5,4
2900018N21Rik,0,0
2900026A02Rik,102,105
2900040C04Rik,0,1
2900052L18Rik,2,2
2900076A07Rik,9,12
2900089D17Rik,1,0
2900093K20Rik,3,3
3010001F23Rik,1,0
3010003L21Rik,5,5
3110009E18Rik,1,1
3110015C05Rik,0,1
3110040N11Rik,7,1
3110045C21Rik,0,1
3110056K07Rik,13,12
3110067C02Rik,1,1
3110080O07Rik,1,0
3110082I17Rik,6,11
3200001D21Rik,1,0
3300002A11Rik,3,1
3300002I08Rik,5,3
3300002P09Rik,2,0
3632454L22Rik,2,1
3830408C21Rik,2,1
3830432H09Rik,1,0
4631405J19Rik,8,4
4632404H12Rik,2,1
4632411P08Rik,0,0
4632418H02Rik,8,10
4632427E13Rik,52,44
4632428C04Rik,1,0
4633401B06Rik,2,2
4731419I09Rik,0,0
4732416N19Rik,2,2
4732440D04Rik,4,2
4732463B04Rik,0,0
4732465J04Rik,2,1
4732471J01Rik,5,3
4732487G21Rik,3,5
4732496C06Rik,6,5
4831440D22Rik,3,2
4833411C07Rik,0,0
4833412C15Rik,3,3
4833412K13Rik,0,0
4833413G10Rik,1,0
4833417C18Rik,3,2
4833418N02Rik,1,2
4833419F23Rik,1,0
4833420G17Rik,30,31
4833421G17Rik,0,0
4833422C13Rik,2,1
4833427F10Rik,1,0
4833438C02Rik,5,4
4833439L19Rik,25,19
4833445I07Rik,1,2
4921501I09Rik,0,0
4921507G05Rik,1,1
4921511C10Rik,0,2
4921513I03Rik,0,0
4921514A10Rik,1,1
4921515G04Rik,0,0
4921515L22Rik,3,0
4921517D16Rik,2,2
4921520J07Rik,0,0
4921522P10Rik,0,1
4921524J17Rik,1,0
4921531C22Rik,4,1
4921534H16Rik,0,0
4921536K21Rik,0,0
4921539E11Rik,0,0
4930403O15Rik,1,1
4930404I05Rik,2,2
4930405A10Rik,0,0
4930405J17Rik,10,4
4930405O22Rik,4,5
4930408O17Rik,3,2
4930412F12Rik,0,0
4930412M03Rik,13,10
4930413F20Rik,1,2
4930414N06Rik,1,0
4930415P13Rik,1,0
4930417H01Rik,1,0
4930417O13Rik,2,1
4930422M22Rik,3,2
4930423D22Rik,1,0
4930423K06Rik,1,0
4930426I24Rik,5,1
4930428N03Rik,0,1
4930429F24Rik,1,1
4930431P03Rik,0,0
4930431P19Rik,1,2
4930432B10Rik,1,1
4930432E11Rik,1,2
4930432O09Rik,0,0
4930439A04Rik,3,3
4930443O20Rik,1,1
4930445E18Rik,0,1
4930447A16Rik,4,2
4930449E18Rik,1,0
4930451E10Rik,0,1
4930453C13Rik,2,3
4930453N24Rik,6,7
4930455C13Rik,1,2
4930455G09Rik,3,0
4930467K11Rik,1,0
4930469K13Rik,1,1
4930471G03Rik,16,9
4930471L23Rik,0,0
4930473H19Rik,1,0
4930478L05Rik,1,1
4930478M13Rik,0,1
4930478P22Rik,0,0
4930480K02Rik,0,1
4930481A15Rik,0,1
4930481B07Rik,3,2
4930484I04Rik,1,0
4930486F22Rik,0,1
4930488L21Rik,1,0
4930500A05Rik,2,3
4930500F10Rik,0,0
4930502E09Rik,2,0
4930503L19Rik,4,2
4930506C21Rik,0,1
4930507D05Rik,0,1
4930509G22Rik,2,0
4930509H03Rik,0,1
4930511P09Rik,0,0
4930512B01Rik,1,3
4930513N10Rik,0,0
4930513N20Rik,1,1
4930515G01Rik,1,0
4930516B21Rik,1,1
4930517E14Rik,0,0
4930517G19Rik,0,0
4930517O19Rik,1,0
4930518I15Rik,7,4
4930519P11Rik,0,0
4930520M14Rik,1,0
4930520O04Rik,3,4
4930522L14Rik,1,2
4930523C07Rik,4,8
4930524O07Rik,1,0
4930525G20Rik,0,2
4930526L06Rik,0,0
4930527F14Rik,3,0
4930533B01Rik,1,1
4930533I22Rik,1,0
4930534H18Rik,1,1
4930537H20Rik,3,2
4930539J05Rik,3,3
4930542C21Rik,1,1
4930544F09Rik,5,8
4930545L23Rik,1,1
4930549G23Rik,2,4
4930549P19Rik,0,2
4930551L18Rik,1,3
4930554G24Rik,0,1
4930554I06Rik,1,0
4930556I23Rik,1,2
4930556M19Rik,1,1
4930556N13Rik,1,0
4930557K07Rik,3,0
4930558J18Rik,1,1
4930558N01Rik,1,1
4930562C15Rik,2,2
4930563E22Rik,0,0
4930563F08Rik,1,2
4930563J15Rik,1,2
4930563M21Rik,0,1
4930565N06Rik,8,11
4930577N17Rik,0,0
4930578I06Rik,0,0
4930578M01Rik,0,1
4930579G18Rik,9,6
4930579G24Rik,0,1
4930579K19Rik,0,0
4930581F22Rik,3,3
4930589L23Rik,1,0
4930589O11Rik,1,0
4930592I03Rik,6,6
4930593A02Rik,2,1
4930594C11Rik,2,3
4930594M22Rik,3,1
4930595D18Rik,0,1
4930597G03Rik,1,0
4930599N23Rik,2,0
4930599N24Rik,0,1
4931403E22Rik,0,1
4931403G20Rik,0,1
4931406C07Rik,57,51
4931413K12Rik,13,12
4931414P19Rik,2,0
4931415C17Rik,0,0
4931422A03Rik,3,5
4932411K12Rik,0,0
4932442E05Rik,2,7
4932443L11Rik,3,0
4932702P03Rik,1,1
4933400F21Rik,7,7
4933401L05Rik,1,1
4933404O12Rik,11,9
4933405D12Rik,2,1
4933406I18Rik,1,0
4933406J09Rik,0,0
4933406J10Rik,1,1
4933406P04Rik,0,0
4933407K13Rik,3,4
4933407L21Rik,1,0
4933408J17Rik,2,8
4933411E08Rik,0,1
4933411K16Rik,1,0
4933412E12Rik,2,1
4933413C19Rik,3,1
4933415A04Rik,6,3
4933416M07Rik,1,1
4933417C20Rik,1,1
4933417D19Rik,2,2
4933417G07Rik,1,0
4933421A08Rik,0,0
4933421D24Rik,0,2
4933421O10Rik,5,7
4933422A05Rik,1,0
4933424G05Rik,16,9
4933424L21Rik,6,3
4933426K07Rik,2,3
4933427D14Rik,6,5
4933427G23Rik,1,0
4933429H19Rik,0,2
4933430M04Rik,0,0
4933430N04Rik,0,1
4933431C10Rik,2,4
4933431E20Rik,20,7
4933431G14Rik,2,2
4933431K23Rik,1,2
4933433G15Rik,0,0
4933433G19Rik,4,1
4933433N18Rik,1,0
4933434E20Rik,6,6
4933439C10Rik,7,4
4933439K11Rik,2,0
4933440N22Rik,1,6
5031425E22Rik,25,25
5031434C07Rik,0,0
5031434O11Rik,0,2
5031439G07Rik,100,72
5033403F01Rik,2,1
5033417F24Rik,0,1
5033425G24Rik,0,1
5033430I15Rik,1,1
5330406M23Rik,3,5
5330417H12Rik,1,1
5330431K02Rik,2,2
5330432J10Rik,19,13
5330438D12Rik,2,2
5430400D12Rik,0,0
5430402O13Rik,3,3
5430405H02Rik,10,6
5430414B19Rik,2,0
5430416N02Rik,15,14
5430420F09Rik,3,4
5430427G11Rik,0,1
5430427M07Rik,0,1
5430430B14Rik,2,0
5430431A17Rik,3,4
5430433H01Rik,0,0
5430434F05Rik,7,9
5430435K18Rik,2,3
5530601H04Rik,14,18
5730405O15Rik,1,2
5730409E04Rik,4,4
5730416F02Rik,1,1
5730419F03Rik,0,0
5730424H11Rik,0,0
5730455P16Rik,12,3
5730480H06Rik,10,5
5730507A11Rik,4,8
5730521K06Rik,2,1
5730522E02Rik,0,0
5730596B20Rik,1,0
5830408C22Rik,3,3
5830417I10Rik,2,1
5830428M24Rik,9,8
5830448L01Rik,1,1
5830462I19Rik,1,0
5830462O15Rik,4,3
5830487J09Rik,1,1
5930420M18Rik,3,4
5930430L01Rik,2,1
6030400A10Rik,0,0
6030442K20Rik,2,2
6030443J06Rik,2,1
6030458C11Rik,17,18
6030460B20Rik,0,2
6030468B19Rik,0,1
6230400D17Rik,3,6
6230426M11Rik,1,2
6330403K07Rik,2,1
6330403L08Rik,3,0
6330408M09Rik,1,1
6330415G19Rik,0,1
6330418K02Rik,1,1
6330562C20Rik,1,0
6430511E19Rik,9,4
6430548M08Rik,33,52
6430550D23Rik,1,0
6430562O15Rik,0,0
6430573P05Rik,1,1
6430590A07Rik,5,3
6430710M23Rik,1,2
6530401F13Rik,1,0
6530402F18Rik,0,0
6530409C15Rik,1,2
6720407P12Rik,2,1
6720427I07Rik,19,24
6720464F23Rik,3,0
6720473M11Rik,0,1
6720475M21Rik,5,2
6720482G16Rik,1,1
6720483E21Rik,0,0
6820431F20Rik,9,8
8030442B05Rik,0,0
8030451A03Rik,2,2
8430406P12Rik,1,2
8430419K02Rik,0,0
8430422M14Rik,0,1
8430429K09Rik,3,4
8430430B14Rik,0,0
8430432A02Rik,1,0
8430437L04Rik,1,0
9030404E10Rik,1,1
9030407P20Rik,1,0
9030607J07Rik,1,0
9130002K18Rik,3,2
9130004C02Rik,0,1
9130008F23Rik,2,1
9130017K11Rik,1,0
9130019P16Rik,6,4
9130204K15Rik,1,1
9130221H12Rik,1,1
9130230L23Rik,41,26
9130230N09Rik,0,1
9130401M01Rik,2,4
9230105E05Rik,1,1
9230111E07Rik,5,2
9230112E08Rik,15,11
9230114K14Rik,0,2
9230116L04Rik,1,2
9230116N13Rik,0,1
9330020H09Rik,0,0
9330104G04Rik,0,1
9330111N05Rik,1,5
9330133O14Rik,3,4
9330136K24Rik,1,1
9330151L19Rik,2,1
9330154K18Rik,0,1
9330159F19Rik,1,1
9330159N22Rik,4,0
9330160F10Rik,2,3
9330161L09Rik,0,0
9330162012Rik,2,2
9330162B11Rik,1,2
9330162G02Rik,26,28
9330175E14Rik,2,1
9330188P03Rik,5,4
9330198I05Rik,0,1
9430002A10Rik,0,1
9430015G10Rik,11,12
9430018G01Rik,2,2
9430031K09Rik,2,1
9430034N14Rik,9,8
9430037G07Rik,8,2
9430038I01Rik,3,1
9430060I03Rik,2,1
9430062P05Rik,2,1
9430064I24Rik,2,1
9430065F17Rik,0,0
9430069I07Rik,0,0
9430085M18Rik,1,0
9430091E24Rik,6,2
9430092D12Rik,0,0
9530003O04Rik,2,2
9530004M14Rik,1,1
9530014B07Rik,0,0
9530022L04Rik,3,2
9530026P05Rik,3,0
9530036M11Rik,8,4
9530046B11Rik,2,1
9530056E24Rik,6,5
9530056K15Rik,1,1
9530059O14Rik,0,0
9530068E07Rik,35,38
9530077C14Rik,4,2
9530082P21Rik,1,4
9530085L11Rik,5,1
9530086O07Rik,18,11
9530097N15Rik,2,0
9630010A21Rik,0,3
9630013A20Rik,1,1
9630014M24Rik,0,2
9630050E16Rik,4,7
9830144P21Rik,1,1
9830166K06Rik,1,0
9930004E17Rik,0,0
9930012K11Rik,0,1
9930014A18Rik,4,1
9930017N22Rik,6,2
9930024M15Rik,1,3
9930105H17Rik,0,0
9930120I10Rik,3,2
A030001D20Rik,1,0
A030005K14Rik,0,0
A030005L19Rik,0,0
A030012G06Rik,0,0
A030014E15Rik,0,0
A130010J15Rik,8,4
A130012E19Rik,9,7
A130014A01Rik,5,4
A130050O07Rik,3,4
A130051J06Rik,0,1
A130071D04Rik,3,4
A230001M10Rik,1,1
A230009B12Rik,1,0
A230045G11Rik,7,12
A230056P14Rik,6,2
A230072C01Rik,1,0
A230072E10Rik,5,5
A230083G16Rik,3,6
A230087F16Rik,1,2
A230103J11Rik,3,4
A230103L15Rik,0,1
A230107N01Rik,2,1
A230108P19Rik,1,0
A2m,1,2
A330008L17Rik,1,0
A330009N23Rik,2,1
A330023F24Rik,13,11
A330035P11Rik,0,0
A330040F15Rik,1,1
A330041J22Rik,2,1
A330102I10Rik,2,0
A3galt2,2,1
A430005L14Rik,2,2
A430018G15Rik,2,2
A430019L02Rik,4,4
A430027C01Rik,3,3
A430028G04Rik,2,1
A430033K04Rik,5,5
A430035B10Rik,1,1
A430046D13Rik,1,1
A430057M04Rik,0,0
A430073I11Rik,3,0
A430088P11Rik,2,1
A430090L17Rik,2,2
A430105J06Rik,2,1
A430108G06Rik,1,0
A430110C17Rik,1,3
A430110L20Rik,0,1
A4galt,2,1
A530001N23Rik,2,1
A530010L16Rik,3,5
A530013C23Rik,9,8
A530017D24Rik,0,0
A530020G20Rik,16,17
A530041M06Rik,3,1
A530064N14Rik,11,12
A530072M11Rik,0,1
A530083I20Rik,0,1
A630001G21Rik,0,2
A630019I02Rik,1,1
A630023A22Rik,0,0
A630052C17Rik,3,1
A630072L19Rik,1,0
A630072M18Rik,0,0
A630089N07Rik,7,14
A630095N17Rik,0,1
A730011C13Rik,3,1
A730017L22Rik,1,3
A730020E08Rik,0,1
A730049H05Rik,0,0
A730061H03Rik,1,1
A730063M14Rik,1,1
A730081D07Rik,1,0
A730085K08Rik,8,8
A730090N16Rik,1,1
A730091E23Rik,0,0
A830008E24Rik,3,3
A830009L08Rik,1,0
A830021M18Rik,0,0
A830035A12Rik,1,1
A830035O19Rik,3,4
A830052D11Rik,1,0
A830073O21Rik,6,1
A830082N09Rik,0,1
A930001C03Rik,1,1
A930001M01Rik,5,6
A930003O13Rik,0,1
A930004D18Rik,3,2
A930004J17Rik,13,14
A930005H10Rik,6,2
A930005N03Rik,1,1
A930006K02Rik,1,0
A930006L05Rik,2,3
A930007I19Rik,1,2
A930012L18Rik,1,2
A930015D03Rik,1,1
A930016O22Rik,0,1
A930019D19Rik,3,1
A930023M06Rik,6,7
A930024E05Rik,4,2
A930028N01Rik,0,1
A930028O11Rik,0,0
A930030B08Rik,1,1
A930033H14Rik,0,3
A930037H05Rik,10,11
AA386476,0,0
AA465934,0,1
AA474408,0,1
AA645442,0,1
AA986860,5,3
AB010352,2,3
AB124611,0,1
AF357399,1,0
AI182371,0,0
AI197445,1,2
AI429214,2,5
AI463170,5,3
AI463229,9,11
AI480526,2,7
AI504432,1,0
AI506816,2,4
AI507597,0,0
AI597479,5,10
AI606473,0,0
AI661453,17,16
AI837181,7,7
AI839979,7,3
AI854703,0,0
AI987944,3,3
AU015336,2,0
AU018091,0,0
AU020206,160,133
AU022252,10,7
AU022793,2,0
AU040320,42,57
AU040972,10,6
AU041133,2,1
AV051173,1,0
AV356131,0,0
AW011738,27,20
AW046200,6,4
AW146154,2,2
AW209491,5,4
AW554918,12,8
AW822252,0,1
AY074887,0,1
Aaas,9,15
Aacs,7,16
Aadacl2,0,0
Aagab,35,27
Aak1,87,75
Aamdc,6,3
Aamp,52,45
Aanat,1,0
Aar2,11,11
Aars1,39,36
Aars2,5,2
Aarsd1,0,1
Aasdh,9,8
Aasdhppt,11,6
Aass,11,12
Aatf,17,11
Aatk,0,1
Abca1,57,42
Abca12,0,0
Abca13,0,0
Abca16,0,0
Abca2,20,21
Abca3,98,85
Abca5,5,11
Abca7,21,20
Abca8a,3,2
Abca8b,0,2
Abca9,1,3
Abcb10,15,12
Abcb11,1,1
Abcb1a,2,1
Abcb6,2,1
Abcb7,9,10
Abcb8,12,12
Abcb9,12,11
Abcc1,12,14
Abcc10,31,37
Abcc2,1,0
Abcc3,5,2
Abcc4,0,0
Abcc5,15,11
Abcc9,6,7
Abcd1,15,19
Abcd2,2,1
Abcd3,27,36
Abcd4,19,15
Abce1,21,26
Abcf1,69,68
Abcf2,22,21
Abcf3,21,29
Abcg1,6,9
Abcg2,10,16
Abcg3,0,1
Abcg4,0,0
Abcg8,0,0
Abhd10,0,1
Abhd11,11,4
Abhd12,18,12
Abhd13,22,18
Abhd14a,3,1
Abhd14b,5,8
Abhd15,2,0
Abhd16a,31,38
Abhd17a,17,20
Abhd17b,11,9
Abhd17c,41,33
Abhd18,11,7
Abhd2,347,299
Abhd3,2,1
Abhd4,23,17
Abhd5,93,88
Abhd6,1,2
Abhd8,3,0
Abi1,31,24
Abi2,43,47
Abi3,0,0
Abi3bp,0,2
Abitram,7,9
Abl1,101,84
Abl2,23,16
Ablim1,10,10
Ablim2,1,4
Ablim3,1,1
Abr,23,18
Abra,1,1
Abracl,4,9
Abraxas1,4,3
Abraxas2,16,11
Abt1,1,5
Abtb1,14,17
Abtb2,20,28
Abtb3,4,8
Acaa1a,27,18
Acaa1b,1,3
Acaa2,13,10
Acaca,88,75
Acacb,33,22
Acad10,10,7
Acad11,15,7
Acad12,3,2
Acad8,9,8
Acad9,21,21
Acadl,25,20
Acadm,24,18
Acads,12,6
Acadsb,33,36
Acadvl,11,11
Acap1,1,0
Acap2,34,27
Acap3,46,38
Acat1,18,13
Acat2,8,10
Acbd3,32,26
Acbd4,9,9
Acbd5,24,22
Acbd6,21,20
Acbd7,1,2
Accs,13,8
Acd,14,11
Ace,46,42
Acer1,0,0
Acer2,4,2
Acer3,8,13
Ache,2,0
Acin1,300,285
Ackr1,0,1
Ackr3,0,2
Ackr4,1,0
Acly,184,171
Aco1,33,23
Aco2,47,30
Acod1,0,0
Acot1,16,12
Acot11,5,3
Acot13,2,1
Acot2,6,4
Acot4,3,1
Acot5,1,1
Acot6,20,24
Acot7,7,6
Acot8,10,10
Acot9,12,6
Acox1,38,45
Acox2,11,8
Acox3,16,15
Acp1,4,3
Acp2,15,15
Acp3,0,1
Acp4,1,0
Acp5,14,5
Acp6,15,15
Acp7,0,0
Acrbp,6,7
Acsbg1,0,0
Acsf2,0,2
Acsf3,23,21
Acsl1,67,43
Acsl3,9,11
Acsl4,254,220
Acsl5,17,12
Acsm3,0,1
Acss1,101,81
Acss2,11,11
Acta1,6,4
Acta2,1,0
Actb,573,486
Actg1,61,48
Actl6a,12,9
Actmap,18,19
Actn1,33,22
Actn4,382,353
Actr10,8,12
Actr1a,38,40
Actr1b,31,43
Actr2,70,61
Actr3,18,20
Actr3-ps,0,0
Actr3b,1,1
Actr5,9,10
Actr6,2,4
Actr8,15,17
Acvr1,8,10
Acvr1b,47,34
Acvr1c,0,0
Acvr2a,18,13
Acvr2b,7,1
Acvrl1,5,3
Acy1,1,1
Acyp1,4,3
Acyp2,1,2
Ada,6,6
Adal,5,8
Adam10,54,42
Adam11,1,3
Adam12,1,0
Adam15,19,16
Adam17,29,28
Adam19,5,8
Adam1a,1,1
Adam22,2,1
Adam23,0,2
Adam28,1,0
Adam33,0,1
Adam4,3,7
Adam8,15,14
Adam9,23,26
Adamts1,2,12
Adamts10,25,20
Adamts12,3,6
Adamts14,1,3
Adamts15,17,14
Adamts16,0,0
Adamts17,0,0
Adamts18,0,0
Adamts2,3,2
Adamts3,17,8
Adamts4,4,3
Adamts5,1,1
Adamts6,1,1
Adamts7,9,6
Adamts8,3,2
Adamts9,12,5
Adamtsl1,0,0
Adamtsl2,6,4
Adamtsl3,1,0
Adamtsl4,27,24
Adamtsl5,3,2
Adap1,0,1
Adap2,5,2
Adar,50,41
Adarb1,5,7
Adat1,7,9
Adat2,6,7
Adck1,6,9
Adck2,10,10
Adck5,19,21
Adcy1,0,0
Adcy3,4,3
Adcy4,1,2
Adcy5,4,7
Adcy6,64,64
Adcy7,9,8
Adcy8,42,35
Adcy9,20,29
Add1,48,27
Add2,0,0
Add3,18,19
Adgra2,10,7
Adgra3,16,17
Adgrb1,0,0
Adgrb2,6,6
Adgrd1,0,1
Adgre1,2,4
Adgre5,10,6
Adgrf1,7,5
Adgrf3,0,1
Adgrf4,0,0
Adgrf5,4,7
Adgrg1,17,17
Adgrg2,4,3
Adgrg3,8,6
Adgrg5,1,2
Adgrg6,36,43
Adgrl1,18,18
Adgrl2,62,41
Adgrl3,17,16
Adgrl4,0,1
Adgrv1,0,3
Adh5,16,7
Adhfe1,5,4
Adi1,8,7
Adig,2,3
Adipor1,47,44
Adipor2,41,46
Adissp,4,3
Adk,7,15
Adm,0,0
Adm2,0,0
Adnp,10,16
Adnp2,19,14
Ado,19,20
Adora1,1,7
Adora2a,1,1
Adpgk,10,13
Adprh,1,3
Adprm,2,1
Adprs,7,8
Adra1a,0,0
Adra2a,0,0
Adra2c,17,19
Adrb1,18,11
Adrb2,0,0
Adrm1,24,13
Adsl,12,15
Adss1,1,0
Adss2,15,17
Adtrp,0,0
Aebp1,14,12
Aebp2,41,41
Aen,3,3
Afap1,64,47
Afap1l1,40,39
Afap1l2,6,8
Afdn,126,114
Aff1,86,76
Aff3,0,1
Aff4,130,130
Afg1l,2,3
Afg2a,8,8
Afg2b,13,10
Afg3l1,44,36
Afg3l2,40,30
Afmid,2,2
Aftph,45,37
Aga,3,4
Agap1,108,105
Agap2,1,1
Agap3,45,39
Agbl1,0,0
Agbl2,1,0
Agbl3,2,0
Agbl5,14,16
Ager,3,2
Agfg1,54,42
Agfg2,9,5
Aggf1,24,26
Agk,1,4
Agl,9,11
Agmo,4,4
Ago1,65,57
Ago2,83,86
Ago3,42,40
Ago4,8,8
Agpat1,34,28
Agpat2,6,4
Agpat3,24,10
Agpat4,0,0
Agpat5,4,5
Agps,35,47
Agrn,200,167
Agt,13,12
Agtpbp1,35,38
Agtr1a,1,1
Agtrap,10,11
Agxt2,0,1
Ahctf1,54,46
Ahcy,2,1
Ahcyl,0,1
Ahcyl1,73,71
Ahcyl2,16,20
Ahdc1,114,112
Ahi1,5,2
Ahnak,497,457
Ahnak2,3,4
Ahr,21,19
Ahsa1,10,13
Ahsa2,5,7
Aida,9,7
Aif1,1,0
Aif1l,0,1
Aifm1,13,13
Aifm2,6,5
Aifm3,3,1
Aig1,11,9
Aim2,2,2
Aimp1,12,14
Aimp2,5,3
Aip,5,6
Aire,1,1
Airim,11,10
Airn,85,78
Ajm1,8,6
Ajuba,6,7
Ak1,2,3
Ak2,16,17
Ak3,51,47
Ak4,4,0
Ak5,0,0
Ak6,5,2
Akap1,23,14
Akap10,26,21
Akap11,41,36
Akap12,34,33
Akap13,75,76
Akap14,0,0
Akap17a,38,32
Akap17b,15,10
Akap6,0,0
Akap7,4,4
Akap8,82,75
Akap8l,56,58
Akap9,98,94
Akip1,5,2
Akirin1,6,6
Akirin1-ps,1,1
Akirin2,13,8
Akna,16,18
Aknaos,1,1
Akr1a1,72,57
Akr1b1,1,3
Akr1b10,8,11
Akr1b8,0,1
Akr1e1,3,4
Akr7a5,7,6
Akt1,90,60
Akt1s1,20,19
Akt2,21,18
Akt3,17,15
Aktip,21,12
Alad,10,10
Alas1,11,14
Alas2,5,2
Alcam,12,7
Aldh16a1,11,11
Aldh18a1,17,10
Aldh1a2,0,1
Aldh1a3,10,7
Aldh1b1,1,1
Aldh1l1,1,1
Aldh1l2,5,4
Aldh2,45,41
Aldh3a2,14,17
Aldh3b1,1,1
Aldh3b2,0,1
Aldh3b3,1,1
Aldh4a1,1,2
Aldh5a1,5,8
Aldh6a1,14,17
Aldh7a1,20,13
Aldh9a1,12,9
Aldoa,9,6
Aldoc,33,35
Alg1,10,7
Alg10b,16,14
Alg11,6,8
Alg12,3,5
Alg13,9,5
Alg14,3,3
Alg2,16,14
Alg3,2,2
Alg5,4,4
Alg6,6,8
Alg8,1,5
Alg9,9,11
Alkal2,1,1
Alkbh1,25,21
Alkbh2,3,2
Alkbh3,7,6
Alkbh3os1,1,1
Alkbh4,3,2
Alkbh5,67,67
Alkbh6,4,2
Alkbh7,2,3
Alkbh8,19,14
Alms1,27,18
Alox12,3,1
Alox12e,0,0
Alox15,2,1
Alox5,3,2
Alox5ap,0,0
Aloxe3,1,0
Alpk1,7,10
Alpk3,0,1
Alpl,14,18
Als2,14,17
Als2cl,16,16
Alx4,4,3
Alyref,17,15
Alyref2,2,2
Amacr,5,4
Ambra1,44,35
Amd-ps7,1,1
Amd1,10,10
Amdhd2,2,4
Amelx,5,0
Amer1,27,17
Amfr,38,39
Amhr2,1,1
Amigo1,6,6
Amigo2,0,1
Amigo3,6,3
Ammecr1,26,23
Ammecr1l,26,23
Amn1,25,25
Amot,16,22
Amotl1,174,153
Amotl2,14,15
Ampd2,25,16
Ampd3,8,13
Amt,8,8
Amtn,0,1
Amz1,2,3
Amz2,8,12
Anapc1,66,66
Anapc10,3,2
Anapc11,11,10
Anapc13,4,5
Anapc15,14,18
Anapc16,19,17
Anapc2,44,34
Anapc4,22,20
Anapc5,94,73
Anapc7,11,10
Angel1,8,9
Angel2,16,15
Angpt1,1,2
Angpt2,5,6
Angpt4,0,0
Angptl2,6,6
Angptl3,3,0
Angptl4,0,1
Angptl6,0,1
Angptl7,3,1
Angptl8,1,1
Ank,9,7
Ank1,0,2
Ank2,3,3
Ank3,83,63
Ankfy1,52,35
Ankhd1,70,54
Ankib1,36,25
Ankk1,0,0
Ankle1,10,5
Ankle2,30,20
Ankmy2,9,14
Ankra2,7,6
Ankrd10,20,23
Ankrd11,167,134
Ankrd12,31,23
Ankrd13a,45,37
Ankrd13b,40,41
Ankrd13c,22,33
Ankrd13d,13,11
Ankrd16,40,34
Ankrd17,164,147
Ankrd22,2,4
Ankrd23,1,2
Ankrd24,28,25
Ankrd26,7,9
Ankrd27,24,19
Ankrd28,36,35
Ankrd29,2,0
Ankrd33b,30,25
Ankrd34a,1,0
Ankrd35,0,1
Ankrd37,2,0
Ankrd39,3,5
Ankrd40,20,14
Ankrd40cl,1,2
Ankrd42,2,0
Ankrd44,5,5
Ankrd46,23,18
Ankrd49,5,4
Ankrd50,21,26
Ankrd52,83,92
Ankrd54,27,20
Ankrd6,3,1
Ankrd61,1,2
Ankrd63,0,0
Ankrd65,1,1
Ankrd9,1,6
Anks1,34,43
Anks1b,0,0
Anks3,21,20
Anks6,149,122
Ankzf1,18,16
Anln,15,10
Ano1,251,240
Ano10,27,25
Ano4,0,0
Ano6,36,45
Ano8,23,27
Ano9,4,4
Anp32-ps,1,2
Anp32a,54,47
Anp32b,110,98
Anp32b-ps1,0,0
Anp32e,32,34
Anpep,211,186
Antkmt,11,8
Antxr1,3,2
Antxr2,7,4
Antxrl,4,3
Anxa1,28,30
Anxa11,13,16
Anxa11os,2,1
Anxa2,61,64
Anxa3,16,19
Anxa4,20,14
Anxa5,27,17
Anxa6,84,62
Anxa7,25,23
Anxa8,3,1
Anxa9,9,6
Aoc2,4,5
Aoc3,0,0
Aopep,158,174
Aox1,4,3
Aox2,1,0
Aox4,1,3
Ap1ar,15,11
Ap1b1,28,26
Ap1g1,14,22
Ap1g2,18,16
Ap1m1,11,8
Ap1m2,26,29
Ap1s1,21,21
Ap1s2,1,2
Ap1s3,1,2
Ap2a1,31,22
Ap2a2,43,41
Ap2b1,90,77
Ap2m1,22,26
Ap2s1,11,14
Ap3b1,43,34
Ap3b2,1,0
Ap3d1,115,118
Ap3m1,6,5
Ap3m2,2,3
Ap3s1,6,6
Ap3s2,32,27
Ap4b1,2,2
Ap4e1,24,15
Ap4m1,18,18
Ap4s1,7,6
Ap5b1,2,4
Ap5m1,12,18
Ap5s1,1,2
Ap5z1,19,18
Apaf1,21,17
Apba1,2,1
Apba3,11,7
Apbb1,3,1
Apbb1ip,3,1
Apbb2,19,18
Apbb3,9,11
Apc,90,73
Apc-ps1,0,2
Apc2,0,1
Apcdd1,2,1
Apeh,14,22
Apex1,4,1
Apex2,13,13
Aph1a,7,11
Aph1b,1,1
Aph1c,1,2
Api5,15,15
Apip,3,0
Aplf,7,7
Apln,8,3
Aplnr,2,1
Aplp1,3,1
Aplp2,116,115
Apmap,14,20
Apoa2,1,1
Apobec1,5,9
Apobec3,39,32
Apobr,27,32
Apoc1,0,0
Apoc4,1,1
Apoe,41,27
Apol10b,1,1
Apol6,6,7
Apol7a,22,22
Apol8,1,1
Apol9a,5,4
Apol9b,0,0
Apold1,1,0
Apom,0,0
Apool,5,1
App,254,266
Appbp2,21,21
Appbp2os,2,2
Appl1,10,12
Appl2,110,102
Aprt,5,5
Aptx,6,7
Aqp1,1,1
Aqp11,2,3
Aqp3,0,0
Aqp5,131,118
Aqp9,0,0
Aqr,23,16
Ar,4,6
Araf,52,56
Arap1,51,41
Arap2,20,17
Arap3,6,7
Arb2a,15,10
Arc,1,1
Arcn1,68,75
Arel1,19,20
Arf1,79,66
Arf2,6,3
Arf3,101,88
Arf4,27,27
Arf4os,1,0
Arf5,24,28
Arf6,37,40
Arfgap1,36,39
Arfgap2,31,17
Arfgap3,30,28
Arfgef1,68,66
Arfgef2,62,55
Arfgef3,117,90
Arfip1,6,9
Arfip2,30,33
Arfrp1,10,16
Arg1,29,31
Arglu1,54,62
Arhgap1,21,24
Arhgap10,32,26
Arhgap11a,29,17
Arhgap12,21,24
Arhgap17,19,26
Arhgap18,13,16
Arhgap19,7,6
Arhgap20,1,2
Arhgap21,116,96
Arhgap22,2,5
Arhgap23,22,20
Arhgap24,2,3
Arhgap25,0,1
Arhgap26,11,8
Arhgap27,17,23
Arhgap27os1,0,0
Arhgap27os2,1,0
Arhgap27os3,2,4
Arhgap28,10,14
Arhgap29,18,15
Arhgap30,13,10
Arhgap31,20,16
Arhgap32,63,48
Arhgap33,8,10
Arhgap35,63,53
Arhgap39,26,20
Arhgap4,8,4
Arhgap40,0,0
Arhgap42,21,16
Arhgap44,10,11
Arhgap45,7,6
Arhgap5,45,30
Arhgap6,9,3
Arhgap8,25,10
Arhgap9,2,1
Arhgdia,93,78
Arhgdib,0,0
Arhgdig,1,1
Arhgef1,147,125
Arhgef10,13,7
Arhgef10l,71,73
Arhgef11,43,43
Arhgef12,132,130
Arhgef15,0,2
Arhgef16,20,21
Arhgef17,66,53
Arhgef18,53,42
Arhgef19,41,39
Arhgef2,59,60
Arhgef25,4,2
Arhgef26,28,23
Arhgef28,49,39
Arhgef3,13,16
Arhgef37,14,17
Arhgef38,21,16
Arhgef39,3,7
Arhgef4,11,9
Arhgef40,74,75
Arhgef5,92,83
Arhgef6,37,38
Arhgef7,42,38
Arhgef9,1,0
Arid1a,191,166
Arid1b,49,60
Arid2,49,68
Arid3a,7,4
Arid3b,6,7
Arid4a,31,26
Arid4b,74,59
Arid5a,43,37
Arid5b,52,33
Arih1,39,40
Arih2,31,32
Ark2c,0,0
Ark2n,13,7
Arl1,13,12
Arl10,4,5
Arl13a,1,1
Arl13b,15,15
Arl14ep,9,11
Arl15,5,5
Arl16,2,5
Arl2,5,3
Arl2bp,28,22
Arl3,3,0
Arl4a,15,10
Arl4c,9,15
Arl4d,3,1
Arl5a,64,68
Arl5b,22,15
Arl6,1,0
Arl6ip1,20,31
Arl6ip4,25,14
Arl6ip5,10,8
Arl6ip6,5,3
Arl8a,19,11
Arl8b,15,11
Arl9,0,1
Armc1,5,6
Armc10,15,12
Armc2,1,1
Armc5,10,9
Armc6,7,5
Armc7,2,0
Armc8,15,12
Armc9,8,10
Armcx1,1,5
Armcx2,7,10
Armcx3,10,5
Armcx4,3,4
Armcx5,6,3
Armcx6,2,1
Armh2,0,0
Armh3,12,19
Armt1,8,7
Arnt,37,36
Arnt2,1,1
Arpc1a,38,20
Arpc1b,90,74
Arpc2,27,26
Arpc3,10,12
Arpc4,22,21
Arpc5,56,39
Arpc5l,10,8
Arpin,6,4
Arpp19,14,13
Arrb1,67,64
Arrb2,2,1
Arrdc1,36,33
Arrdc2,8,4
Arrdc3,44,49
Arrdc4,31,30
Arsa,4,3
Arsb,6,8
Arsg,2,2
Arsi,0,0
Arsj,1,0
Arsk,1,3
Art2b,1,1
Art3,0,1
Artn,0,0
Arv1,7,4
Arvcf,14,15
Arxes1,0,1
Arxes2,1,1
As3mt,3,1
Asah1,11,11
Asah2,7,4
Asap1,36,28
Asap2,12,14
Asap3,19,14
Asb1,3,2
Asb13,4,1
Asb14,2,1
Asb15,0,1
Asb16,3,1
Asb2,1,0
Asb3,5,4
Asb5,2,1
Asb6,11,14
Asb7,11,14
Asb8,9,12
Ascc1,6,3
Ascc2,34,40
Ascc3,45,46
Ascl2,0,0
Ascl4,0,0
Ascl5,0,1
Asf1a,4,1
Asf1b,3,1
Ash1l,126,99
Ash2l,36,30
Asic1,4,4
Asic3,1,0
Asl,14,16
Asns,5,6
Asnsd1,1,1
Aspg,0,0
Asph,20,19
Aspm,29,18
Aspn,0,1
Asprv1,3,0
Aspscr1,21,21
Asrgl1,37,25
Ass1,22,23
Aste1,3,2
Astl,0,0
Asxl1,52,47
Asxl2,47,43
Atad1,11,13
Atad2,26,15
Atad2b,63,62
Atad3a,20,20
Atad3aos,0,0
Atad5,6,8
Atat1,37,43
Ate1,9,8
Atf1,16,15
Atf2,41,34
Atf3,4,7
Atf4,53,51
Atf5,16,37
Atf6,30,23
Atf6b,26,31
Atf7,88,100
Atf7ip,111,79
Atf7ip2,2,2
Atg10,3,0
Atg101,7,5
Atg12,19,12
Atg13,24,27
Atg14,10,9
Atg16l1,28,25
Atg16l2,14,15
Atg2a,34,25
Atg2b,67,59
Atg3,10,10
Atg4a,3,3
Atg4b,23,16
Atg4c,10,14
Atg4d,11,9
Atg5,6,5
Atg7,13,25
Atg9a,21,11
Atg9b,2,1
Atic,11,16
Atl1,2,5
Atl2,41,26
Atl3,75,62
Atm,34,30
Atmin,21,28
Atn1,6,10
Atoh8,1,0
Atosa,29,32
Atosb,22,24
Atox1,10,1
Atp10a,2,3
Atp10b,17,15
Atp10d,7,18
Atp11a,143,124
Atp11b,44,32
Atp11c,17,16
Atp13a1,66,47
Atp13a2,40,32
Atp13a3,115,96
Atp13a4,13,12
Atp1a1,279,261
Atp1a2,2,1
Atp1a3,0,0
Atp1b1,20,20
Atp1b2,1,0
Atp1b3,10,14
Atp1b4,0,0
Atp23,4,3
Atp2a1,1,0
Atp2a2,113,121
Atp2a3,39,33
Atp2b1,126,105
Atp2b2,2,2
Atp2b4,5,6
Atp2c1,57,53
Atp2c2,94,81
Atp5f1a,157,123
Atp5f1b,52,53
Atp5f1c,19,14
Atp5f1d,35,30
Atp5f1e,6,5
Atp5if1,7,6
Atp5l-ps2,2,2
Atp5mc1,8,13
Atp5mc2,7,4
Atp5mc3,18,16
Atp5me,5,6
Atp5mf,9,10
Atp5mg,6,5
Atp5mj,3,3
Atp5mk,3,4
Atp5pb,18,20
Atp5pd,27,12
Atp5pf,9,10
Atp5po,8,4
Atp6ap1,45,39
Atp6ap2,18,13
Atp6v0a1,39,42
Atp6v0a2,31,39
Atp6v0a4,0,0
Atp6v0b,22,20
Atp6v0c,12,7
Atp6v0c-ps2,0,2
Atp6v0d1,20,14
Atp6v0e,21,21
Atp6v0e2,2,0
Atp6v1a,37,35
Atp6v1b1,79,79
Atp6v1b2,28,32
Atp6v1c1,17,11
Atp6v1c2,37,30
Atp6v1d,10,20
Atp6v1e1,45,38
Atp6v1f,4,7
Atp6v1g1,22,33
Atp6v1g2,12,17
Atp6v1h,14,9
Atp7a,13,10
Atp7b,3,5
Atp8a1,12,21
Atp8a2,0,1
Atp8b1,35,26
Atp8b2,12,15
Atp8b5,6,6
Atp9a,40,45
Atp9b,42,34
Atpaf1,7,7
Atpaf2,8,5
Atpsckmt,7,8
Atr,10,12
Atraid,3,2
Atrip,9,7
Atrn,25,20
Atrnl1,54,49
Atrx,206,182
Atxn1,81,65
Atxn10,12,8
Atxn1l,31,32
Atxn2,51,53
Atxn2l,125,110
Atxn3,10,8
Atxn7,57,39
Atxn7l1,29,35
Atxn7l1os1,3,3
Atxn7l1os2,3,0
Atxn7l2,4,6
Atxn7l3,40,39
Atxn7l3b,26,31
Auh,11,7
Aunip,1,0
Aup1,33,30
Aurka,3,4
Aurkaip1,15,14
Aurkb,6,7
Auts2,192,174
Aven,3,5
Avil,0,1
Avl9,25,27
Avpi1,4,5
Avpr1a,1,0
Axdnd1,0,0
Axin1,33,28
Axin2,2,2
Axl,15,13
Azi2,30,28
Azin1,21,24
Azin2,1,1
B130021K23Rik,3,5
B130024G19Rik,0,0
B130034C11Rik,2,1
B130046B21Rik,2,1
B130055M24Rik,3,1
B230206H07Rik,1,3
B230206L02Rik,4,1
B230216N24Rik,1,1
B230217O12Rik,0,0
B230219D22Rik,18,11
B230303O12Rik,3,4
B230307C23Rik,2,2
B230317F23Rik,0,0
B230319C09Rik,10,11
B230322F03Rik,1,0
B230354K17Rik,16,10
B230362B09Rik,2,1
B230369F24Rik,1,5
B230377A18Rik,1,1
B230398E01Rik,4,1
B2m,28,18
B3galnt1,2,0
B3galnt2,23,21
B3galt2,7,5
B3galt4,4,2
B3galt5,17,10
B3galt6,9,6
B3gat2,1,0
B3gat3,10,8
B3glct,6,7
B3gnt2,1,0
B3gnt3,6,3
B3gnt7,3,2
B3gnt8,6,6
B3gnt9,0,0
B3gntl1,5,4
B430010I23Rik,7,4
B430105G09Rik,0,0
B430203G13Rik,5,5
B430212C06Rik,0,0
B430219N15Rik,0,0
B430319F04Rik,2,2
B430319G15Rik,0,0
B4galnt1,33,29
B4galnt2,1,2
B4galnt3,4,2
B4galnt4,1,1
B4galt1,135,114
B4galt2,1,1
B4galt3,18,15
B4galt4,2,2
B4galt5,3,0
B4galt6,52,43
B4galt7,11,6
B4gat1,1,1
B530045E10Rik,1,1
B630019K06Rik,0,0
B830012L14Rik,1,2
B930046K06Rik,3,2
B930059L03Rik,1,1
B930086L07Rik,15,27
B930094E09Rik,1,2
B930095G15Rik,44,32
B9d1,3,2
B9d2,0,3
BB187676,0,0
BC002059,2,2
BC004004,18,16
BC005537,102,101
BC005624,18,15
BC006965,129,101
BC016548,6,5
BC016579,5,2
BC021767,2,2
BC025920,0,1
BC028528,0,1
BC030343,3,1
BC031181,9,5
BC034090,8,6
BC035947,0,1
BC037704,2,3
BC046401,1,2
BC048559,2,0
BC048644,1,1
BC049987,4,1
BC051019,2,0
BC051226,0,0
BC055308,1,0
BC060293,1,0
BC065397,6,7
BE692007,1,0
Baat,1,0
Babam1,19,12
Babam2,5,1
Bace1,39,38
Bace2,2,0
Bach1,23,22
Bach2,28,17
Bach2os,1,1
Bad,2,2
Bag1,29,24
Bag2,7,3
Bag3,13,10
Bag4,7,7
Bag5,7,7
Bag6,98,93
Bahcc1,28,22
Bahd1,17,16
Baiap2,76,68
Baiap2l1,19,21
Baiap2l2,0,1
Baiap3,1,2
Bak1,16,14
Bambi,2,2
Banf1,13,13
Banp,13,17
Bap1,24,16
Bard1,3,4
Barx1,1,1
Barx2,18,14
Basp1,55,52
Batf,1,0
Batf2,0,0
Batf3,1,0
Bax,4,0
Baz1a,27,21
Baz1b,115,87
Baz2a,116,97
Baz2b,80,81
Bbc3,8,6
Bbip1,11,5
Bbln,27,26
Bbof1,1,0
Bbox1,0,1
Bbs1,3,5
Bbs12,1,1
Bbs2,4,1
Bbs4,0,5
Bbs7,1,3
Bbs9,13,12
Bbx,40,32
Bcam,14,11
Bcan,0,2
Bcap29,3,2
Bcap31,16,21
Bcar1,33,20
Bcar3,3,2
Bcas2,23,30
Bcas3,22,20
Bcas3os1,5,7
Bcas3os2,2,0
Bcat1,2,1
Bcat2,19,14
Bccip,17,12
Bcdin3d,9,3
Bche,4,3
Bckdha,4,2
Bckdhb,3,1
Bckdk,29,32
Bcl10,15,13
Bcl11a,2,6
Bcl11b,0,1
Bcl2,30,21
Bcl2l1,56,45
Bcl2l10,1,0
Bcl2l11,31,22
Bcl2l12,9,5
Bcl2l13,33,28
Bcl2l14,14,22
Bcl2l15,1,2
Bcl2l2,28,25
Bcl3,19,14
Bcl6,9,7
Bcl6b,2,3
Bcl7a,20,22
Bcl7b,7,10
Bcl7c,5,12
Bcl9,58,56
Bcl9l,137,133
Bclaf1,106,93
Bclaf3,8,11
Bco1,0,1
Bcor,29,25
Bcorl1,19,20
Bcr,38,34
Bcs1l,4,3
Bdh1,5,1
Bdh2,1,0
Bdnf,1,0
Bdp1,78,53
Becn1,28,24
Begain,0,0
Bend3,8,6
Bend4,1,0
Bend5,2,2
Bend6,5,4
Bend7,4,5
Best2,0,1
Bet1,7,6
Bet1l,10,3
Bex1,0,0
Bex3,9,9
Bex4,1,1
Bfar,21,14
Bfsp1,1,0
Bglap3,12,11
Bgn,20,25
Bhlha15,58,56
Bhlhb9,5,6
Bhlhe22,0,0
Bhlhe40,29,33
Bhlhe41,41,27
Bicc1,2,2
Bicd1,6,4
Bicd2,26,29
Bicdl1,20,17
Bicdl2,18,32
Bicra,36,31
Bicral,31,19
Bid,18,15
Bik,2,6
Bin1,38,26
Bin2,2,1
Bin3,8,12
Birc2,13,20
Birc3,12,8
Birc5,4,13
Birc6,194,183
Bivm,9,8
Blcap,21,15
Blm,5,4
Blmh,13,16
Blnk,20,27
Bloc1s1,0,0
Bloc1s2,2,4
Bloc1s3,1,2
Bloc1s4,5,2
Bloc1s5,3,5
Bloc1s6,7,8
Bloc1s6os,0,1
Bltp1,142,112
Bltp2,223,213
Bltp3a,31,27
Bltp3b,29,35
Blvra,3,6
Blvrb,4,2
Blzf1,7,4
Bmal1,3,6
Bmal2,15,11
Bmf,72,57
Bmi1,4,5
Bmp1,36,26
Bmp10,0,0
Bmp2,2,0
Bmp2k,15,18
Bmp6,1,0
Bmp7,0,0
Bmp8a,0,0
Bmpr1a,37,32
Bmpr2,54,43
Bms1,48,35
Bmt2,6,4
Bmyc,1,3
Bnc1,1,0
Bnip1,0,3
Bnip2,14,15
Bnip3,0,1
Bnip3l,10,15
Bnipl,10,9
Boc,71,56
Bod1,13,14
Bod1-ps,1,2
Bod1l,59,45
Bok,0,1
Bola1,4,1
Bola2,6,7
Bola3,1,2
Boll,1,1
Bop1,18,15
Bora,9,7
Borcs5,6,3
Borcs6,3,2
Borcs7,2,5
Borcs8,8,9
Bpgm,14,14
Bphl,3,5
Bpifb5,0,0
Bpifb6,0,0
Bpifc,0,0
Bpnt1,5,6
Bpnt2,27,33
Bptf,115,90
Braf,25,31
Brap,123,106
Brat1,11,10
Brca1,10,10
Brca2,70,51
Brcc3,8,9
Brd1,63,64
Brd10,12,12
Brd2,139,147
Brd3,73,71
Brd3os,0,1
Brd4,134,106
Brd7,32,31
Brd8,53,41
Brd8dc,2,0
Brd9,17,28
Brdt,2,4
Brf1,39,47
Brf2,6,6
Bri3,8,5
Bri3bp,14,17
Brinp1,2,1
Brip1,2,6
Brip1os,25,20
Brix1,10,7
Brk1,21,22
Brme1,1,0
Brms1,3,1
Brms1l,14,7
Brox,15,11
Brpf1,25,21
Brpf3,26,20
Brs3,1,1
Brsk1,5,3
Brsk2,3,5
Brwd1,99,118
Brwd3,29,27
Bscl2,15,16
Bsdc1,37,34
Bsg,71,63
Bsn,0,0
Bspry,40,45
Bst1,0,0
Bst2,9,7
Btaf1,44,44
Btbd1,21,20
Btbd10,5,5
Btbd17,1,1
Btbd19,0,1
Btbd2,17,13
Btbd3,9,7
Btbd6,9,7
Btbd7,49,41
Btbd8,0,3
Btbd9,25,32
Btc,2,1
Btd,12,5
Btf3,15,14
Btf3-ps12,0,1
Btf3-ps2,0,1
Btf3l4,5,8
Btf3l4b,1,0
Btg1,51,47
Btg2,30,20
Btg3,6,4
Btk,1,0
Btla,1,4
Btn1a1,122,128
Btn2a2,1,0
Btnl9,4,4
Btrc,4,5
Bub1,7,7
Bub1b,24,21
Bub3,13,11
Bud13,6,17
Bud23,3,4
Bud31,5,9
Bvht,3,5
Bysl,5,5
Bzw1,23,21
Bzw2,37,30
C030005K06Rik,2,0
C030010C08Rik,1,0
C030013C21Rik,5,4
C030013E06Rik,3,1
C030015A19Rik,4,4
C030017G13Rik,2,3
C030032O16Rik,0,0
C030034I22Rik,1,0
C030034L19Rik,2,1
C030037D09Rik,2,3
C130012C08Rik,7,5
C130021I20Rik,4,3
C130023A14Rik,1,2
C130036L24Rik,2,0
C130046K22Rik,0,1
C130050O18Rik,0,0
C130051F05Rik,2,2
C130074G19Rik,13,14
C130075A20Rik,5,6
C130083A15Rik,5,8
C130083M11Rik,0,2
C130089K02Rik,21,20
C1d,5,3
C1galt1,31,23
C1galt1c1,1,1
C1qa,12,11
C1qb,10,8
C1qbp,12,15
C1qc,6,12
C1qtnf1,6,8
C1qtnf12,6,3
C1qtnf3,0,0
C1qtnf4,0,1
C1qtnf6,2,2
C1qtnf7,0,1
C1s2,0,0
C2,1,1
C230013L11Rik,2,3
C230029F24Rik,0,0
C230035I16Rik,1,2
C230037L18Rik,1,0
C230053D17Rik,3,3
C230057M02Rik,0,0
C230071H17Rik,9,6
C230085N15Rik,1,1
C230096K16Rik,1,6
C2cd2,13,13
C2cd2l,11,16
C2cd3,26,22
C2cd4a,1,0
C2cd4b,0,0
C2cd4d,13,9
C2cd5,49,55
C3,5,9
C330002G04Rik,1,0
C330011M18Rik,1,2
C330018D20Rik,1,2
C330020E22Rik,1,0
C3ar1,2,2
C430014B12Rik,0,1
C430039J01Rik,1,0
C430042M11Rik,1,1
C4a,1,3
C4b,12,15
C530005A16Rik,2,2
C530025M09Rik,172,173
C530043A13Rik,35,26
C530043K16Rik,0,1
C5ar1,2,1
C5ar2,11,4
C630004M23Rik,0,1
C630043F03Rik,2,1
C730034F03Rik,1,0
C730045M19Rik,1,1
C78197,2,1
C78859,1,0
C87436,3,3
C8g,1,1
C920021L13Rik,4,3
C9orf72,8,7
Caap1,4,4
Cab39,39,38
Cab39l,29,17
Cabcoco1,0,1
Cabin1,65,69
Cables1,12,10
Cables2,20,11
Cabp1,3,1
Cabyr,6,11
Cacfd1,25,33
Cachd1,4,6
Cacna1a,5,7
Cacna1b,1,1
Cacna1c,9,10
Cacna1d,9,4
Cacna1f,0,0
Cacna1g,2,6
Cacna1h,0,0
Cacna1i,1,0
Cacna2d1,0,3
Cacna2d2,3,1
Cacna2d3,0,0
Cacna2d4,0,0
Cacnb1,6,8
Cacnb2,1,0
Cacnb3,31,32
Cacnb4,2,0
Cacng5,0,0
Cactin,14,10
Cacul1,12,18
Cacybp,9,12
Cad,30,27
Cadm1,7,14
Cadm3,1,1
Cadm4,4,2
Cadps,0,0
Cadps2,26,22
Cage1,1,2
Calcoco1,37,33
Cald1,149,133
Calhm2,2,1
Calm1,67,82
Calm2,57,51
Calm3,60,47
Calm4,0,0
Calml3,3,1
Calr,380,357
Calr4,0,0
Calu,66,50
Camk1,31,28
Camk1d,3,0
Camk1g,0,0
Camk2d,12,17
Camk2g,17,20
Camk2n1,4,4
Camk2n2,2,1
Camkk1,2,3
Camkk2,50,42
Camkmt,4,1
Caml,12,7
Camsap1,22,22
Camsap2,49,39
Camsap3,55,43
Camta1,8,6
Camta2,28,31
Cand1,31,21
Cand2,16,16
Cant1,26,29
Canx,123,107
Cap1,50,42
Capg,34,30
Capn1,18,16
Capn10,5,6
Capn11,0,0
Capn12,5,5
Capn15,33,30
Capn2,15,10
Capn5,46,44
Capn7,22,18
Capns1,51,46
Capns2,3,2
Caprin1,64,54
Caprin2,5,4
Capsl,0,0
Capza1,5,3
Capza2,25,17
Capzb,45,41
Car11,0,1
Car12,43,44
Car13,1,3
Car14,1,1
Car15,2,1
Car2,12,10
Car5b,13,9
Car6,32,29
Car8,10,5
Car9,3,3
Card10,11,10
Card11,2,0
Card14,1,3
Card19,6,5
Card6,15,11
Card9,8,1
Carf,14,12
Carhsp1,28,21
Carm1,12,15
Carmil1,65,49
Carmil2,1,2
Carmil3,1,1
Carmn,17,14
Carnmt1,0,2
Carns1,3,2
Cars1,22,21
Cars2,19,14
Casc3,51,42
Casd1,19,20
Cask,24,30
Caskin1,7,6
Caskin2,32,23
Casp1,4,1
Casp12,12,12
Casp14,0,0
Casp16,1,1
Casp2,19,19
Casp3,16,19
Casp4,4,2
Casp6,7,5
Casp7,7,4
Casp8,6,9
Casp8ap2,12,14
Casp9,10,13
Cast,52,40
Castor2,2,2
Casz1,60,44
Cat,29,27
Catsper2,2,2
Catspere1,1,0
Catspere2,4,1
Catsperg1,1,0
Catsperg2,0,1
Cav1,1,2
Cav2,7,5
Cavin1,24,23
Cavin2,3,6
Cavin3,0,1
Cavin4,0,1
Cbarp,20,21
Cbfa2t2,13,17
Cbfa2t3,1,2
Cbfb,17,19
Cbl,50,53
Cblb,21,23
Cblc,20,13
Cbll1,0,2
Cbr1,3,3
Cbr2,0,6
Cbr4,4,4
Cbs,0,0
Cbx1,54,51
Cbx2,6,5
Cbx3,13,12
Cbx4,19,23
Cbx5,69,64
Cbx6,26,29
Cbx7,5,2
Cbx8,8,5
Cby1,1,3
Cc2d1a,25,22
Cc2d1b,32,33
Cc2d2a,10,7
Ccar1,74,60
Ccar2,37,50
Ccbe1,0,0
Ccdc102a,2,2
Ccdc107,2,4
Ccdc112,5,4
Ccdc115,7,13
Ccdc117,15,17
Ccdc12,8,10
Ccdc120,13,19
Ccdc121rt3,2,1
Ccdc122,1,0
Ccdc124,11,6
Ccdc125,9,11
Ccdc126,0,0
Ccdc127,9,10
Ccdc13,0,1
Ccdc134,11,9
Ccdc136,0,0
Ccdc137,9,10
Ccdc138,2,2
Ccdc14,3,5
Ccdc141,14,11
Ccdc142,5,8
Ccdc142os,4,1
Ccdc149,11,8
Ccdc15,8,4
Ccdc157,4,4
Ccdc158,1,1
Ccdc159,1,2
Ccdc160,2,2
Ccdc162,1,1
Ccdc163,6,7
Ccdc166,1,1
Ccdc167,11,8
Ccdc168,3,4
Ccdc169,0,1
Ccdc17,7,5
Ccdc171,3,0
Ccdc174,13,7
Ccdc18,1,1
Ccdc181,5,2
Ccdc183,1,1
Ccdc186,26,26
Ccdc187,1,2
Ccdc188,1,0
Ccdc191,17,5
Ccdc196,0,0
Ccdc24,0,1
Ccdc25,11,15
Ccdc27,0,0
Ccdc28a,6,3
Ccdc28b,5,3
Ccdc32,0,0
Ccdc34,8,11
Ccdc34os,2,0
Ccdc38,0,0
Ccdc39,0,1
Ccdc43,15,13
Ccdc47,31,27
Ccdc50,44,31
Ccdc51,0,1
Ccdc57,2,1
Ccdc59,10,6
Ccdc6,90,101
Ccdc61,14,4
Ccdc62,3,2
Ccdc66,8,5
Ccdc68,2,1
Ccdc71,17,12
Ccdc71l,2,5
Ccdc73,1,1
Ccdc74a,2,1
Ccdc77,15,9
Ccdc78,2,1
Ccdc8,1,2
Ccdc80,7,6
Ccdc82,18,21
Ccdc85a,1,1
Ccdc85b,8,10
Ccdc85c,27,15
Ccdc86,6,6
Ccdc87,1,0
Ccdc88a,35,34
Ccdc88b,6,6
Ccdc88c,52,42
Ccdc9,34,33
Ccdc90b,3,2
Ccdc91,5,6
Ccdc92,1,0
Ccdc93,31,17
Ccdc96,0,1
Ccdc97,41,34
Ccdc9b,1,1
Cchcr1,21,10
Cckbr,0,1
Ccl11,0,0
Ccl2,0,0
Ccl20,0,0
Ccl25,19,14
Ccl27a,1,2
Ccl28,6,6
Ccl3,0,0
Ccl6,0,2
Ccl9,3,3
Ccm2,16,11
Ccm2l,1,2
Ccn1,15,12
Ccn2,7,8
Ccn3,0,0
Ccn5,3,4
Ccna1,0,1
Ccna2,14,10
Ccnb1,6,5
Ccnb1ip1,0,1
Ccnb2,1,5
Ccnc,4,6
Ccnd1,50,40
Ccnd2,4,5
Ccnd3,50,43
Ccndbp1,9,7
Ccne1,0,0
Ccne2,20,18
Ccnf,8,15
Ccng1,19,25
Ccng2,22,20
Ccnh,9,7
Ccni,61,60
Ccnj,2,4
Ccnjl,8,3
Ccnk,24,17
Ccnl1,54,43
Ccnl2,161,137
Ccnq,1,0
Ccnt1,39,28
Ccnt2,76,56
Ccny,25,27
Ccnyl1,1,1
Ccp110,7,9
Ccpg1,0,4
Ccr1,2,1
Ccr10,1,1
Ccr5,2,5
Ccr7,1,0
Ccr9,1,2
Ccrl2,5,6
Ccs,9,7
Ccsap,5,7
Ccser1,3,0
Ccser2,36,24
Cct2,26,32
Cct3,31,32
Cct4,24,18
Cct5,49,37
Cct6a,44,35
Cct7,40,42
Cct8,13,18
Cct8l1,0,0
Ccz1,15,8
Cd109,0,1
Cd14,27,19
Cd151,26,22
Cd163,4,4
Cd164,60,52
Cd164l2,1,0
Cd177,4,3
Cd180,0,2
Cd1d1,3,2
Cd1d2,0,1
Cd200,7,6
Cd209d,1,0
Cd209g,0,1
Cd244a,1,1
Cd247,1,1
Cd248,5,2
Cd24a,77,90
Cd27,9,5
Cd274,1,0
Cd276,18,13
Cd2ap,66,60
Cd2bp2,16,11
Cd300a,2,0
Cd300c2,0,1
Cd300ld,0,1
Cd300lf,3,3
Cd300lg,1,0
Cd302,1,2
Cd320,7,5
Cd33,2,2
Cd34,7,7
Cd36,4,5
Cd37,1,3
Cd38,5,4
Cd44,52,46
Cd46,3,1
Cd47,16,14
Cd5,1,1
Cd52,1,0
Cd53,1,0
Cd55,32,21
Cd55b,0,1
Cd55os,7,4
Cd59a,13,8
Cd59b,1,0
Cd63,5,9
Cd68,4,0
Cd72,1,1
Cd74,10,11
Cd80,0,1
Cd81,134,123
Cd82,31,39
Cd83,0,0
Cd84,1,0
Cd86,0,0
Cd8a,0,1
Cd9,59,56
Cd93,11,10
Cd99l2,50,27
Cda,3,1
Cdadc1,22,19
Cdan1,12,8
Cdc123,25,19
Cdc14a,16,23
Cdc14b,7,9
Cdc16,14,13
Cdc20,20,20
Cdc23,12,15
Cdc25a,31,21
Cdc25b,10,7
Cdc25c,2,6
Cdc26,16,8
Cdc27,25,18
Cdc34,7,4
Cdc37,52,38
Cdc37l1,37,53
Cdc40,17,12
Cdc42,64,63
Cdc42bpa,57,48
Cdc42bpb,81,70
Cdc42bpg,102,90
Cdc42ep1,26,21
Cdc42ep2,2,1
Cdc42ep3,6,10
Cdc42ep4,21,14
Cdc42ep5,0,1
Cdc42se1,102,89
Cdc42se2,11,8
Cdc45,1,3
Cdc5l,16,14
Cdc6,5,3
Cdc7,11,9
Cdc73,42,29
Cdca2,15,11
Cdca3,5,3
Cdca4,17,13
Cdca5,2,1
Cdca7,9,5
Cdca7l,16,12
Cdca8,9,8
Cdcp1,47,52
Cdh1,194,177
Cdh11,0,1
Cdh12,0,1
Cdh13,2,3
Cdh19,30,29
Cdh2,0,0
Cdh23,2,2
Cdh24,6,1
Cdh3,3,5
Cdh5,9,12
Cdhr1,28,22
Cdhr2,3,3
Cdin1,1,2
Cdip1,38,46
Cdipt,18,11
Cdk1,11,15
Cdk10,22,13
Cdk11b,50,46
Cdk12,75,80
Cdk13,67,54
Cdk14,5,5
Cdk16,68,54
Cdk17,29,31
Cdk18,11,14
Cdk19,24,17
Cdk2,21,15
Cdk20,2,0
Cdk2ap1,6,9
Cdk2ap1rt,0,0
Cdk2ap2,9,5
Cdk4,42,40
Cdk5,15,9
Cdk5r1,3,4
Cdk5r2,0,0
Cdk5rap1,3,8
Cdk5rap2,29,29
Cdk5rap3,23,23
Cdk6,18,18
Cdk6os1,0,0
Cdk7,5,10
Cdk8,41,32
Cdk9,13,28
Cdkal1,15,16
Cdkl2,5,4
Cdkl5,28,29
Cdkn1a,5,7
Cdkn1b,25,35
Cdkn1c,1,2
Cdkn2a,0,0
Cdkn2aip,9,9
Cdkn2aipnl,6,5
Cdkn2b,1,1
Cdkn2c,9,4
Cdkn2d,7,4
Cdkn3,2,0
Cdo1,5,1
Cdon,14,21
Cdpf1,3,3
Cdr2,5,5
Cdr2l,6,4
Cdrt4,1,0
Cds1,8,11
Cds2,16,21
Cdsn,0,2
Cdt1,8,10
Cdv3,30,37
Cdyl,17,10
Cdyl2,1,5
Ceacam1,44,45
Ceacam10,0,0
Ceacam19,0,0
Ceacam20,6,5
Cebpa,24,8
Cebpb,58,59
Cebpd,4,7
Cebpg,30,23
Cebpz,22,17
Cebpzos,3,0
Cecr2,14,17
Cel,1,1
Cela1,0,0
Celf1,76,76
Celf2,22,22
Celf3,3,1
Celf4,4,3
Celf5,2,3
Celf6,1,1
Celsr1,3,4
Celsr2,352,306
Celsr3,0,0
Cemip,0,0
Cemip2,51,42
Cenatac,14,20
Cend1,1,1
Cenpa,27,18
Cenpb,105,87
Cenpc1,15,10
Cenpe,22,27
Cenpf,38,28
Cenph,2,1
Cenpi,1,2
Cenpj,5,9
Cenpk,1,1
Cenpl,8,7
Cenpm,9,4
Cenpn,1,2
Cenpo,9,4
Cenpp,2,1
Cenpq,0,0
Cenps,2,1
Cenpt,21,15
Cenpu,1,3
Cenpv,2,2
Cenpw,0,0
Cenpx,6,3
Cep104,24,19
Cep112,3,6
Cep112it,0,1
Cep120,22,20
Cep126,1,4
Cep128,20,20
Cep131,22,19
Cep135,16,12
Cep15,10,7
Cep152,7,10
Cep162,34,33
Cep164,62,47
Cep170,11,12
Cep170b,146,123
Cep19,3,1
Cep192,35,21
Cep20,10,5
Cep250,21,22
Cep290,22,16
Cep295,21,21
Cep295nl,0,2
Cep350,85,80
Cep41,0,1
Cep43,6,7
Cep44,9,9
Cep55,4,0
Cep57,12,16
Cep57l1,4,3
Cep63,12,13
Cep68,18,15
Cep70,10,8
Cep72,5,0
Cep76,1,4
Cep78,9,6
Cep83,13,11
Cep83os,2,1
Cep85,20,20
Cep85l,6,5
Cep89,10,17
Cep95,16,19
Cep97,5,8
Cept1,8,6
Cercam,3,7
Cerk,6,4
Cerox1,6,3
Cers2,27,32
Cers3,1,1
Cers4,3,2
Cers5,15,10
Cers6,3,2
Cert1,24,23
Ces1d,1,1
Cetn2,4,3
Cetn3,7,6
Cfap119,4,6
Cfap126,1,1
Cfap157,0,0
Cfap161,0,1
Cfap20,14,10
Cfap20dc,1,0
Cfap210,4,5
Cfap221,1,0
Cfap251,2,2
Cfap298,1,2
Cfap300,0,0
Cfap36,13,6
Cfap410,26,31
Cfap418,4,4
Cfap43,2,1
Cfap44,1,2
Cfap45,0,1
Cfap47,2,1
Cfap52,0,2
Cfap53,0,1
Cfap54,5,3
Cfap68,4,3
Cfap70,1,0
Cfap73,0,0
Cfap96,0,0
Cfap97,13,12
Cfd,1,2
Cfdp1,14,10
Cfh,4,2
Cfl1,96,91
Cfl2,6,8
Cflar,82,64
Cfp,4,3
Cftr,0,1
Cgas,2,2
Cggbp1,28,13
Cgn,64,51
Cgnl1,230,208
Cgref1,1,1
Cgrrf1,7,6
Chac1,1,0
Chac2,1,0
Chadl,3,2
Chaf1a,18,19
Chaf1b,4,6
Champ1,6,4
Chaserr,50,65
Chchd1,0,0
Chchd10,8,5
Chchd2,10,6
Chchd3,8,18
Chchd4,6,4
Chchd5,2,5
Chchd6,3,1
Chchd7,4,2
Chd1,47,36
Chd1l,4,2
Chd2,111,83
Chd3,133,122
Chd4,265,252
Chd5,1,0
Chd6,78,77
Chd7,82,76
Chd8,84,74
Chd9,68,61
Chdh,42,34
Chek1,7,3
Chek2,6,7
Cherp,35,29
Chfr,17,15
Chi3l1,112,108
Chic1,8,6
Chic2,26,22
Chid1,22,19
Chil6,1,1
Chit1,24,26
Chka,181,167
Chkb,1,0
Chl1,25,19
Chm,8,6
Chml,8,3
Chmp1a,26,15
Chmp1b,4,7
Chmp1b2,5,9
Chmp2a,27,27
Chmp2b,8,10
Chmp3,26,23
Chmp4b,37,41
Chmp4c,38,39
Chmp5,9,9
Chmp6,6,7
Chmp7,19,27
Chn1,1,1
Chn2,61,45
Chordc1,23,15
Chp1,26,21
Chp2,1,0
Chpf,17,11
Chpf2,25,20
Chpt1,36,31
Chrac1,1,3
Chrd,0,1
Chrdl2,0,0
Chrm3,56,54
Chrna1os,0,0
Chrna4,0,0
Chrna9,1,1
Chrnb1,9,10
Chrnb2,5,5
Chst1,1,2
Chst10,5,2
Chst11,2,2
Chst12,4,6
Chst14,3,1
Chst15,4,3
Chst2,19,19
Chst7,1,0
Chsy1,22,25
Chtf18,6,5
Chtf8,2,1
Chtop,31,32
Chuk,19,16
Churc1,2,6
Ciao1,7,11
Ciao2a,12,11
Ciao2b,7,4
Ciao3,14,15
Ciapin1,14,15
Ciart,3,3
Cib1,9,10
Cib2,4,2
Cibar1,1,0
Cic,171,153
Cidea,0,1
Cideb,0,0
Ciita,9,10
Cilk1,21,19
Cilp,6,11
Cilp2,1,0
Cimap1b,0,0
Cimip3,0,1
Cinp,17,12
Cip2a,5,3
Cipc,17,15
Cir1,3,3
Cirbil,0,0
Cirbp,7,13
Cisd1,0,1
Cisd2,16,13
Cish,12,11
Cit,32,27
Cited2,70,65
Cited4,82,72
Ciz1,52,37
Ckap2,4,0
Ckap2l,11,8
Ckap4,9,8
Ckap5,23,24
Ckb,1,1
Cklf,5,9
Ckmt1,10,14
Cks1b,7,5
Cks2,1,1
Clasp1,61,53
Clasp2,68,56
Clasrp,44,31
Clba1,1,2
Clca2,12,15
Clca3a1,17,20
Clca3a2,195,182
Clcc1,15,11
Clcf1,1,1
Clcn1,0,1
Clcn2,12,5
Clcn3,75,66
Clcn4,26,12
Clcn5,26,24
Clcn6,6,14
Clcn7,22,17
Cldn1,35,38
Cldn10,0,1
Cldn12,5,5
Cldn15,0,0
Cldn2,6,10
Cldn20,1,0
Cldn23,6,5
Cldn24,1,1
Cldn3,43,40
Cldn34c1,2,1
Cldn4,21,20
Cldn6,1,1
Cldn7,53,45
Cldn8,11,7
Cldn9,1,1
Cldnd1,11,10
Clec10a,1,1
Clec11a,1,0
Clec12a,1,0
Clec14a,2,3
Clec16a,35,39
Clec2d,33,44
Clec2g,1,1
Clec3b,0,0
Clec5a,0,1
Clec7a,1,0
Clec9a,1,0
Clic1,26,22
Clic3,1,2
Clic4,36,33
Clic5,1,0
Clic6,100,105
Clint1,75,79
Clip1,79,60
Clip2,50,40
Clip3,1,0
Clip4,0,0
Clk1,82,96
Clk2,52,40
Clk3,52,46
Clk4,45,40
Clmn,159,139
Clmp,0,0
Cln3,28,22
Cln5,7,6
Cln6,36,31
Cln8,10,6
Clnk,1,0
Clns1a,2,3
Clock,27,28
Clp1,3,7
Clpb,22,11
Clpp,9,7
Clptm1,37,40
Clptm1l,26,26
Clpx,28,24
Clrn1,1,1
Clspn,6,4
Clstn1,168,142
Clta,29,28
Cltb,24,22
Cltc,110,113
Clu,85,62
Cluap1,4,3
Cluh,64,40
Clvs1,0,0
Clxn,1,0
Clybl,3,3
Cmah,1,2
Cmas,76,67
Cmc1,3,3
Cmc2,4,4
Cmip,17,20
Cmklr1,4,3
Cmpk1,18,16
Cmpk2,10,7
Cmss1,3,3
Cmtm3,8,6
Cmtm4,45,47
Cmtm6,43,39
Cmtm7,5,7
Cmtm8,12,7
Cmtr1,1,2
Cmtr2,2,0
Cmya5,8,7
Cnbd2,7,2
Cnbp,44,39
Cndp2,10,11
Cnep1r1,6,3
Cnfn,0,0
Cngb1,1,2
Cnih1,5,7
Cnih2,4,1
Cnih4,9,9
Cnksr1,14,8
Cnksr3,9,8
Cnn1,0,2
Cnn2,3,6
Cnn3,12,17
Cnnm1,0,0
Cnnm2,11,18
Cnnm3,23,14
Cnnm4,11,9
Cnot1,111,103
Cnot10,18,18
Cnot11,7,8
Cnot2,22,19
Cnot3,62,54
Cnot4,10,17
Cnot6,56,48
Cnot6l,17,25
Cnot7,20,20
Cnot8,14,18
Cnot9,15,10
Cnp,14,14
Cnppd1,27,30
Cnpy2,18,17
Cnpy3,18,22
Cnpy4,5,3
Cnr1,0,1
Cnr2,0,1
Cnrip1,0,0
Cnst,14,23
Cntd1,1,0
Cntfr,18,13
Cntln,2,2
Cntn2,1,1
Cntnap1,2,2
Cntnap4,0,1
Cntrl,36,46
Cntrob,14,9
Coa3,2,2
Coa4,0,0
Coa5,18,10
Coa6,4,1
Coa7,3,4
Coa8,7,3
Coasy,13,12
Cobl,43,31
Cobll1,38,27
Coch,0,0
Cog1,15,12
Cog2,16,12
Cog3,27,21
Cog4,17,14
Cog5,17,17
Cog6,21,17
Cog7,14,19
Cog8,12,17
Coil,2,3
Col10a1,5,2
Col11a1,88,96
Col11a2,6,3
Col12a1,24,22
Col13a1,1,1
Col14a1,9,10
Col15a1,19,30
Col16a1,143,136
Col17a1,6,6
Col18a1,12,11
Col19a1,1,1
Col1a1,222,191
Col1a2,133,127
Col20a1,7,7
Col22a1,0,1
Col23a1,1,1
Col25a1,10,9
Col26a1,1,2
Col27a1,20,30
Col2a1,9,11
Col3a1,201,216
Col4a1,143,128
Col4a2,87,78
Col4a4,6,3
Col4a5,115,89
Col4a6,108,91
Col5a1,24,30
Col5a2,41,30
Col5a3,15,17
Col6a1,47,34
Col6a2,42,43
Col6a3,150,101
Col6a4,0,1
Col6a6,0,1
Col7a1,74,64
Col8a1,5,11
Col8a2,1,3
Col9a1,149,155
Col9a2,24,28
Col9a3,46,42
Colec12,2,4
Colgalt1,43,36
Colgalt2,3,1
Commd1,10,9
Commd10,5,6
Commd2,4,2
Commd3,5,6
Commd4,7,6
Commd5,0,0
Commd6,7,5
Commd7,15,15
Commd8,5,3
Commd9,9,8
Comt,10,7
Comtd1,0,0
Cop1,31,36
Copa,78,93
Copb1,38,34
Copb2,35,29
Cope,41,37
Copg1,47,42
Copg2,10,11
Coprs,1,0
Cops2,20,17
Cops3,12,7
Cops4,18,17
Cops5,15,13
Cops6,6,7
Cops7a,24,26
Cops7b,6,7
Cops8,11,11
Cops9,3,5
Copz1,50,45
Copz2,14,17
Coq10a,4,8
Coq10b,3,4
Coq2,12,8
Coq3,1,0
Coq4,0,0
Coq5,15,4
Coq6,5,5
Coq7,2,3
Coq8a,6,3
Coq8b,10,13
Coq9,21,13
Corin,2,1
Coro1a,4,3
Coro1b,21,16
Coro1c,23,22
Coro2a,10,7
Coro2b,0,2
Coro6,1,1
Coro7,24,18
Cotl1,54,51
Cox10,8,5
Cox11,2,1
Cox14,10,12
Cox15,11,12
Cox16,3,2
Cox17,7,6
Cox18,3,1
Cox19,5,4
Cox20,0,0
Cox4i1,32,36
Cox5a,4,4
Cox5b,22,21
Cox5b-ps,0,0
Cox6a1,32,16
Cox6b1,16,11
Cox6c,16,13
Cox7a1,1,0
Cox7a2,11,5
Cox7a2l,18,15
Cox7b,7,5
Cox7c,8,2
Cox8a,11,19
Cp,191,194
Cpa4,0,0
Cpd,200,192
Cpe,9,5
Cpeb1,1,1
Cpeb2,15,9
Cpeb3,11,12
Cpeb4,33,42
Cped1,6,2
Cplane1,27,32
Cplane2,1,1
Cplx2,16,13
Cplx3,1,0
Cpm,3,2
Cpne1,1,0
Cpne2,0,0
Cpne3,33,25
Cpne5,0,1
Cpne7,2,4
Cpne8,4,4
Cpne9,2,2
Cpox,18,14
Cpped1,22,22
Cpq,4,2
Cpsf1,48,43
Cpsf2,13,15
Cpsf3,26,18
Cpsf4,17,11
Cpsf4l,5,3
Cpsf6,54,40
Cpsf7,38,48
Cpt1a,6,12
Cpt1c,1,2
Cpt2,5,5
Cptp,11,12
Cpxm1,0,1
Cpxm2,4,1
Cr1l,18,26
Crabp2,27,18
Cracdl,18,25
Cracr2b,42,42
Cradd,9,5
Cramp1,57,32
Crat,19,18
Crb2,0,0
Crb3,7,3
Crbn,10,9
Crcp,1,5
Crct1,0,0
Creb1,35,31
Creb3,12,12
Creb3l1,54,40
Creb3l2,68,55
Creb3l3,0,0
Creb3l4,0,1
Creb5,20,18
Crebbp,142,131
Crebl2,8,5
Crebrf,19,17
Crebzf,74,54
Creg1,6,5
Creld1,5,6
Creld2,27,19
Crem,9,12
Crim1,7,4
Crip1,13,8
Crip2,70,65
Crip3,1,1
Cript,2,2
Crispld1,1,1
Crispld2,104,105
Crk,38,33
Crkl,14,11
Crlf1,0,2
Crlf2,5,6
Crlf3,8,6
Crls1,10,5
Crnde,42,30
Crnkl1,9,9
Crocc,3,3
Crot,3,2
Crppa,4,1
Crtap,7,4
Crtc1,11,14
Crtc2,22,23
Crtc3,25,18
Crx,0,0
Cry1,13,14
Cry2,35,24
Cryab,2,3
Cryba1,1,1
Cryba4,0,0
Crybb1,0,0
Crybg1,112,101
Crybg2,4,6
Crybg3,26,27
Crygn,0,0
Cryl1,2,0
Crym,0,0
Cryz,1,4
Cryzl1,11,9
Cryzl2,1,1
Cs,43,33
Csad,60,44
Csdc2,3,7
Csde1,89,74
Cse1l,15,13
Csf1,29,30
Csf1r,9,8
Csf2ra,14,16
Csf2rb,6,3
Csf2rb2,4,2
Csf3,0,0
Csf3r,1,1
Csgalnact1,4,4
Csgalnact2,3,6
Csk,26,21
Csmd2,1,1
Csn1s1,185,169
Csn1s2a,62,74
Csn2,240,240
Csn3,1530,1430
Csnk1a1,197,154
Csnk1d,72,55
Csnk1e,31,49
Csnk1g1,56,43
Csnk1g2,57,56
Csnk1g3,12,13
Csnk2a1,27,27
Csnk2a1-ps2,0,0
Csnk2a2,26,34
Csnk2b,12,7
Cspg4,5,4
Cspg4b,0,0
Cspg5,6,7
Cspp1,45,35
Csrnp1,12,11
Csrnp2,7,6
Csrp1,69,57
Csrp2,1,3
Cst3,8,8
Cst5,3,4
Cst6,0,0
Cst7,0,0
Csta1,0,0
Cstad,1,0
Cstb,5,3
Cstf1,12,9
Cstf2,10,11
Cstf2t,14,12
Cstf3,16,10
Cstpp1,6,4
Ct47,0,1
Ctbp1,66,53
Ctbp2,39,48
Ctbs,4,2
Ctc1,27,19
Ctcf,31,29
Ctdnep1,18,24
Ctdp1,11,8
Ctdsp1,44,29
Ctdsp2,91,84
Ctdsp2-ps,2,5
Ctdspl,30,20
Ctdspl2,17,14
Ctf1,4,2
Ctif,20,19
Ctla2a,3,1
Ctnna1,102,85
Ctnnal1,2,6
Ctnnb1,97,82
Ctnnbip1,16,16
Ctnnbl1,12,9
Ctnnd1,73,66
Ctnnd2,2,1
Ctns,26,27
Ctps1,8,9
Ctps2,14,15
Ctr9,35,36
Ctsa,31,38
Ctsb,118,119
Ctsc,14,14
Ctsd,97,81
Ctsf,2,1
Ctsh,53,63
Ctsk,3,1
Ctsl,35,26
Ctso,8,7
Ctss,7,2
Ctsw,0,2
Ctsz,18,21
Cttn,80,94
Cttnbp2,1,0
Cttnbp2nl,20,22
Ctu1,4,4
Ctu2,5,8
Ctxn1,3,2
Cuedc1,30,30
Cuedc2,3,4
Cul1,26,26
Cul2,10,5
Cul3,45,33
Cul4a,51,38
Cul4b,16,14
Cul5,15,12
Cul7,35,38
Cul9,11,14
Cuta,14,19
Cutal,6,4
Cutc,3,2
Cux1,48,49
Cux2,1,0
Cwc15,6,5
Cwc22,22,25
Cwc25,18,14
Cwc27,7,5
Cwf19l1,7,8
Cwf19l2,24,18
Cwh43,0,0
Cx3cl1,31,29
Cx3cr1,3,3
Cxadr,28,30
Cxcl1,3,0
Cxcl12,11,11
Cxcl14,3,1
Cxcl16,7,9
Cxcl17,4,0
Cxcr4,3,6
Cxcr6,3,3
Cxxc1,52,38
Cxxc4,1,1
Cxxc5,14,16
Cyb561,56,58
Cyb561a3,11,13
Cyb561d1,8,5
Cyb561d2,8,3
Cyb5a,13,8
Cyb5b,27,26
Cyb5d1,3,2
Cyb5d2,2,2
Cyb5r1,31,32
Cyb5r2,2,0
Cyb5r3,58,57
Cyb5r4,7,6
Cyb5rl,7,5
Cyba,1,0
Cybb,2,0
Cybc1,17,16
Cybrd1,1,1
Cyc1,18,18
Cycs,3,1
Cyfip1,41,35
Cyfip2,3,1
Cygb,1,1
Cyld,33,29
Cyp1b1,3,1
Cyp20a1,7,8
Cyp21a1,0,0
Cyp24a1,0,0
Cyp26a1,0,0
Cyp26b1,2,1
Cyp26c1,0,0
Cyp27a1,2,0
Cyp27b1,1,1
Cyp2b19,1,1
Cyp2d10,4,6
Cyp2d22,3,5
Cyp2d26,1,1
Cyp2f2,4,5
Cyp2j6,2,1
Cyp2t4,3,3
Cyp39a1,2,3
Cyp46a1,2,1
Cyp4b1,1,1
Cyp4f13,10,5
Cyp4f16,5,6
Cyp4f17,12,14
Cyp4f39,0,0
Cyp4v3,1,0
Cyp51,11,7
Cyren,2,2
Cyria,0,0
Cyrib,39,35
Cys1,1,0
Cysrt1,0,0
Cystm1,10,6
Cyth1,36,36
Cyth2,21,24
Cyth3,7,10
Cyth4,3,8
Cytip,15,15
Cyyr1,1,1
Czib,6,7
D030016M11Rik,0,2
D030025P21Rik,1,2
D030028A08Rik,14,16
D030034A15Rik,0,1
D030045P18Rik,0,0
D030047H15Rik,0,1
D030056L22Rik,2,2
D130017N08Rik,0,1
D130019J16Rik,1,1
D130020L05Rik,1,0
D130052B06Rik,0,1
D130058E05Rik,1,0
D130062J10Rik,2,3
D16Ertd472e,4,1
D17H6S53E,4,6
D17H6S56E-5,10,11
D230049E03Rik,6,4
D2hgdh,1,1
D330023K18Rik,1,0
D330025C20Rik,0,0
D330041H03Rik,4,3
D330050G23Rik,1,2
D330050I16Rik,0,3
D3Ertd751e,3,1
D430018E03Rik,2,3
D430020J02Rik,5,8
D430040D24Rik,2,2
D430040L24Rik,1,1
D530017H19Rik,0,2
D530018E20Rik,4,5
D530049I02Rik,1,2
D5Ertd579e,32,22
D630003M21Rik,0,1
D630008O14Rik,4,1
D630030B08Rik,1,1
D630033A02Rik,1,1
D630033O11Rik,1,1
D630039A03Rik,22,16
D630045J12Rik,6,8
D6Wsu163e,7,7
D730002M21Rik,1,4
D730003I15Rik,2,1
D730005E14Rik,1,0
D730044K07Rik,0,0
D730045B01Rik,0,1
D7Bwg0826e,0,2
D7Ertd443e,15,11
D830024N08Rik,22,19
D830039M14Rik,1,0
D830044D21Rik,1,0
D830050J10Rik,1,0
D8Ertd738e,9,14
D930015M05Rik,6,2
D930019O06Rik,0,0
D930030I03Rik,2,1
D930032P07Rik,0,0
D930048N14Rik,13,13
Daam1,62,47
Daam2,8,3
Dab2,29,26
Dab2ip,149,131
Dach1,3,0
Dach2,0,1
Dact1,0,0
Dact2,19,15
Dact3,1,0
Dad1,5,5
Dag1,103,72
Dagla,17,9
Daglb,10,9
Dalrd3,16,22
Dand5,0,0
Dap,37,39
Dap3,20,29
Dapk1,106,95
Dapk2,4,5
Dapk3,15,20
Dapl1,0,0
Dapp1,5,5
Dars1,17,20
Dars2,6,6
Daxx,16,10
Dazap1,31,25
Dazap2,26,25
Dazl,0,0
Dbf4,10,7
Dbi,27,19
Dbn1,3,8
Dbndd1,4,4
Dbnl,36,23
Dbp,4,0
Dbr1,1,1
Dbt,4,11
Dcaf1,27,27
Dcaf10,18,16
Dcaf11,14,23
Dcaf12,27,35
Dcaf13,13,12
Dcaf15,11,11
Dcaf17,14,11
Dcaf4,34,26
Dcaf5,37,37
Dcaf6,39,29
Dcaf7,34,33
Dcaf8,91,101
Dcakd,18,22
Dcbld1,6,8
Dcbld2,10,9
Dcdc2b,0,2
Dchs1,3,4
Dchs2,4,6
Dck,8,10
Dclk1,0,0
Dclk2,1,1
Dclre1a,13,13
Dclre1b,6,8
Dclre1c,10,6
Dcn,1,2
Dcp1a,39,18
Dcp1b,3,7
Dcp2,23,16
Dcps,2,0
Dcst1,0,1
Dcst2,0,0
Dctd,3,4
Dctn1,80,67
Dctn2,51,35
Dctn3,4,5
Dctn4,44,47
Dctn5,16,15
Dctn6,6,6
Dctpp1,3,3
Dcun1d1,13,12
Dcun1d2,5,7
Dcun1d3,25,15
Dcun1d4,4,7
Dcun1d5,22,18
Dcxr,5,3
Dda1,13,16
Ddah1,4,3
Ddah2,29,27
Ddb1,114,118
Ddb2,7,3
Ddhd1,30,29
Ddhd2,59,53
Ddi1,0,2
Ddi2,127,107
Ddias,3,1
Ddit3,5,8
Ddit4,44,38
Ddit4l,0,1
Ddn,0,1
Ddo,7,6
Ddost,48,55
Ddr1,59,34
Ddr2,1,4
Ddrgk1,23,24
Ddt,2,3
Ddx1,19,18
Ddx10,17,12
Ddx11,19,16
Ddx17,367,323
Ddx18,9,6
Ddx19a,13,13
Ddx19b,14,10
Ddx20,9,5
Ddx21,40,29
Ddx23,57,58
Ddx24,30,33
Ddx27,22,15
Ddx28,2,2
Ddx31,10,7
Ddx39a,20,15
Ddx39b,101,84
Ddx3x,139,125
Ddx41,11,9
Ddx42,51,39
Ddx46,67,54
Ddx47,27,25
Ddx49,12,12
Ddx5,365,337
Ddx50,35,31
Ddx51,12,16
Ddx52,6,6
Ddx54,37,28
Ddx55,12,17
Ddx56,23,13
Ddx59,1,1
Ddx6,120,117
Ddx60,5,13
Deaf1,23,21
Decr1,5,9
Decr2,7,8
Dedd,10,5
Dedd2,134,106
Def6,1,1
Def8,31,23
Degs1,10,13
Degs2,3,3
Dek,33,34
Dele1,29,31
Dennd10,5,8
Dennd11,20,20
Dennd1a,25,28
Dennd1b,26,32
Dennd1c,14,7
Dennd2a,3,4
Dennd2b,25,30
Dennd2c,3,2
Dennd2d,33,25
Dennd3,13,7
Dennd4a,18,11
Dennd4b,12,10
Dennd4c,30,23
Dennd5a,44,50
Dennd5b,7,6
Dennd6a,25,22
Dennd6b,7,3
Denr,10,16
Depdc1a,2,3
Depdc1b,2,5
Depdc5,24,21
Depdc7,1,0
Depp1,0,2
Deptor,40,31
Dera,12,12
Derl1,18,15
Derl2,18,21
Derl3,14,10
Desi1,28,28
Desi2,25,24
Det1,4,4
Dexi,17,12
Dffa,20,15
Dffb,7,9
Dgat1,12,15
Dgat2,0,1
Dgcr2,31,41
Dgcr6,10,5
Dgcr8,22,29
Dgka,43,38
Dgkd,81,70
Dgke,3,4
Dgkg,1,0
Dgkh,4,2
Dgki,1,2
Dgkk,0,0
Dgkq,13,15
Dgkz,114,89
Dglucy,1,0
Dguok,8,14
Dhcr24,33,33
Dhcr7,20,16
Dhdds,17,7
Dhdh,3,2
Dhfr,3,1
Dhh,4,2
Dhodh,9,10
Dhps,3,3
Dhrs1,11,12
Dhrs11,1,1
Dhrs13,3,2
Dhrs3,16,9
Dhrs4,9,10
Dhrs7,6,9
Dhrs7b,7,7
Dhrs7l,0,1
Dhrs9,1,0
Dhtkd1,3,6
Dhx15,51,41
Dhx16,45,40
Dhx29,14,11
Dhx30,26,24
Dhx32,16,17
Dhx33,28,33
Dhx34,17,18
Dhx35,13,8
Dhx36,27,20
Dhx37,13,13
Dhx38,41,33
Dhx40,11,12
Dhx57,38,43
Dhx58,5,5
Dhx8,27,28
Dhx9,65,54
Diablo,4,3
Diaph1,67,98
Diaph2,24,24
Diaph3,12,14
Dicer1,83,77
Dido1,77,78
Dimt1,6,4
Dino,1,0
Dio2,3,3
Dio3,1,0
Dio3os,0,0
Dip2a,32,23
Dip2b,44,46
Dip2c,51,42
Dipk1a,4,3
Dipk1b,3,1
Dipk2a,3,4
Diras2,0,0
Dis3,12,10
Dis3l,9,9
Dis3l2,23,17
Disc1,2,3
Disp1,3,4
Dixdc1,27,27
Dkc1,7,5
Dkk2,1,2
Dkk3,5,5
Dkkl1,15,13
Dlat,10,10
Dlc1,9,10
Dld,19,13
Dlec1,1,1
Dleu2,43,56
Dlg1,52,45
Dlg3,28,22
Dlg4,3,3
Dlg5,66,77
Dlgap1,1,0
Dlgap3,14,13
Dlgap4,29,26
Dlgap5,9,6
Dlk2,0,1
Dll1,15,8
Dll4,7,4
Dlst,47,44
Dlx1,1,2
Dlx1as,5,5
Dlx2,0,0
Dlx3,0,0
Dlx4,0,0
Dlx5,0,0
Dlx6,0,0
Dmac1,2,2
Dmac2,6,13
Dmac2l,1,2
Dmap1,10,13
Dmd,15,15
Dmkn,1,2
Dmp1,0,0
Dmpk,9,6
Dmrt2,0,0
Dmrta1,0,0
Dmrta2,0,0
Dmrta2os,1,1
Dmtf1,33,30
Dmtn,0,1
Dmwd,25,19
Dmxl1,89,69
Dmxl2,13,18
Dna2,8,4
Dnaaf10,1,3
Dnaaf2,0,0
Dnaaf3,3,6
Dnaaf5,7,5
Dnaaf8,1,1
Dnaaf9,27,31
Dnah10,0,1
Dnah11,7,3
Dnah14,2,3
Dnah17,1,2
Dnah3,1,1
Dnah6,0,0
Dnai1,1,0
Dnai4,2,1
Dnai7,1,0
Dnaja1,17,12
Dnaja2,21,12
Dnaja3,12,13
Dnaja4,2,1
Dnajb1,13,3
Dnajb11,15,18
Dnajb12,16,16
Dnajb13,44,47
Dnajb14,14,12
Dnajb2,16,15
Dnajb3,1,1
Dnajb4,8,8
Dnajb5,5,9
Dnajb6,19,19
Dnajb7,0,0
Dnajb8,0,2
Dnajb9,11,11
Dnajc1,47,45
Dnajc10,23,22
Dnajc11,30,31
Dnajc12,2,1
Dnajc13,44,50
Dnajc14,35,32
Dnajc15,4,6
Dnajc16,12,12
Dnajc17,2,2
Dnajc18,11,4
Dnajc19,9,3
Dnajc2,8,9
Dnajc21,13,10
Dnajc22,3,4
Dnajc24,2,1
Dnajc25,7,7
Dnajc27,3,3
Dnajc28,2,4
Dnajc3,55,46
Dnajc30,0,1
Dnajc4,5,2
Dnajc5,48,51
Dnajc6,5,4
Dnajc7,35,37
Dnajc8,16,11
Dnajc9,6,9
Dnal1,14,16
Dnal4,7,4
Dnase1,2,2
Dnase1l1,5,4
Dnase1l2,4,2
Dnase2a,17,14
Dnd1,6,1
Dnhd1,6,4
Dnlz,9,8
Dnm1,7,4
Dnm1l,27,24
Dnm2,81,79
Dnm3,5,5
Dnm3os,2,0
Dnmbp,33,36
Dnmt1,108,93
Dnmt3a,58,51
Dnmt3aos,0,1
Dnmt3b,4,2
Dnmt3bos,0,0
Dnmt3l-ps1,1,1
Dnpep,17,17
Dnph1,2,1
Dnttip1,9,7
Dnttip2,14,11
Doc2b,2,3
Doc2g,2,1
Dock1,78,85
Dock10,5,3
Dock11,2,1
Dock2,10,8
Dock3,1,1
Dock4,39,35
Dock5,33,21
Dock6,36,32
Dock7,85,60
Dock8,88,89
Dock9,133,133
Dohh,6,4
Dok1,8,4
Dok2,1,2
Dok3,2,6
Dok4,10,4
Dok5,0,0
Dolk,5,6
Dolpp1,12,15
Donson,3,7
Dop1a,32,29
Dop1b,43,41
Dot1l,63,43
Dpagt1,15,14
Dpcd,8,4
Dpep1,2,1
Dpf1,3,1
Dpf2,40,30
Dpf3,3,1
Dph1,9,8
Dph2,5,2
Dph3,4,8
Dph5,5,7
Dph6,2,8
Dph7,7,5
Dpm1,6,9
Dpm2,14,10
Dpm3,4,2
Dpp10,1,0
Dpp3,48,37
Dpp4,3,2
Dpp7,1,1
Dpp8,34,42
Dpp9,31,24
Dppa1,1,1
Dpt,1,1
Dpy19l1,7,9
Dpy19l3,7,5
Dpy19l4,20,24
Dpy30,4,1
Dpyd,1,3
Dpysl2,33,33
Dpysl3,1,3
Dpysl5,2,1
Dqx1,9,14
Dr1,15,13
Dram1,0,0
Dram2,10,6
Drap1,19,19
Draxin,0,1
Drc3,1,0
Drd4,0,1
Drg1,15,18
Drg2,10,10
Drosha,22,22
Dsc1,0,0
Dsc2,14,8
Dsc3,0,0
Dscam,0,0
Dscaml1,0,0
Dscc1,2,2
Dse,0,0
Dsel,7,8
Dsg1a,0,0
Dsg1b,0,0
Dsg2,52,42
Dsg3,0,0
Dsg4,0,0
Dsn1,4,3
Dsp,60,61
Dst,589,525
Dstn,41,29
Dstyk,21,19
Dtd1,0,0
Dtd2,4,9
Dtl,7,6
Dtna,3,6
Dtnb,34,39
Dtnbos,3,1
Dtnbp1,10,11
Dtwd1,1,1
Dtwd2,0,1
Dtx1,10,14
Dtx2,10,7
Dtx3,36,37
Dtx3l,34,25
Dtx4,5,1
Dtymk,9,11
Dubr,3,3
Duox1,57,57
Duox2,1,1
Duoxa1,31,23
Dus1l,11,20
Dus2,0,2
Dus3l,17,20
Dus4l,1,0
Dusp1,15,19
Dusp10,1,0
Dusp11,62,46
Dusp12,1,2
Dusp14,1,0
Dusp16,43,26
Dusp18,4,3
Dusp19,2,0
Dusp2,0,0
Dusp22,11,9
Dusp23,0,0
Dusp26,0,0
Dusp28,0,1
Dusp3,19,15
Dusp4,15,14
Dusp5,20,18
Dusp6,29,20
Dusp7,167,158
Dusp8,29,27
Dusp9,2,1
Dut,9,9
Duxbl1,0,2
Dvl1,82,68
Dvl2,17,15
Dvl3,43,42
Dxo,8,10
Dym,28,21
Dync1h1,350,303
Dync1i2,38,35
Dync1li1,25,22
Dync1li2,63,45
Dync2h1,40,41
Dync2i1,14,10
Dync2i2,6,7
Dync2li1,3,1
Dynll1,9,6
Dynll2,64,62
Dynlrb1,10,7
Dynlt1a,1,0
Dynlt1f,5,3
Dynlt2b,1,2
Dynlt3,9,10
Dyrk1a,33,32
Dyrk1b,22,18
Dyrk2,41,29
Dyrk3,5,5
Dysf,13,10
Dzip1,2,2
Dzip1l,2,0
Dzip3,13,6
E030013I19Rik,5,2
E030018B13Rik,2,4
E030022I16Rik,17,8
E030032P16Rik,0,0
E030037K01Rik,1,1
E030042O20Rik,2,1
E030044B06Rik,0,0
E130102H24Rik,9,9
E130114P18Rik,0,3
E130202H07Rik,2,4
E130215H24Rik,5,3
E130307A14Rik,13,14
E130308A19Rik,7,4
E130311K13Rik,0,1
E130317F20Rik,4,4
E230001N04Rik,5,2
E230013L22Rik,1,2
E230014E18Rik,0,0
E230016K23Rik,0,1
E230016M11Rik,2,3
E230020D15Rik,0,0
E230025N22Rik,1,1
E230029C05Rik,2,1
E2f1,5,4
E2f2,7,4
E2f3,19,15
E2f4,18,18
E2f5,2,2
E2f6,7,5
E2f7,4,5
E2f8,5,5
E330011O21Rik,2,1
E330034L11Rik,5,5
E430014B02Rik,1,1
E430021H15Rik,0,5
E430024I08Rik,38,34
E430024P14Rik,0,1
E4f1,18,12
E530011L22Rik,4,2
ENSMUSG00000047061,0,1
ENSMUSG00000115902,2,1
ENSMUSG00000121307,3,1
ENSMUSG00000121312,1,0
ENSMUSG00000121351,0,2
ENSMUSG00000121382,1,0
ENSMUSG00000121430,3,1
ENSMUSG00000121438,0,1
ENSMUSG00000121456,13,12
ENSMUSG00000121476,1,0
ENSMUSG00000121477,8,4
ENSMUSG00000121479,4,1
ENSMUSG00000121480,3,1
ENSMUSG00000121482,1,3
ENSMUSG00000121483,2,0
ENSMUSG00000121489,4,5
ENSMUSG00000121500,6,5
ENSMUSG00000121510,0,1
ENSMUSG00000121608,0,1
ENSMUSG00000121622,5,4
ENSMUSG00000121649,0,1
ENSMUSG00000121654,5,4
ENSMUSG00000121658,2,2
ENSMUSG00000121664,2,0
ENSMUSG00000121667,0,0
ENSMUSG00000121673,1,0
ENSMUSG00000121686,2,1
ENSMUSG00000121697,2,4
ENSMUSG00000121706,2,3
ENSMUSG00000121707,1,1
ENSMUSG00000121717,4,3
ENSMUSG00000121728,2,1
ENSMUSG00000121729,0,1
ENSMUSG00000121730,1,0
ENSMUSG00000121747,1,0
ENSMUSG00000121754,0,0
ENSMUSG00000121760,4,4
ENSMUSG00000121767,2,1
ENSMUSG00000121780,1,1
ENSMUSG00000121798,1,0
ENSMUSG00000121804,8,6
ENSMUSG00000121808,4,3
ENSMUSG00000121815,0,1
ENSMUSG00000121829,1,1
ENSMUSG00000121838,2,0
ENSMUSG00000121840,0,0
ENSMUSG00000121841,0,0
ENSMUSG00000121853,1,1
ENSMUSG00000121861,0,0
ENSMUSG00000121867,1,1
ENSMUSG00000121874,0,1
ENSMUSG00000121880,3,3
ENSMUSG00000121913,0,4
ENSMUSG00000121929,0,0
ENSMUSG00000121932,1,1
ENSMUSG00000121983,1,1
ENSMUSG00000122020,1,0
ENSMUSG00000122022,0,0
ENSMUSG00000122023,1,0
ENSMUSG00000122040,0,0
ENSMUSG00000122041,1,1
ENSMUSG00000122054,2,0
ENSMUSG00000122055,0,1
ENSMUSG00000122056,1,3
ENSMUSG00000122068,0,0
ENSMUSG00000122087,0,1
ENSMUSG00000122110,1,0
ENSMUSG00000122113,1,2
ENSMUSG00000122122,2,1
ENSMUSG00000122139,0,1
ENSMUSG00000122140,1,0
ENSMUSG00000122142,0,1
ENSMUSG00000122157,3,2
ENSMUSG00000122174,2,2
ENSMUSG00000122183,0,0
ENSMUSG00000122186,0,1
ENSMUSG00000122187,1,2
ENSMUSG00000122191,0,1
ENSMUSG00000122201,0,2
ENSMUSG00000122202,2,2
ENSMUSG00000122206,0,0
ENSMUSG00000122210,0,0
ENSMUSG00000122217,1,3
ENSMUSG00000122220,1,1
ENSMUSG00000122223,1,1
ENSMUSG00000122241,1,0
ENSMUSG00000122248,1,0
ENSMUSG00000122263,0,0
ENSMUSG00000122268,0,1
ENSMUSG00000122270,1,2
ENSMUSG00000122281,1,1
ENSMUSG00000122299,1,1
ENSMUSG00000122303,1,0
ENSMUSG00000122309,1,2
ENSMUSG00000122315,0,0
ENSMUSG00000122326,0,0
ENSMUSG00000122339,1,2
ENSMUSG00000122351,1,1
ENSMUSG00000122356,0,0
ENSMUSG00000122364,0,0
ENSMUSG00000122372,1,0
ENSMUSG00000122383,1,0
ENSMUSG00000122387,0,0
ENSMUSG00000122407,1,0
ENSMUSG00000122419,1,1
ENSMUSG00000122429,0,1
ENSMUSG00000122434,0,1
ENSMUSG00000122436,1,1
ENSMUSG00000122438,1,0
ENSMUSG00000122440,0,6
ENSMUSG00000122443,0,0
ENSMUSG00000122445,0,0
ENSMUSG00000122446,8,2
ENSMUSG00000122451,0,0
ENSMUSG00000122464,0,0
ENSMUSG00000122471,0,1
ENSMUSG00000122473,1,0
ENSMUSG00000122484,0,0
ENSMUSG00000122490,1,0
ENSMUSG00000122503,0,0
ENSMUSG00000122510,1,1
ENSMUSG00000122522,1,0
ENSMUSG00000122526,1,2
ENSMUSG00000122530,3,0
ENSMUSG00000122539,0,1
ENSMUSG00000122547,0,0
ENSMUSG00000122550,1,1
ENSMUSG00000122552,2,1
ENSMUSG00000122557,13,9
ENSMUSG00000122559,1,0
ENSMUSG00000122568,0,0
ENSMUSG00000122570,1,0
ENSMUSG00000122573,2,3
ENSMUSG00000122576,0,0
ENSMUSG00000122581,0,1
ENSMUSG00000122583,0,1
ENSMUSG00000122597,3,2
ENSMUSG00000122603,0,0
ENSMUSG00000122606,0,1
ENSMUSG00000122616,2,1
ENSMUSG00000122621,0,1
ENSMUSG00000122630,8,5
ENSMUSG00000122634,0,0
ENSMUSG00000122640,1,0
ENSMUSG00000122645,0,0
ENSMUSG00000122647,1,0
ENSMUSG00000122656,1,0
ENSMUSG00000122660,1,0
ENSMUSG00000122669,0,1
ENSMUSG00000122675,6,5
ENSMUSG00000122683,0,1
ENSMUSG00000122690,1,1
ENSMUSG00000122708,1,0
ENSMUSG00000122709,1,0
ENSMUSG00000122710,0,0
ENSMUSG00000122712,3,2
ENSMUSG00000122717,2,2
ENSMUSG00000122721,0,0
ENSMUSG00000122723,0,1
ENSMUSG00000122746,1,1
ENSMUSG00000122751,2,1
ENSMUSG00000122758,2,1
ENSMUSG00000122763,0,0
ENSMUSG00000122783,0,1
ENSMUSG00000122791,0,0
ENSMUSG00000122793,4,3
ENSMUSG00000122799,0,0
ENSMUSG00000122814,2,3
ENSMUSG00000122816,0,0
ENSMUSG00000122817,1,1
ENSMUSG00000122818,0,1
ENSMUSG00000122819,2,1
ENSMUSG00000122825,2,2
ENSMUSG00000122829,0,0
ENSMUSG00000122844,0,0
ENSMUSG00000122850,3,3
ENSMUSG00000122851,1,0
ENSMUSG00000122855,3,2
ENSMUSG00000122858,0,0
ENSMUSG00000122860,0,1
ENSMUSG00000122875,1,0
ENSMUSG00000122889,0,0
ENSMUSG00000122898,0,0
ENSMUSG00000122909,1,0
ENSMUSG00000122911,0,1
ENSMUSG00000122912,2,1
ENSMUSG00000122913,1,4
ENSMUSG00000122915,1,0
ENSMUSG00000122918,5,4
ENSMUSG00000122921,1,0
ENSMUSG00000122934,1,0
ENSMUSG00000122937,1,0
ENSMUSG00000122945,0,1
ENSMUSG00000122949,1,0
ENSMUSG00000122958,2,1
ENSMUSG00000122964,2,0
ENSMUSG00000122986,3,0
ENSMUSG00000122995,3,0
ENSMUSG00000123010,1,0
ENSMUSG00000123011,0,0
ENSMUSG00000123014,1,0
ENSMUSG00000123018,3,1
ENSMUSG00000123025,1,2
ENSMUSG00000123042,1,0
ENSMUSG00000123043,5,1
ENSMUSG00000123044,0,4
ENSMUSG00000123051,1,1
ENSMUSG00000123058,5,1
ENSMUSG00000123063,1,0
ENSMUSG00000123064,0,0
ENSMUSG00000123087,2,1
ENSMUSG00000123096,3,4
ENSMUSG00000123098,3,1
ENSMUSG00000123117,0,1
ENSMUSG00000123118,1,2
ENSMUSG00000123120,3,5
ENSMUSG00000123136,0,3
ENSMUSG00000123138,3,7
ENSMUSG00000123144,2,1
ENSMUSG00000123152,0,1
ENSMUSG00000123153,5,2
ENSMUSG00000123156,1,2
ENSMUSG00000123176,2,0
ENSMUSG00000123181,2,2
ENSMUSG00000123183,0,0
ENSMUSG00000123186,1,2
ENSMUSG00000123193,1,0
ENSMUSG00000123197,2,1
ENSMUSG00000123200,0,1
ENSMUSG00000123202,2,0
ENSMUSG00000123209,2,3
ENSMUSG00000123210,1,0
ENSMUSG00000123222,1,1
ENSMUSG00000123262,1,0
ENSMUSG00000123263,0,1
ENSMUSG00000123266,0,0
ENSMUSG00000123270,2,3
ENSMUSG00000123273,2,0
ENSMUSG00000123281,1,0
ENSMUSG00000123284,0,1
ENSMUSG00000123289,0,1
ENSMUSG00000123302,0,1
ENSMUSG00000123308,0,0
ENSMUSG00000123310,0,0
ENSMUSG00000123323,1,1
ENSMUSG00000123330,1,5
ENSMUSG00000123342,13,11
ENSMUSG00000123343,0,1
ENSMUSG00000123352,0,1
ENSMUSG00000123353,0,1
ENSMUSG00000123355,2,1
ENSMUSG00000123366,0,0
ENSMUSG00000123372,3,1
ENSMUSG00000123374,0,0
ENSMUSG00000123378,1,1
ENSMUSG00000123387,1,0
ENSMUSG00000123389,0,1
ENSMUSG00000123391,1,0
ENSMUSG00000123392,0,0
ENSMUSG00000123400,2,1
ENSMUSG00000123411,1,2
ENSMUSG00000123417,1,0
ENSMUSG00000123421,0,1
ENSMUSG00000123424,1,1
ENSMUSG00000123439,3,3
ENSMUSG00000123458,2,0
ENSMUSG00000123459,0,1
ENSMUSG00000123461,1,0
ENSMUSG00000123475,1,0
ENSMUSG00000123477,0,1
ENSMUSG00000123478,0,1
ENSMUSG00000123499,1,0
ENSMUSG00000123502,3,2
ENSMUSG00000123506,1,0
ENSMUSG00000123523,0,0
ENSMUSG00000123524,1,1
ENSMUSG00000123543,0,0
ENSMUSG00000123550,1,0
ENSMUSG00000123553,3,3
ENSMUSG00000123557,2,1
ENSMUSG00000123582,0,0
ENSMUSG00000123587,3,4
ENSMUSG00000123597,0,1
ENSMUSG00000123598,1,1
ENSMUSG00000123603,0,1
ENSMUSG00000123612,0,1
ENSMUSG00000123615,1,1
ENSMUSG00000123620,2,1
ENSMUSG00000123626,0,2
ENSMUSG00000123630,0,1
ENSMUSG00000123637,0,1
ENSMUSG00000123638,1,0
ENSMUSG00000123643,2,1
ENSMUSG00000123646,1,1
ENSMUSG00000123651,0,1
ENSMUSG00000123652,2,2
ENSMUSG00000123661,0,0
ENSMUSG00000123662,6,8
ENSMUSG00000123665,0,1
ENSMUSG00000123678,0,1
ENSMUSG00000123680,0,0
ENSMUSG00000123682,3,1
ENSMUSG00000123702,0,0
ENSMUSG00000123703,0,0
ENSMUSG00000123728,1,0
ENSMUSG00000123731,2,1
ENSMUSG00000123732,5,2
ENSMUSG00000123733,0,0
ENSMUSG00000123741,2,0
ENSMUSG00000123742,1,0
ENSMUSG00000123751,1,0
ENSMUSG00000123758,0,0
ENSMUSG00000123759,2,0
ENSMUSG00000123761,2,2
ENSMUSG00000123763,0,0
ENSMUSG00000123765,1,0
ENSMUSG00000123783,0,1
ENSMUSG00000123788,1,1
ENSMUSG00000123794,2,1
ENSMUSG00000123798,0,1
ENSMUSG00000123832,0,0
ENSMUSG00000123836,1,2
ENSMUSG00000123843,1,0
ENSMUSG00000123845,0,0
ENSMUSG00000123857,0,0
ENSMUSG00000123858,1,0
ENSMUSG00000123859,1,0
ENSMUSG00000123862,2,0
ENSMUSG00000123876,2,0
ENSMUSG00000123886,1,1
ENSMUSG00000123889,0,1
ENSMUSG00000123892,1,1
ENSMUSG00000123899,1,1
ENSMUSG00000123902,2,0
ENSMUSG00000123918,6,7
ENSMUSG00000123922,3,2
ENSMUSG00000123929,0,1
ENSMUSG00000123935,1,2
ENSMUSG00000123937,0,2
ENSMUSG00000123939,1,0
ENSMUSG00000123949,2,1
ENSMUSG00000123951,1,1
ENSMUSG00000123958,1,1
ENSMUSG00000123975,2,2
ENSMUSG00000123998,1,3
ENSMUSG00000124003,1,0
ENSMUSG00000124012,1,4
ENSMUSG00000124022,1,1
ENSMUSG00000124025,0,0
ENSMUSG00000124030,0,0
ENSMUSG00000124031,1,0
ENSMUSG00000124033,2,1
ENSMUSG00000124067,1,0
ENSMUSG00000124078,1,0
ENSMUSG00000124097,0,1
ENSMUSG00000124102,0,0
ENSMUSG00000124104,2,1
ENSMUSG00000124111,0,0
ENSMUSG00000124114,6,4
ENSMUSG00000124116,4,1
ENSMUSG00000124130,5,7
ENSMUSG00000124141,2,0
ENSMUSG00000124145,1,0
ENSMUSG00000124152,3,1
ENSMUSG00000124154,0,1
ENSMUSG00000124202,0,1
ENSMUSG00000124208,1,0
ENSMUSG00000124213,1,1
ENSMUSG00000124222,1,3
ENSMUSG00000124232,0,1
ENSMUSG00000124233,1,0
ENSMUSG00000124251,1,1
ENSMUSG00000124259,1,1
ENSMUSG00000124261,1,1
ENSMUSG00000124264,1,1
ENSMUSG00000124265,2,4
ENSMUSG00000124266,0,0
ENSMUSG00000124270,1,1
ENSMUSG00000124272,5,1
ENSMUSG00000124294,3,2
ENSMUSG00000124297,0,1
ENSMUSG00000124304,1,0
ENSMUSG00000124309,2,2
ENSMUSG00000124311,2,1
ENSMUSG00000124335,1,1
ENSMUSG00000124349,1,3
ENSMUSG00000124373,2,0
ENSMUSG00000124374,2,0
ENSMUSG00000124381,14,15
ENSMUSG00000124383,4,1
ENSMUSG00000124384,0,0
ENSMUSG00000124395,0,0
ENSMUSG00000124404,1,0
ENSMUSG00000124406,0,1
ENSMUSG00000124409,0,0
ENSMUSG00000124434,1,1
ENSMUSG00000124435,0,0
ENSMUSG00000124436,0,0
ENSMUSG00000124439,0,1
ENSMUSG00000124449,0,0
ENSMUSG00000124453,0,0
ENSMUSG00000124465,1,0
ENSMUSG00000124466,0,0
ENSMUSG00000124468,1,0
ENSMUSG00000124470,1,1
ENSMUSG00000124486,1,0
ENSMUSG00000124491,0,1
ENSMUSG00000124501,1,0
ENSMUSG00000124508,1,0
ENSMUSG00000124509,3,2
ENSMUSG00000124513,2,1
ENSMUSG00000124517,1,1
ENSMUSG00000124526,2,2
ENSMUSG00000124528,1,1
ENSMUSG00000124533,1,2
ENSMUSG00000124536,1,0
ENSMUSG00000124540,5,4
ENSMUSG00000124541,2,0
ENSMUSG00000124547,1,0
ENSMUSG00000124548,12,11
ENSMUSG00000124556,1,0
ENSMUSG00000124570,1,0
ENSMUSG00000124576,3,4
ENSMUSG00000124581,0,1
ENSMUSG00000124594,1,0
ENSMUSG00000124595,0,1
ENSMUSG00000124604,1,1
ENSMUSG00000124610,0,1
ENSMUSG00000124619,0,1
ENSMUSG00000124634,0,0
ENSMUSG00000124637,1,0
ENSMUSG00000124646,1,0
ENSMUSG00000124652,0,1
ENSMUSG00000124653,6,6
ENSMUSG00000124656,0,0
ENSMUSG00000124660,0,0
ENSMUSG00000124662,1,0
ENSMUSG00000124663,0,0
ENSMUSG00000124684,2,1
ENSMUSG00000124698,1,1
ENSMUSG00000124710,2,3
ENSMUSG00000124711,2,0
ENSMUSG00000124716,0,2
ENSMUSG00000124722,1,1
ENSMUSG00000124733,1,0
ENSMUSG00000124734,0,0
ENSMUSG00000124737,1,1
ENSMUSG00000124745,0,0
ENSMUSG00000124747,0,1
ENSMUSG00000124751,0,1
ENSMUSG00000124769,1,1
ENSMUSG00000124771,1,0
ENSMUSG00000124773,1,4
ENSMUSG00000124774,1,2
ENSMUSG00000124779,2,0
ENSMUSG00000124782,1,0
ENSMUSG00000124791,9,7
ENSMUSG00000124792,0,0
ENSMUSG00000124804,2,2
ENSMUSG00000124815,1,0
ENSMUSG00000124821,1,0
ENSMUSG00000124824,1,1
ENSMUSG00000124837,2,1
ENSMUSG00000124850,2,1
ENSMUSG00000124852,0,1
ENSMUSG00000124858,2,0
ENSMUSG00000124896,1,2
ENSMUSG00000124900,1,0
ENSMUSG00000124904,0,0
ENSMUSG00000124905,0,0
ENSMUSG00000124918,0,0
ENSMUSG00000124929,0,0
ENSMUSG00000124940,1,1
ENSMUSG00000124945,1,1
ENSMUSG00000124948,1,1
ENSMUSG00000124970,2,0
ENSMUSG00000124976,1,1
ENSMUSG00000124980,1,1
ENSMUSG00000124981,3,2
ENSMUSG00000124989,0,0
ENSMUSG00000124991,0,0
ENSMUSG00000124995,0,1
ENSMUSG00000124997,0,1
ENSMUSG00000125020,1,0
ENSMUSG00000125026,0,2
ENSMUSG00000125028,0,1
ENSMUSG00000125038,1,1
ENSMUSG00000125053,1,0
ENSMUSG00000125056,1,1
ENSMUSG00000125057,1,1
ENSMUSG00000125058,0,1
ENSMUSG00000125064,5,1
ENSMUSG00000125087,0,1
ENSMUSG00000125093,3,1
ENSMUSG00000125098,1,2
ENSMUSG00000125110,1,1
ENSMUSG00000125116,0,1
ENSMUSG00000125128,0,0
ENSMUSG00000125132,5,6
ENSMUSG00000125134,1,0
ENSMUSG00000125138,0,1
ENSMUSG00000125148,1,0
ENSMUSG00000125149,0,2
ENSMUSG00000125152,5,3
ENSMUSG00000125165,1,1
ENSMUSG00000125182,1,0
ENSMUSG00000125187,1,1
ENSMUSG00000125188,0,0
ENSMUSG00000125197,0,0
ENSMUSG00000125201,1,3
ENSMUSG00000125209,0,0
ENSMUSG00000125221,0,0
ENSMUSG00000125245,1,1
ENSMUSG00000125267,0,1
ENSMUSG00000125281,2,0
ENSMUSG00000125298,0,0
ENSMUSG00000125319,1,2
ENSMUSG00000125335,0,0
ENSMUSG00000125336,3,3
ENSMUSG00000125337,0,1
ENSMUSG00000125346,1,1
ENSMUSG00000125356,1,1
ENSMUSG00000125362,0,1
ENSMUSG00000125365,1,2
ENSMUSG00000125383,1,1
ENSMUSG00000125385,2,2
ENSMUSG00000125387,2,0
ENSMUSG00000125388,0,1
ENSMUSG00000125391,3,2
ENSMUSG00000125398,1,1
ENSMUSG00000125400,3,3
ENSMUSG00000125415,1,1
ENSMUSG00000125419,1,1
ENSMUSG00000125428,1,1
ENSMUSG00000125440,0,0
ENSMUSG00000125441,1,0
ENSMUSG00000125449,1,0
ENSMUSG00000125450,1,1
ENSMUSG00000125456,4,4
ENSMUSG00000125458,1,2
ENSMUSG00000125462,0,0
ENSMUSG00000125468,1,0
ENSMUSG00000125479,0,0
ENSMUSG00000125486,0,0
ENSMUSG00000125495,0,1
ENSMUSG00000125501,0,0
ENSMUSG00000125502,1,2
ENSMUSG00000125503,1,0
ENSMUSG00000125526,0,0
ENSMUSG00000125541,0,1
ENSMUSG00000125542,1,0
ENSMUSG00000125548,1,1
ENSMUSG00000125561,0,0
ENSMUSG00000125563,1,1
ENSMUSG00000125582,1,1
ENSMUSG00000125598,1,0
ENSMUSG00000125601,1,1
ENSMUSG00000125602,0,2
ENSMUSG00000125605,1,1
ENSMUSG00000125611,1,0
ENSMUSG00000125618,1,1
ENSMUSG00000125622,0,1
ENSMUSG00000125623,2,0
ENSMUSG00000125641,1,0
ENSMUSG00000125644,0,0
ENSMUSG00000125648,0,0
ENSMUSG00000125649,0,1
ENSMUSG00000125657,2,0
ENSMUSG00000125660,0,0
ENSMUSG00000125668,4,6
ENSMUSG00000125669,0,1
ENSMUSG00000125681,0,0
ENSMUSG00000125693,1,0
ENSMUSG00000125696,0,1
ENSMUSG00000125699,0,1
ENSMUSG00000125723,3,4
ENSMUSG00000125741,3,1
ENSMUSG00000125745,1,1
ENSMUSG00000125746,1,2
ENSMUSG00000125748,1,0
ENSMUSG00000125753,0,0
ENSMUSG00000125755,1,0
ENSMUSG00000125758,3,5
ENSMUSG00000125772,3,3
ENSMUSG00000125782,0,1
ENSMUSG00000125788,0,0
ENSMUSG00000125789,0,0
ENSMUSG00000125798,1,1
ENSMUSG00000125801,2,1
ENSMUSG00000125816,0,1
ENSMUSG00000125823,1,1
ENSMUSG00000125834,2,1
ENSMUSG00000125841,1,0
ENSMUSG00000125859,0,0
ENSMUSG00000125878,0,0
ENSMUSG00000125881,2,0
ENSMUSG00000125891,3,2
ENSMUSG00000125898,1,0
ENSMUSG00000125905,1,1
ENSMUSG00000125910,2,2
ENSMUSG00000125914,0,0
ENSMUSG00000125917,0,1
ENSMUSG00000125921,0,1
ENSMUSG00000125923,1,1
ENSMUSG00000125937,0,0
ENSMUSG00000125941,0,1
ENSMUSG00000125943,0,1
ENSMUSG00000125946,0,1
ENSMUSG00000125960,1,5
ENSMUSG00000125972,0,0
ENSMUSG00000125975,3,3
ENSMUSG00000125978,1,1
ENSMUSG00000125980,0,1
ENSMUSG00000125986,2,5
ENSMUSG00000125990,1,0
ENSMUSG00000126017,0,0
ENSMUSG00000126021,0,0
ENSMUSG00000126023,2,1
ENSMUSG00000126024,2,2
ENSMUSG00000126026,1,1
ENSMUSG00000126033,0,1
ENSMUSG00000126036,0,1
ENSMUSG00000126042,0,0
ENSMUSG00000126056,2,5
ENSMUSG00000126057,1,0
ENSMUSG00000126060,0,0
ENSMUSG00000126064,4,5
ENSMUSG00000126077,3,3
ENSMUSG00000126086,0,1
ENSMUSG00000126090,0,0
ENSMUSG00000126094,1,1
ENSMUSG00000126096,1,2
ENSMUSG00000126131,0,0
ENSMUSG00000126148,1,0
ENSMUSG00000126152,4,4
ENSMUSG00000126159,3,2
ENSMUSG00000126160,1,1
ENSMUSG00000126168,0,0
ENSMUSG00000126170,2,0
ENSMUSG00000126177,3,6
ENSMUSG00000126187,1,1
ENSMUSG00000126190,1,0
ENSMUSG00000126193,0,3
ENSMUSG00000126197,2,0
ENSMUSG00000126198,0,0
ENSMUSG00000126202,0,0
ENSMUSG00000126212,1,2
ENSMUSG00000126213,0,1
ENSMUSG00000126217,2,0
ENSMUSG00000126219,1,0
ENSMUSG00000126228,0,1
ENSMUSG00000126235,0,0
ENSMUSG00000126238,0,0
ENSMUSG00000126239,1,1
ENSMUSG00000126240,3,0
ENSMUSG00000126242,2,1
ENSMUSG00000126247,3,3
ENSMUSG00000126249,0,1
ENSMUSG00000126255,0,0
ENSMUSG00000126262,0,0
ENSMUSG00000126264,4,1
ENSMUSG00000126270,0,0
ENSMUSG00000126311,2,2
ENSMUSG00000126317,3,2
ENSMUSG00000126318,2,0
ENSMUSG00000126329,0,0
ENSMUSG00000126330,0,1
ENSMUSG00000126331,0,0
ENSMUSG00000126342,1,2
ENSMUSG00000126345,2,1
ENSMUSG00000126347,0,0
ENSMUSG00000126353,0,2
ENSMUSG00000126354,0,0
ENSMUSG00000126355,1,2
ENSMUSG00000126363,4,4
ENSMUSG00000126368,451,398
ENSMUSG00000126380,1,2
ENSMUSG00000126384,0,1
ENSMUSG00000126396,0,0
ENSMUSG00000126405,1,1
ENSMUSG00000126408,1,0
ENSMUSG00000126421,0,1
ENSMUSG00000126429,0,1
ENSMUSG00000126431,1,1
ENSMUSG00000126456,1,0
ENSMUSG00000126466,1,0
ENSMUSG00000126468,2,0
ENSMUSG00000126492,3,1
ENSMUSG00000126501,1,1
ENSMUSG00000126506,0,0
ENSMUSG00000126515,1,0
ENSMUSG00000126519,2,0
ENSMUSG00000126524,2,2
ENSMUSG00000126526,1,0
ENSMUSG00000126542,0,0
ENSMUSG00000126557,6,5
ENSMUSG00000126562,1,0
ENSMUSG00000126565,2,3
ENSMUSG00000126579,0,1
ENSMUSG00000126581,0,1
ENSMUSG00000126585,0,0
ENSMUSG00000126603,3,1
ENSMUSG00000126625,0,0
ENSMUSG00000126649,0,0
ENSMUSG00000126652,1,1
ENSMUSG00000126655,0,0
ENSMUSG00000126659,2,2
ENSMUSG00000126670,2,1
ENSMUSG00000126672,4,3
ENSMUSG00000126685,1,0
ENSMUSG00000126686,4,3
ENSMUSG00000126690,1,0
ENSMUSG00000126694,0,1
ENSMUSG00000126695,1,3
ENSMUSG00000126696,0,0
ENSMUSG00000126706,1,2
ENSMUSG00000126711,1,0
ENSMUSG00000126719,0,0
ENSMUSG00000126721,0,0
ENSMUSG00000126735,0,0
ENSMUSG00000126736,1,1
ENSMUSG00000126746,0,0
ENSMUSG00000126752,4,3
ENSMUSG00000126754,1,0
ENSMUSG00000126768,0,0
ENSMUSG00000126783,0,1
ENSMUSG00000126786,0,0
ENSMUSG00000126794,1,0
ENSMUSG00000126800,1,2
ENSMUSG00000126838,2,1
ENSMUSG00000126843,1,1
ENSMUSG00000126854,0,3
ENSMUSG00000126869,2,3
ENSMUSG00000126884,0,2
ENSMUSG00000126886,5,7
ENSMUSG00000126887,1,0
ENSMUSG00000126897,1,0
ENSMUSG00000126915,0,0
ENSMUSG00000126922,6,4
ENSMUSG00000126923,0,0
ENSMUSG00000126927,0,1
ENSMUSG00000126929,0,1
ENSMUSG00000126937,3,2
ENSMUSG00000126955,1,1
ENSMUSG00000126961,2,3
ENSMUSG00000126967,0,1
ENSMUSG00000126977,0,0
ENSMUSG00000126980,0,0
ENSMUSG00000126986,1,1
ENSMUSG00000126988,1,3
ENSMUSG00000126990,0,0
ENSMUSG00000126997,1,0
ENSMUSG00000126999,0,0
ENSMUSG00000127004,0,2
ENSMUSG00000127008,0,0
ENSMUSG00000127015,1,0
ENSMUSG00000127018,1,1
ENSMUSG00000127019,1,0
ENSMUSG00000127021,0,1
ENSMUSG00000127042,1,2
ENSMUSG00000127043,0,1
ENSMUSG00000127057,0,0
ENSMUSG00000127060,2,2
ENSMUSG00000127072,1,0
ENSMUSG00000127086,0,1
ENSMUSG00000127091,0,2
ENSMUSG00000127098,1,0
ENSMUSG00000127101,3,2
ENSMUSG00000127109,3,2
ENSMUSG00000127128,2,1
ENSMUSG00000127132,1,0
ENSMUSG00000127144,1,0
ENSMUSG00000127157,8,8
ENSMUSG00000127167,0,0
ENSMUSG00000127175,8,6
ENSMUSG00000127199,3,2
ENSMUSG00000127218,1,0
ENSMUSG00000127221,1,2
ENSMUSG00000127223,0,1
ENSMUSG00000127229,1,1
ENSMUSG00000127235,1,0
ENSMUSG00000127237,1,1
ENSMUSG00000127239,34,40
ENSMUSG00000127247,0,1
ENSMUSG00000127258,0,0
ENSMUSG00000127259,0,1
ENSMUSG00000127262,0,1
ENSMUSG00000127267,2,1
ENSMUSG00000127271,2,3
ENSMUSG00000127293,2,1
ENSMUSG00000127320,0,0
ENSMUSG00000127336,8,8
ENSMUSG00000127348,2,2
ENSMUSG00000127349,1,1
ENSMUSG00000127351,0,1
ENSMUSG00000127353,2,1
ENSMUSG00000127374,0,1
ENSMUSG00000127377,3,4
ENSMUSG00000127394,2,0
ENSMUSG00000127399,1,0
ENSMUSG00000127403,0,0
ENSMUSG00000127411,0,0
ENSMUSG00000127412,1,0
ENSMUSG00000127420,3,1
ENSMUSG00000127434,1,0
ENSMUSG00000127441,0,1
ENSMUSG00000127454,0,1
ENSMUSG00000127456,3,0
ENSMUSG00000127457,4,2
ENSMUSG00000127466,0,1
ENSMUSG00000127487,0,0
ENSMUSG00000127497,1,1
ENSMUSG00000127498,1,0
ENSMUSG00000127500,2,1
ENSMUSG00000127504,0,0
ENSMUSG00000127505,1,0
ENSMUSG00000127506,0,1
ENSMUSG00000127508,1,0
ENSMUSG00000127514,1,1
ENSMUSG00000127518,1,3
ENSMUSG00000127519,1,0
ENSMUSG00000127524,1,0
ENSMUSG00000127538,2,4
ENSMUSG00000127551,0,0
ENSMUSG00000127553,0,0
ENSMUSG00000127572,0,0
ENSMUSG00000127587,0,1
ENSMUSG00000127589,1,0
ENSMUSG00000127609,1,0
ENSMUSG00000127612,1,2
ENSMUSG00000127615,1,1
ENSMUSG00000127617,1,1
ENSMUSG00000127618,1,0
ENSMUSG00000127643,8,9
ENSMUSG00000127656,0,0
ENSMUSG00000127662,1,0
ENSMUSG00000127667,0,1
ENSMUSG00000127676,1,2
ENSMUSG00000127687,1,0
ENSMUSG00000127689,1,0
ENSMUSG00000127697,0,1
ENSMUSG00000127702,0,1
ENSMUSG00000127732,5,5
ENSMUSG00000127737,0,1
ENSMUSG00000127742,4,1
ENSMUSG00000127773,1,0
ENSMUSG00000127782,1,0
ENSMUSG00000127788,1,2
ENSMUSG00000127791,0,0
ENSMUSG00000127792,0,0
ENSMUSG00000127798,0,1
ENSMUSG00000127806,1,0
ENSMUSG00000127811,1,1
ENSMUSG00000127819,0,0
ENSMUSG00000127827,0,0
ENSMUSG00000127846,0,1
ENSMUSG00000127848,1,0
ENSMUSG00000127854,2,1
ENSMUSG00000127869,0,0
ENSMUSG00000127871,1,0
ENSMUSG00000127874,4,3
ENSMUSG00000127884,0,0
ENSMUSG00000127887,1,2
ENSMUSG00000127904,1,0
ENSMUSG00000127911,2,1
ENSMUSG00000127922,559,537
ENSMUSG00000127926,3,1
ENSMUSG00000127932,0,0
ENSMUSG00000127933,0,1
ENSMUSG00000127940,1,2
ENSMUSG00000127947,1,1
ENSMUSG00000127950,0,1
ENSMUSG00000127965,1,0
ENSMUSG00000127967,1,0
ENSMUSG00000127979,7,4
ENSMUSG00000127986,1,3
ENSMUSG00000127995,0,1
ENSMUSG00000128002,1,0
ENSMUSG00000128009,0,0
ENSMUSG00000128010,5,3
ENSMUSG00000128034,2,2
ENSMUSG00000128051,0,1
ENSMUSG00000128062,2,11
ENSMUSG00000128068,1,1
ENSMUSG00000128083,2,2
ENSMUSG00000128086,0,0
ENSMUSG00000128096,1,0
ENSMUSG00000128100,0,1
ENSMUSG00000128101,1,1
ENSMUSG00000128105,0,0
ENSMUSG00000128108,1,5
ENSMUSG00000128110,1,1
ENSMUSG00000128114,0,1
ENSMUSG00000128138,0,0
ENSMUSG00000128139,16,10
ENSMUSG00000128141,0,1
ENSMUSG00000128144,2,2
ENSMUSG00000128146,1,1
ENSMUSG00000128153,1,1
ENSMUSG00000128167,0,0
ENSMUSG00000128169,2,2
ENSMUSG00000128170,0,1
ENSMUSG00000128181,0,1
ENSMUSG00000128182,1,1
ENSMUSG00000128185,1,0
ENSMUSG00000128193,1,1
ENSMUSG00000128213,3,1
ENSMUSG00000128214,1,0
ENSMUSG00000128240,0,0
ENSMUSG00000128245,0,1
ENSMUSG00000128246,1,1
ENSMUSG00000128247,1,0
ENSMUSG00000128256,0,0
ENSMUSG00000128259,1,0
ENSMUSG00000128269,0,1
ENSMUSG00000128276,0,0
ENSMUSG00000128289,0,0
ENSMUSG00000128294,0,1
ENSMUSG00000128300,0,0
ENSMUSG00000128306,0,1
ENSMUSG00000128308,0,1
ENSMUSG00000128312,2,2
ENSMUSG00000128324,1,0
ENSMUSG00000128338,2,0
ENSMUSG00000128342,0,1
ENSMUSG00000128349,3,2
ENSMUSG00000128352,0,0
ENSMUSG00000128359,5,2
ENSMUSG00000128360,0,0
ENSMUSG00000128362,0,1
ENSMUSG00000128363,0,0
ENSMUSG00000128371,0,0
ENSMUSG00000128387,0,0
ENSMUSG00000128392,1,1
ENSMUSG00000128399,5,7
ENSMUSG00000128423,2,2
ENSMUSG00000128432,1,1
ENSMUSG00000128453,1,0
ENSMUSG00000128465,2,0
ENSMUSG00000128478,0,1
ENSMUSG00000128494,0,1
ENSMUSG00000128500,1,2
ENSMUSG00000128510,0,0
ENSMUSG00000128513,0,0
ENSMUSG00000128544,1,1
ENSMUSG00000128554,1,1
ENSMUSG00000128555,1,0
ENSMUSG00000128557,1,0
ENSMUSG00000128561,7,6
ENSMUSG00000128563,0,0
ENSMUSG00000128571,0,1
ENSMUSG00000128582,1,0
ENSMUSG00000128587,0,1
ENSMUSG00000128589,0,0
ENSMUSG00000128606,0,0
ENSMUSG00000128618,0,1
ENSMUSG00000128623,0,1
ENSMUSG00000128625,1,0
ENSMUSG00000128645,1,1
ENSMUSG00000128647,0,0
ENSMUSG00000128648,1,2
ENSMUSG00000128654,0,2
ENSMUSG00000128666,8,8
ENSMUSG00000128684,3,4
ENSMUSG00000128701,10,5
ENSMUSG00000128747,0,0
ENSMUSG00000128754,0,0
ENSMUSG00000128755,0,1
ENSMUSG00000128756,1,1
ENSMUSG00000128768,0,1
ENSMUSG00000128774,0,0
ENSMUSG00000128785,0,0
ENSMUSG00000128799,0,1
ENSMUSG00000128810,2,0
ENSMUSG00000128814,4,2
ENSMUSG00000128815,0,0
ENSMUSG00000128825,2,0
ENSMUSG00000128829,0,1
ENSMUSG00000128835,0,1
ENSMUSG00000128845,1,0
ENSMUSG00000128851,0,1
ENSMUSG00000128852,0,1
ENSMUSG00000128857,3,4
ENSMUSG00000128861,3,2
ENSMUSG00000128869,0,1
ENSMUSG00000128875,19,16
ENSMUSG00000128878,0,0
ENSMUSG00000128884,2,4
ENSMUSG00000128886,1,0
ENSMUSG00000128887,2,1
ENSMUSG00000128891,1,1
ENSMUSG00000128892,0,0
ENSMUSG00000128894,16,16
ENSMUSG00000128895,1,0
ENSMUSG00000128897,2,2
ENSMUSG00000128901,1,1
ENSMUSG00000128914,0,0
ENSMUSG00000128922,0,1
ENSMUSG00000128926,1,1
ENSMUSG00000128937,0,0
ENSMUSG00000128939,3,2
ENSMUSG00000128947,0,1
ENSMUSG00000128951,2,2
ENSMUSG00000128954,2,2
ENSMUSG00000128970,1,0
ENSMUSG00000128977,24,20
ENSMUSG00000128987,0,1
ENSMUSG00000128988,3,2
ENSMUSG00000128989,1,0
ENSMUSG00000128990,0,1
ENSMUSG00000128995,1,1
ENSMUSG00000129000,1,1
ENSMUSG00000129003,1,0
ENSMUSG00000129007,1,0
ENSMUSG00000129024,0,1
ENSMUSG00000129036,0,0
ENSMUSG00000129040,0,0
ENSMUSG00000129046,0,1
ENSMUSG00000129048,350,341
ENSMUSG00000129050,4,2
ENSMUSG00000129051,0,1
ENSMUSG00000129083,1,1
ENSMUSG00000129094,0,1
ENSMUSG00000129098,1,0
ENSMUSG00000129100,1,0
ENSMUSG00000129109,1,0
ENSMUSG00000129110,3,2
ENSMUSG00000129112,1,0
ENSMUSG00000129116,1,0
ENSMUSG00000129118,2,2
ENSMUSG00000129127,4,3
ENSMUSG00000129128,3,0
ENSMUSG00000129131,9,13
ENSMUSG00000129146,1,1
ENSMUSG00000129152,1,0
ENSMUSG00000129162,2,5
ENSMUSG00000129176,2,5
ENSMUSG00000129180,0,1
ENSMUSG00000129181,9,9
ENSMUSG00000129182,1,0
ENSMUSG00000129197,0,0
ENSMUSG00000129224,0,1
ENSMUSG00000129227,1,0
ENSMUSG00000129229,1,2
ENSMUSG00000129230,0,1
ENSMUSG00000129234,3,3
ENSMUSG00000129238,1,0
ENSMUSG00000129244,0,1
ENSMUSG00000129253,0,0
ENSMUSG00000129257,0,0
ENSMUSG00000129258,1,3
ENSMUSG00000129263,0,1
ENSMUSG00000129264,1,0
ENSMUSG00000129265,0,1
ENSMUSG00000129280,2,0
ENSMUSG00000129292,0,3
ENSMUSG00000129293,0,1
ENSMUSG00000129308,1,0
ENSMUSG00000129319,0,0
ENSMUSG00000129320,1,0
ENSMUSG00000129328,1,0
ENSMUSG00000129332,0,1
ENSMUSG00000129334,2,0
ENSMUSG00000129335,2,0
ENSMUSG00000129338,0,0
ENSMUSG00000129339,2,0
ENSMUSG00000129342,0,2
ENSMUSG00000129343,1,1
ENSMUSG00000129344,1,0
ENSMUSG00000129354,1,1
ENSMUSG00000129355,4,5
ENSMUSG00000129364,2,3
ENSMUSG00000129381,2,2
ENSMUSG00000129382,1,0
ENSMUSG00000129391,0,1
ENSMUSG00000129412,1,2
ENSMUSG00000129415,1,1
ENSMUSG00000129417,0,0
ENSMUSG00000129427,1,2
ENSMUSG00000129431,1,1
ENSMUSG00000129442,0,1
ENSMUSG00000129446,0,0
ENSMUSG00000129449,0,0
ENSMUSG00000129463,1,1
ENSMUSG00000129495,0,1
ENSMUSG00000129514,1,0
ENSMUSG00000129525,2,0
ENSMUSG00000129526,1,1
ENSMUSG00000129535,2,2
ENSMUSG00000129546,1,1
ENSMUSG00000129553,1,1
ENSMUSG00000129568,2,1
ENSMUSG00000129572,0,0
ENSMUSG00000129578,2,0
ENSMUSG00000129579,3,3
ENSMUSG00000129590,0,1
ENSMUSG00000129591,1,2
ENSMUSG00000129596,3,3
ENSMUSG00000129597,5,2
ENSMUSG00000129619,1,0
ENSMUSG00000129626,1,1
ENSMUSG00000129633,7,5
ENSMUSG00000129634,1,0
ENSMUSG00000129636,0,1
ENSMUSG00000129644,0,0
ENSMUSG00000129645,2,0
ENSMUSG00000129658,0,0
ENSMUSG00000129663,1,0
ENSMUSG00000129665,0,0
ENSMUSG00000129667,3,1
ENSMUSG00000129669,5,3
ENSMUSG00000129675,0,0
ENSMUSG00000129681,0,1
ENSMUSG00000129682,2,1
ENSMUSG00000129683,1,1
ENSMUSG00000129687,1,0
ENSMUSG00000129700,17,16
ENSMUSG00000129705,1,2
ENSMUSG00000129710,3,3
ENSMUSG00000129718,1,0
ENSMUSG00000129725,0,1
ENSMUSG00000129739,0,2
ENSMUSG00000129742,2,2
ENSMUSG00000129744,1,0
ENSMUSG00000129746,7,4
ENSMUSG00000129752,1,1
ENSMUSG00000129753,1,0
ENSMUSG00000129758,1,0
ENSMUSG00000129769,2,2
ENSMUSG00000129786,1,1
ENSMUSG00000129791,1,0
ENSMUSG00000129805,1,0
ENSMUSG00000129814,3,1
ENSMUSG00000129834,0,0
ENSMUSG00000129838,1,2
ENSMUSG00000129843,0,1
ENSMUSG00000129846,1,1
ENSMUSG00000129861,0,0
ENSMUSG00000129865,0,1
ENSMUSG00000129874,1,0
ENSMUSG00000129885,1,0
ENSMUSG00000129887,3,2
ENSMUSG00000129917,2,1
ENSMUSG00000129920,1,1
ENSMUSG00000129926,2,0
ENSMUSG00000129927,4,3
ENSMUSG00000129931,1,0
ENSMUSG00000129943,3,0
ENSMUSG00000129949,1,0
ENSMUSG00000129953,1,0
ENSMUSG00000129955,1,0
ENSMUSG00000129963,3,0
ENSMUSG00000129964,0,0
ENSMUSG00000129966,0,1
ENSMUSG00000129967,0,0
ENSMUSG00000129968,1,0
ENSMUSG00000129976,0,0
ENSMUSG00000129979,0,1
ENSMUSG00000129992,1,1
ENSMUSG00000130001,2,2
ENSMUSG00000130003,2,0
ENSMUSG00000130013,0,2
ENSMUSG00000130025,0,0
ENSMUSG00000130029,1,0
ENSMUSG00000130044,0,2
ENSMUSG00000130050,1,1
ENSMUSG00000130059,2,1
ENSMUSG00000130071,0,0
ENSMUSG00000130092,1,0
ENSMUSG00000130101,0,0
ENSMUSG00000130106,0,0
ENSMUSG00000130107,1,1
ENSMUSG00000130109,1,0
ENSMUSG00000130116,0,1
ENSMUSG00000130125,1,1
ENSMUSG00000130135,1,1
ENSMUSG00000130143,1,1
ENSMUSG00000130152,5,5
ENSMUSG00000130156,0,1
ENSMUSG00000130160,0,0
ENSMUSG00000130169,1,0
ENSMUSG00000130171,0,0
ENSMUSG00000130173,1,0
ENSMUSG00000130189,0,0
ENSMUSG00000130190,1,0
ENSMUSG00000130210,2,1
ENSMUSG00000130211,2,1
ENSMUSG00000130218,0,0
ENSMUSG00000130227,4,3
ENSMUSG00000130240,2,1
ENSMUSG00000130242,3,1
ENSMUSG00000130247,1,1
ENSMUSG00000130260,1,0
ENSMUSG00000130268,1,1
ENSMUSG00000130271,1,0
ENSMUSG00000130272,1,1
ENSMUSG00000130276,2,0
ENSMUSG00000130286,1,0
ENSMUSG00000130287,1,0
ENSMUSG00000130289,0,1
ENSMUSG00000130294,0,0
ENSMUSG00000130298,4,7
ENSMUSG00000130324,2,0
ENSMUSG00000130350,0,0
ENSMUSG00000130362,2,1
ENSMUSG00000130363,1,2
ENSMUSG00000130366,4,1
ENSMUSG00000130379,0,1
ENSMUSG00000130384,1,0
ENSMUSG00000130398,0,0
ENSMUSG00000130400,1,1
ENSMUSG00000130408,1,5
ENSMUSG00000130419,1,0
ENSMUSG00000130420,2,2
ENSMUSG00000130426,0,0
ENSMUSG00000130437,1,0
ENSMUSG00000130440,1,1
ENSMUSG00000130446,0,1
ENSMUSG00000130450,0,1
ENSMUSG00000130452,1,0
ENSMUSG00000130457,1,0
ENSMUSG00000130460,2,0
ENSMUSG00000130475,4,4
ENSMUSG00000130478,1,1
ENSMUSG00000130488,1,1
ENSMUSG00000130489,0,0
ENSMUSG00000130497,0,1
ENSMUSG00000130499,1,0
ENSMUSG00000130509,1,1
ENSMUSG00000130514,0,0
ENSMUSG00000130520,3,4
ENSMUSG00000130533,1,0
ENSMUSG00000130550,1,0
ENSMUSG00000130556,1,0
ENSMUSG00000130558,4,5
ENSMUSG00000130559,1,0
ENSMUSG00000130563,0,1
ENSMUSG00000130571,1,0
ENSMUSG00000130573,15,18
ENSMUSG00000130586,0,1
ENSMUSG00000130590,0,2
ENSMUSG00000130599,1,0
ENSMUSG00000130600,4,6
ENSMUSG00000130615,3,2
ENSMUSG00000130617,0,0
ENSMUSG00000130626,1,0
ENSMUSG00000130627,4,1
ENSMUSG00000130631,0,0
ENSMUSG00000130632,0,0
ENSMUSG00000130633,0,2
ENSMUSG00000130634,0,1
ENSMUSG00000130640,1,0
ENSMUSG00000130647,1,1
ENSMUSG00000130654,0,0
ENSMUSG00000130660,0,0
ENSMUSG00000130661,2,1
ENSMUSG00000130672,1,1
ENSMUSG00000130675,0,0
ENSMUSG00000130680,0,0
ENSMUSG00000130698,1,0
ENSMUSG00000130701,2,1
ENSMUSG00000130708,0,0
ENSMUSG00000130718,0,1
ENSMUSG00000130719,2,3
ENSMUSG00000130727,0,2
ENSMUSG00000130729,0,0
ENSMUSG00000130742,1,1
ENSMUSG00000130764,0,0
ENSMUSG00000130765,0,0
ENSMUSG00000130766,1,2
ENSMUSG00000130769,0,0
ENSMUSG00000130772,0,0
ENSMUSG00000130775,2,2
ENSMUSG00000130776,3,4
ENSMUSG00000130791,1,1
ENSMUSG00000130810,0,0
ENSMUSG00000130814,0,0
ENSMUSG00000130819,1,0
ENSMUSG00000130830,1,0
ENSMUSG00000130831,2,1
ENSMUSG00000130832,0,1
ENSMUSG00000130837,1,0
ENSMUSG00000130858,0,0
ENSMUSG00000130860,2,0
ENSMUSG00000130887,0,0
ENSMUSG00000130906,0,0
ENSMUSG00000130907,0,0
ENSMUSG00000130911,0,0
ENSMUSG00000130913,5,4
ENSMUSG00000130916,1,1
ENSMUSG00000130930,0,1
ENSMUSG00000130936,1,0
ENSMUSG00000130938,1,1
ENSMUSG00000130941,1,2
ENSMUSG00000130948,0,3
ENSMUSG00000130953,1,1
ENSMUSG00000130954,1,1
ENSMUSG00000130955,0,1
ENSMUSG00000130981,0,1
ENSMUSG00000130983,1,1
ENSMUSG00000130988,1,0
ENSMUSG00000130996,1,1
ENSMUSG00000131001,1,2
ENSMUSG00000131004,2,2
ENSMUSG00000131010,1,2
ENSMUSG00000131030,2,1
ENSMUSG00000131059,1,1
ENSMUSG00000131060,0,1
ENSMUSG00000131074,0,1
ENSMUSG00000131078,1,0
ENSMUSG00000131088,0,2
ENSMUSG00000131089,2,3
ENSMUSG00000131095,0,1
ENSMUSG00000131096,1,0
ENSMUSG00000131104,2,0
ENSMUSG00000131117,1,2
ENSMUSG00000131128,0,0
ENSMUSG00000131141,0,1
ENSMUSG00000131146,0,0
ENSMUSG00000131149,1,1
ENSMUSG00000131157,1,1
ENSMUSG00000131172,0,0
ENSMUSG00000131201,0,1
ENSMUSG00000131231,0,0
ENSMUSG00000131249,1,1
ENSMUSG00000131263,1,1
ENSMUSG00000131266,2,1
ENSMUSG00000131270,0,0
ENSMUSG00000131305,2,2
ENSMUSG00000131306,1,1
ENSMUSG00000131311,1,2
ENSMUSG00000131315,0,1
ENSMUSG00000131330,0,0
ENSMUSG00000131338,1,0
ENSMUSG00000131344,0,2
ENSMUSG00000131347,2,1
ENSMUSG00000131351,1,0
ENSMUSG00000131356,1,1
ENSMUSG00000131361,2,1
ENSMUSG00000131386,0,1
ENSMUSG00000131391,2,1
ENSMUSG00000131393,2,1
ENSMUSG00000131398,4,3
ENSMUSG00000131404,1,2
ENSMUSG00000131425,1,0
ENSMUSG00000131428,1,0
ENSMUSG00000131429,0,0
ENSMUSG00000131433,5,3
ENSMUSG00000131440,1,0
ENSMUSG00000131464,0,1
ENSMUSG00000131471,3,5
ENSMUSG00000131474,0,1
ENSMUSG00000131490,2,2
ENSMUSG00000131495,5,3
ENSMUSG00000131496,0,1
ENSMUSG00000131499,3,0
ENSMUSG00000131504,1,0
ENSMUSG00000131507,0,0
ENSMUSG00000131512,0,1
ENSMUSG00000131513,1,1
ENSMUSG00000131529,0,0
ENSMUSG00000131531,1,1
ENSMUSG00000131538,0,0
ENSMUSG00000131546,0,1
ENSMUSG00000131553,1,1
ENSMUSG00000131556,0,0
ENSMUSG00000131559,1,0
ENSMUSG00000131564,0,0
ENSMUSG00000131566,1,0
ENSMUSG00000131572,0,1
ENSMUSG00000131575,0,1
ENSMUSG00000131576,0,0
ENSMUSG00000131604,1,0
ENSMUSG00000131608,0,1
ENSMUSG00000131609,0,1
ENSMUSG00000131611,1,0
ENSMUSG00000131614,0,1
ENSMUSG00000131620,0,1
ENSMUSG00000131621,4,5
ENSMUSG00000131622,1,0
ENSMUSG00000131628,0,0
ENSMUSG00000131632,1,1
ENSMUSG00000131639,1,0
ENSMUSG00000131642,1,0
ENSMUSG00000131657,2,2
ENSMUSG00000131678,1,1
ENSMUSG00000131698,1,0
ENSMUSG00000131699,1,0
ENSMUSG00000131701,2,4
ENSMUSG00000131702,1,0
ENSMUSG00000131722,2,1
ENSMUSG00000131727,7,3
ENSMUSG00000131735,0,1
ENSMUSG00000131743,2,2
ENSMUSG00000131745,3,1
ENSMUSG00000131747,0,0
ENSMUSG00000131749,1,0
ENSMUSG00000131753,3,1
ENSMUSG00000131756,1,0
ENSMUSG00000131757,0,0
ENSMUSG00000131774,0,0
ENSMUSG00000131777,1,0
ENSMUSG00000131778,1,1
ENSMUSG00000131780,1,0
ENSMUSG00000131786,1,1
ENSMUSG00000131803,1,0
ENSMUSG00000131815,0,0
ENSMUSG00000131818,0,1
ENSMUSG00000131849,2,0
ENSMUSG00000131858,2,3
ENSMUSG00000131859,1,1
ENSMUSG00000131867,1,0
ENSMUSG00000131868,0,0
ENSMUSG00000131874,2,3
ENSMUSG00000131883,1,0
ENSMUSG00000131889,0,0
ENSMUSG00000131896,1,1
ENSMUSG00000131897,0,1
ENSMUSG00000131900,0,1
ENSMUSG00000131902,0,0
ENSMUSG00000131903,1,2
ENSMUSG00000131906,0,0
ENSMUSG00000131909,0,1
ENSMUSG00000131917,0,0
ENSMUSG00000131920,2,0
ENSMUSG00000131934,0,0
ENSMUSG00000131935,2,2
ENSMUSG00000131938,1,0
ENSMUSG00000131947,0,1
ENSMUSG00000131949,6,3
ENSMUSG00000131955,1,1
ENSMUSG00000131962,1,3
ENSMUSG00000131965,0,1
ENSMUSG00000131967,0,1
ENSMUSG00000131984,0,1
ENSMUSG00000131987,2,2
ENSMUSG00000132009,0,1
ENSMUSG00000132011,0,0
ENSMUSG00000132018,1,1
ENSMUSG00000132024,9,6
ENSMUSG00000132025,0,1
ENSMUSG00000132026,2,1
ENSMUSG00000132030,0,1
ENSMUSG00000132031,1,1
ENSMUSG00000132045,0,1
ENSMUSG00000132047,1,0
ENSMUSG00000132055,0,1
ENSMUSG00000132059,2,3
ENSMUSG00000132063,0,0
ENSMUSG00000132064,4,1
ENSMUSG00000132066,0,0
ENSMUSG00000132070,1,2
ENSMUSG00000132094,2,2
ENSMUSG00000132098,1,1
ENSMUSG00000132103,0,0
ENSMUSG00000132105,0,0
ENSMUSG00000132106,2,0
ENSMUSG00000132110,10,9
ENSMUSG00000132112,1,0
ENSMUSG00000132124,1,0
ENSMUSG00000132127,0,0
ENSMUSG00000132130,2,1
ENSMUSG00000132131,1,1
ENSMUSG00000132138,8,5
ENSMUSG00000132141,1,0
ENSMUSG00000132145,1,1
ENSMUSG00000132147,1,0
ENSMUSG00000132155,1,0
ENSMUSG00000132157,2,0
ENSMUSG00000132159,0,2
ENSMUSG00000132161,3,2
ENSMUSG00000132162,1,0
ENSMUSG00000132163,0,0
ENSMUSG00000132164,2,0
ENSMUSG00000132173,2,2
ENSMUSG00000132178,87,69
ENSMUSG00000132201,0,1
ENSMUSG00000132202,2,1
ENSMUSG00000132204,1,0
ENSMUSG00000132209,1,1
ENSMUSG00000132216,1,0
ENSMUSG00000132221,1,2
ENSMUSG00000132224,1,3
ENSMUSG00000132232,0,1
ENSMUSG00000132236,1,2
ENSMUSG00000132238,1,1
ENSMUSG00000132245,2,1
ENSMUSG00000132262,0,1
ENSMUSG00000132274,1,0
ENSMUSG00000132298,1,1
ENSMUSG00000132304,0,1
ENSMUSG00000132318,4,6
ENSMUSG00000132322,11,11
ENSMUSG00000132323,0,0
ENSMUSG00000132333,3,1
ENSMUSG00000132335,0,0
ENSMUSG00000132336,2,2
ENSMUSG00000132355,1,1
ENSMUSG00000132359,0,0
ENSMUSG00000132379,7,1
ENSMUSG00000132387,1,1
ENSMUSG00000132393,1,3
ENSMUSG00000132395,0,1
ENSMUSG00000132401,2,3
ENSMUSG00000132417,1,0
ENSMUSG00000132423,1,1
ENSMUSG00000132429,7,7
ENSMUSG00000132432,2,2
ENSMUSG00000132433,3,1
ENSMUSG00000132437,2,3
ENSMUSG00000132439,0,1
ENSMUSG00000132442,1,0
ENSMUSG00000132459,3,0
ENSMUSG00000132460,4,3
ENSMUSG00000132465,7,1
ENSMUSG00000132467,1,2
ENSMUSG00000132474,4,8
ENSMUSG00000132478,1,0
ENSMUSG00000132490,0,0
ENSMUSG00000132493,2,2
ENSMUSG00000132496,0,1
ENSMUSG00000132508,0,1
ENSMUSG00000132509,3,0
ENSMUSG00000132554,1,0
ENSMUSG00000132586,1,0
ENSMUSG00000132590,0,0
ENSMUSG00000132592,1,0
ENSMUSG00000132601,0,0
ENSMUSG00000132616,1,0
ENSMUSG00000132631,1,0
ENSMUSG00000132632,8,5
ENSMUSG00000132646,0,0
ENSMUSG00000132649,13,11
ENSMUSG00000132652,1,1
ENSMUSG00000132657,1,1
ENSMUSG00000132668,0,2
ENSMUSG00000132678,1,1
ENSMUSG00000132691,2,0
ENSMUSG00000132695,1,0
ENSMUSG00000132711,2,1
ENSMUSG00000132718,2,0
ENSMUSG00000132757,0,0
ENSMUSG00000132766,1,1
ENSMUSG00000132785,0,0
ENSMUSG00000132787,1,1
ENSMUSG00000132793,0,0
ENSMUSG00000132794,0,0
ENSMUSG00000132798,1,0
ENSMUSG00000132816,0,0
ENSMUSG00000132818,1,1
ENSMUSG00000132827,4,3
ENSMUSG00000132833,1,0
ENSMUSG00000132856,1,1
ENSMUSG00000132859,1,0
ENSMUSG00000132861,2,2
ENSMUSG00000132887,4,4
ENSMUSG00000132896,0,1
ENSMUSG00000132905,1,1
ENSMUSG00000132911,0,1
ENSMUSG00000132916,2,2
ENSMUSG00000132918,1,1
ENSMUSG00000132932,0,0
ENSMUSG00000132934,1,1
ENSMUSG00000132946,0,0
ENSMUSG00000132975,1,0
ENSMUSG00000132980,1,0
ENSMUSG00000133002,0,0
ENSMUSG00000133008,1,0
ENSMUSG00000133016,1,0
ENSMUSG00000133019,0,1
ENSMUSG00000133032,1,0
ENSMUSG00000133036,1,1
ENSMUSG00000133064,1,0
ENSMUSG00000133066,0,1
ENSMUSG00000133085,0,1
ENSMUSG00000133089,3,0
ENSMUSG00000133090,1,1
ENSMUSG00000133097,0,0
ENSMUSG00000133104,0,2
ENSMUSG00000133110,0,2
ENSMUSG00000133127,1,2
ENSMUSG00000133166,0,0
ENSMUSG00000133194,1,2
ENSMUSG00000133200,0,0
ENSMUSG00000133210,0,1
ENSMUSG00000133222,2,1
ENSMUSG00000133224,3,3
ENSMUSG00000133228,2,0
ENSMUSG00000133230,1,4
ENSMUSG00000133235,0,0
ENSMUSG00000133249,1,1
ENSMUSG00000133253,0,1
ENSMUSG00000133262,1,0
ENSMUSG00000133269,0,1
ENSMUSG00000133272,1,1
ENSMUSG00000133276,2,0
ENSMUSG00000133277,0,1
ENSMUSG00000133280,6,4
ENSMUSG00000133281,1,0
ENSMUSG00000133285,3,3
ENSMUSG00000133293,0,0
ENSMUSG00000133301,0,0
ENSMUSG00000133306,1,1
ENSMUSG00000133309,1,1
ENSMUSG00000133319,1,0
ENSMUSG00000133320,0,0
ENSMUSG00000133321,8,1
ENSMUSG00000133323,0,0
ENSMUSG00000133331,0,2
ENSMUSG00000133335,1,1
ENSMUSG00000133345,0,0
ENSMUSG00000133362,1,1
ENSMUSG00000133366,1,1
ENSMUSG00000133368,0,1
ENSMUSG00000133370,0,0
ENSMUSG00000133374,1,1
ENSMUSG00000133375,2,1
ENSMUSG00000133383,0,0
ENSMUSG00000133387,3,2
ENSMUSG00000133390,3,2
ENSMUSG00000133407,1,1
ENSMUSG00000133440,1,0
ENSMUSG00000133449,1,0
ENSMUSG00000133451,1,0
ENSMUSG00000133454,1,2
ENSMUSG00000133463,4,2
ENSMUSG00000133467,1,1
ENSMUSG00000133468,1,1
ENSMUSG00000133473,0,1
ENSMUSG00000133475,0,1
ENSMUSG00000133481,0,1
ENSMUSG00000133484,1,1
ENSMUSG00000133486,1,0
ENSMUSG00000133496,1,2
ENSMUSG00000133502,5,4
ENSMUSG00000133505,1,1
ENSMUSG00000133520,59,29
ENSMUSG00000133527,2,3
ENSMUSG00000133556,0,0
ENSMUSG00000133560,1,0
ENSMUSG00000133564,0,0
ENSMUSG00000133571,1,1
ENSMUSG00000133585,1,1
ENSMUSG00000133586,2,0
ENSMUSG00000133593,1,0
ENSMUSG00000133601,1,0
ENSMUSG00000133603,0,1
ENSMUSG00000133611,3,2
ENSMUSG00000133622,1,0
ENSMUSG00000133624,1,0
ENSMUSG00000133626,0,1
ENSMUSG00000133630,1,2
ENSMUSG00000133634,0,1
ENSMUSG00000133641,0,0
ENSMUSG00000133650,0,1
ENSMUSG00000133659,3,2
ENSMUSG00000133671,1,0
ENSMUSG00000133673,1,0
ENSMUSG00000133683,1,1
ENSMUSG00000133689,5,3
ENSMUSG00000133691,0,1
ENSMUSG00000133710,1,2
ENSMUSG00000133716,3,5
ENSMUSG00000133721,1,1
ENSMUSG00000133744,1,1
ENSMUSG00000133761,1,0
ENSMUSG00000133765,0,0
ENSMUSG00000133770,1,2
ENSMUSG00000133776,0,0
ENSMUSG00000133777,6,11
ENSMUSG00000133784,0,1
ENSMUSG00000133785,0,0
ENSMUSG00000133786,0,1
ENSMUSG00000133803,0,1
ENSMUSG00000133807,0,0
ENSMUSG00000133808,0,0
ENSMUSG00000133812,1,0
ENSMUSG00000133829,1,1
ENSMUSG00000133840,1,0
ENSMUSG00000133845,0,1
ENSMUSG00000133849,1,0
ENSMUSG00000133850,0,0
ENSMUSG00000133856,0,0
ENSMUSG00000133858,3,2
ENSMUSG00000133864,0,1
ENSMUSG00000133874,2,0
ENSMUSG00000133895,2,2
ENSMUSG00000133904,0,1
ENSMUSG00000133905,0,0
ENSMUSG00000133923,1,1
ENSMUSG00000133925,2,0
ENSMUSG00000133933,1,1
ENSMUSG00000133939,0,0
ENSMUSG00000133947,0,0
ENSMUSG00000133985,1,2
ENSMUSG00000133989,1,0
ENSMUSG00000133992,0,1
ENSMUSG00000133994,0,0
ENSMUSG00000134000,0,1
ENSMUSG00000134001,0,1
ENSMUSG00000134014,1,0
ENSMUSG00000134017,0,1
ENSMUSG00000134028,1,0
ENSMUSG00000134032,1,1
ENSMUSG00000134039,0,0
ENSMUSG00000134040,3,1
ENSMUSG00000134044,0,0
ENSMUSG00000134045,0,0
ENSMUSG00000134048,0,0
ENSMUSG00000134049,9,8
ENSMUSG00000134054,4,4
ENSMUSG00000134064,3,1
ENSMUSG00000134070,0,0
ENSMUSG00000134072,1,2
ENSMUSG00000134081,2,0
ENSMUSG00000134083,0,1
ENSMUSG00000134087,1,0
ENSMUSG00000134095,1,0
ENSMUSG00000134105,1,0
ENSMUSG00000134109,0,2
ENSMUSG00000134110,0,1
ENSMUSG00000134113,2,4
ENSMUSG00000134115,0,0
ENSMUSG00000134123,6,3
ENSMUSG00000134126,0,0
ENSMUSG00000134129,1,0
ENSMUSG00000134130,1,0
ENSMUSG00000134133,166,147
ENSMUSG00000134145,2,1
ENSMUSG00000134146,0,1
ENSMUSG00000134152,5,5
ENSMUSG00000134157,0,1
ENSMUSG00000134165,1,0
ENSMUSG00000134166,2,2
ENSMUSG00000134176,3,1
ENSMUSG00000134179,1,1
ENSMUSG00000134181,0,2
ENSMUSG00000134199,0,1
ENSMUSG00000134209,1,1
ENSMUSG00000134210,0,1
ENSMUSG00000134215,4,3
ENSMUSG00000134222,5,7
ENSMUSG00000134224,1,1
ENSMUSG00000134226,1,2
ENSMUSG00000134231,3,1
ENSMUSG00000134242,0,0
ENSMUSG00000134245,0,1
ENSMUSG00000134247,1,0
ENSMUSG00000134256,0,3
ENSMUSG00000134258,0,0
ENSMUSG00000134259,2,1
ENSMUSG00000134266,1,1
ENSMUSG00000134271,3,2
ENSMUSG00000134277,1,1
ENSMUSG00000134278,0,0
ENSMUSG00000134281,0,0
ENSMUSG00000134282,1,1
ENSMUSG00000134289,1,0
ENSMUSG00000134290,2,1
ENSMUSG00000134297,1,2
ENSMUSG00000134300,0,1
ENSMUSG00000134302,0,1
ENSMUSG00000134304,93,99
ENSMUSG00000134309,1,0
ENSMUSG00000134311,1,0
ENSMUSG00000134325,0,0
ENSMUSG00000134333,0,1
ENSMUSG00000134339,1,0
ENSMUSG00000134341,0,1
ENSMUSG00000134349,3,2
ENSMUSG00000134350,0,0
ENSMUSG00000134351,1,1
ENSMUSG00000134352,1,0
ENSMUSG00000134361,0,0
ENSMUSG00000134363,1,0
ENSMUSG00000134370,6,2
ENSMUSG00000134391,0,1
ENSMUSG00000134393,0,0
ENSMUSG00000134399,2,1
ENSMUSG00000134407,0,0
ENSMUSG00000134408,1,0
ENSMUSG00000134412,1,2
ENSMUSG00000134422,0,0
ENSMUSG00000134432,0,0
ENSMUSG00000134433,0,1
ENSMUSG00000134438,1,2
ENSMUSG00000134452,4,5
ENSMUSG00000134453,1,0
ENSMUSG00000134465,0,2
ENSMUSG00000134467,1,0
ENSMUSG00000134472,1,0
ENSMUSG00000134475,0,1
ENSMUSG00000134482,0,1
ENSMUSG00000134485,0,0
ENSMUSG00000134491,0,0
ENSMUSG00000134503,0,0
ENSMUSG00000134509,1,1
ENSMUSG00000134510,5,5
ENSMUSG00000134516,0,1
ENSMUSG00000134518,0,0
ENSMUSG00000134522,2,1
ENSMUSG00000134527,0,1
ENSMUSG00000134528,1,2
ENSMUSG00000134533,1,0
ENSMUSG00000134534,1,0
ENSMUSG00000134538,0,0
ENSMUSG00000134558,1,0
ENSMUSG00000134562,1,0
ENSMUSG00000134566,3,2
ENSMUSG00000134570,3,1
ENSMUSG00000134578,1,0
ENSMUSG00000134580,0,1
ENSMUSG00000134587,1,1
ENSMUSG00000134589,0,0
ENSMUSG00000134603,2,0
ENSMUSG00000134610,0,1
ENSMUSG00000134617,1,1
ENSMUSG00000134618,0,0
ENSMUSG00000134639,5,6
ENSMUSG00000134643,1,1
ENSMUSG00000134647,5,3
ENSMUSG00000134649,1,0
ENSMUSG00000134658,1,0
ENSMUSG00000134668,0,0
ENSMUSG00000134686,1,1
ENSMUSG00000134687,5,7
ENSMUSG00000134689,2,2
ENSMUSG00000134692,2,0
ENSMUSG00000134705,3,1
ENSMUSG00000134714,1,0
ENSMUSG00000134722,0,0
ENSMUSG00000134735,0,0
ENSMUSG00000134742,3,4
ENSMUSG00000134745,0,2
ENSMUSG00000134753,1,0
ENSMUSG00000134758,1,0
ENSMUSG00000134759,0,1
ENSMUSG00000134763,1,1
ENSMUSG00000134772,1,0
ENSMUSG00000134775,2,3
ENSMUSG00000134786,1,3
ENSMUSG00000134787,1,0
ENSMUSG00000134791,2,1
ENSMUSG00000134809,0,1
ENSMUSG00000134810,2,3
ENSMUSG00000134812,0,1
ENSMUSG00000134819,1,1
ENSMUSG00000134824,1,1
ENSMUSG00000134826,0,1
ENSMUSG00000134840,2,1
ENSMUSG00000134850,4,6
ENSMUSG00000134889,0,1
ENSMUSG00000134895,0,1
ENSMUSG00000134897,1,2
ENSMUSG00000134921,1,1
ENSMUSG00000134930,1,0
ENSMUSG00000134932,0,0
ENSMUSG00000134933,1,0
ENSMUSG00000134937,1,0
ENSMUSG00000134942,3,3
ENSMUSG00000134947,1,0
ENSMUSG00000134953,1,0
ENSMUSG00000134957,2,1
ENSMUSG00000134969,0,0
ENSMUSG00000134970,1,0
ENSMUSG00000134972,0,0
ENSMUSG00000134973,1,0
ENSMUSG00000134976,1,4
ENSMUSG00000134993,0,1
ENSMUSG00000134995,1,0
ENSMUSG00000134996,2,4
ENSMUSG00000135002,2,1
ENSMUSG00000135010,0,1
ENSMUSG00000135017,1,1
ENSMUSG00000135020,2,0
ENSMUSG00000135021,0,1
ENSMUSG00000135024,1,0
ENSMUSG00000135047,1,1
ENSMUSG00000135048,1,1
ENSMUSG00000135049,0,1
ENSMUSG00000135059,2,1
ENSMUSG00000135067,0,0
ENSMUSG00000135076,0,2
ENSMUSG00000135091,1,0
ENSMUSG00000135104,1,0
ENSMUSG00000135110,1,0
ENSMUSG00000135113,0,0
ENSMUSG00000135119,1,0
ENSMUSG00000135122,1,1
ENSMUSG00000135126,1,0
ENSMUSG00000135130,0,1
ENSMUSG00000135131,1,1
ENSMUSG00000135133,1,0
ENSMUSG00000135179,0,1
ENSMUSG00000135191,1,0
ENSMUSG00000135193,0,1
ENSMUSG00000135211,0,1
ENSMUSG00000135218,0,0
ENSMUSG00000135221,0,0
ENSMUSG00000135222,1,1
ENSMUSG00000135246,1,0
ENSMUSG00000135251,2,1
ENSMUSG00000135269,0,0
ENSMUSG00000135271,0,1
ENSMUSG00000135280,0,0
ENSMUSG00000135285,0,0
ENSMUSG00000135307,1,2
ENSMUSG00000135315,0,0
ENSMUSG00000135331,0,1
ENSMUSG00000135335,3,3
ENSMUSG00000135339,2,1
ENSMUSG00000135341,3,3
ENSMUSG00000135349,0,1
ENSMUSG00000135351,0,0
ENSMUSG00000135361,1,0
ENSMUSG00000135378,0,0
ENSMUSG00000135385,0,0
ENSMUSG00000135388,3,5
ENSMUSG00000135407,0,0
ENSMUSG00000135415,1,0
ENSMUSG00000135442,0,1
ENSMUSG00000135450,1,2
ENSMUSG00000135455,3,1
ENSMUSG00000135460,0,1
ENSMUSG00000135463,1,6
ENSMUSG00000135469,3,3
ENSMUSG00000135478,0,1
ENSMUSG00000135480,0,0
ENSMUSG00000135483,1,0
ENSMUSG00000135486,3,1
ENSMUSG00000135492,12,4
ENSMUSG00000135506,1,0
ENSMUSG00000135514,0,0
ENSMUSG00000135516,0,0
ENSMUSG00000135519,1,1
ENSMUSG00000135529,1,0
ENSMUSG00000135532,2,2
ENSMUSG00000135543,2,0
ENSMUSG00000135552,1,2
ENSMUSG00000135561,3,2
ENSMUSG00000135564,3,1
ENSMUSG00000135570,2,0
ENSMUSG00000135579,1,0
ENSMUSG00000135585,1,2
ENSMUSG00000135596,4,5
ENSMUSG00000135597,0,0
ENSMUSG00000135622,1,1
ENSMUSG00000135629,4,1
ENSMUSG00000135643,0,0
ENSMUSG00000135645,1,1
ENSMUSG00000135666,0,0
ENSMUSG00000135667,1,2
ENSMUSG00000135672,0,0
ENSMUSG00000135677,1,0
ENSMUSG00000135682,2,1
ENSMUSG00000135701,0,0
ENSMUSG00000135712,1,0
ENSMUSG00000135723,0,0
ENSMUSG00000135735,0,1
ENSMUSG00000135744,1,0
ENSMUSG00000135746,0,0
ENSMUSG00000135760,1,1
ENSMUSG00000135774,0,1
ENSMUSG00000135777,1,0
ENSMUSG00000135778,0,0
ENSMUSG00000135784,0,1
ENSMUSG00000135787,0,0
ENSMUSG00000135789,1,1
ENSMUSG00000135795,10,4
ENSMUSG00000135799,1,1
ENSMUSG00000135809,25,15
ENSMUSG00000135820,0,1
ENSMUSG00000135845,16,21
ENSMUSG00000135852,1,1
ENSMUSG00000135859,0,0
ENSMUSG00000135861,1,0
ENSMUSG00000135889,2,2
ENSMUSG00000135892,0,1
ENSMUSG00000135893,2,3
ENSMUSG00000135902,0,1
ENSMUSG00000135904,1,1
ENSMUSG00000135910,1,1
ENSMUSG00000135912,1,1
ENSMUSG00000135920,1,0
ENSMUSG00000135921,0,0
ENSMUSG00000135926,1,0
ENSMUSG00000135928,0,0
ENSMUSG00000135935,0,0
ENSMUSG00000135941,1,0
ENSMUSG00000135943,1,1
ENSMUSG00000135952,4,1
ENSMUSG00000135953,1,3
ENSMUSG00000135955,1,0
ENSMUSG00000135967,1,0
ENSMUSG00000135969,1,0
ENSMUSG00000135974,0,2
ENSMUSG00000135980,0,0
ENSMUSG00000135983,1,2
ENSMUSG00000135985,1,0
ENSMUSG00000136000,0,1
ENSMUSG00000136027,2,1
ENSMUSG00000136034,0,0
ENSMUSG00000136038,0,1
ENSMUSG00000136042,1,0
ENSMUSG00000136043,1,0
ENSMUSG00000136048,0,1
ENSMUSG00000136056,1,0
ENSMUSG00000136067,0,1
ENSMUSG00000136076,1,0
ENSMUSG00000136077,0,0
ENSMUSG00000136083,1,1
ENSMUSG00000136085,0,1
ENSMUSG00000136089,1,2
ENSMUSG00000136090,1,1
ENSMUSG00000136104,2,1
ENSMUSG00000136110,0,0
ENSMUSG00000136121,0,0
ENSMUSG00000136131,0,1
ENSMUSG00000136141,2,0
ENSMUSG00000136143,1,3
ENSMUSG00000136153,1,0
ENSMUSG00000136166,2,1
ENSMUSG00000136167,2,0
ENSMUSG00000136172,1,1
ENSMUSG00000136183,1,0
ENSMUSG00000136187,0,0
ENSMUSG00000136188,0,2
ENSMUSG00000136190,0,1
ENSMUSG00000136217,1,0
ENSMUSG00000136232,1,0
ENSMUSG00000136237,1,0
ENSMUSG00000136242,0,0
ENSMUSG00000136243,6,7
ENSMUSG00000136256,0,0
ENSMUSG00000136264,1,1
ENSMUSG00000136276,1,2
ENSMUSG00000136277,1,0
ENSMUSG00000136290,3,1
ENSMUSG00000136293,1,3
ENSMUSG00000136300,1,1
ENSMUSG00000136303,2,0
ENSMUSG00000136307,1,1
ENSMUSG00000136315,0,2
ENSMUSG00000136317,0,0
ENSMUSG00000136324,1,2
ENSMUSG00000136330,1,1
ENSMUSG00000136342,2,0
ENSMUSG00000136358,2,0
ENSMUSG00000136368,4,2
ENSMUSG00000136369,1,1
ENSMUSG00000136370,2,0
ENSMUSG00000136380,3,3
ENSMUSG00000136383,0,1
ENSMUSG00000136392,0,0
ENSMUSG00000136403,1,1
ENSMUSG00000136414,2,2
ENSMUSG00000136449,2,1
ENSMUSG00000136452,3,1
ENSMUSG00000136456,0,1
ENSMUSG00000136466,1,2
ENSMUSG00000136474,1,2
ENSMUSG00000136476,3,1
ENSMUSG00000136479,0,0
ENSMUSG00000136485,0,0
ENSMUSG00000136491,4,4
ENSMUSG00000136501,0,0
ENSMUSG00000136515,0,0
ENSMUSG00000136516,2,2
ENSMUSG00000136532,0,1
ENSMUSG00000136541,2,1
ENSMUSG00000136544,1,0
ENSMUSG00000136571,2,0
ENSMUSG00000136578,2,0
ENSMUSG00000136582,0,2
ENSMUSG00000136587,3,2
ENSMUSG00000136590,2,1
ENSMUSG00000136596,1,1
ENSMUSG00000136601,0,1
ENSMUSG00000136603,2,3
ENSMUSG00000136604,1,1
ENSMUSG00000136605,1,0
ENSMUSG00000136613,1,0
ENSMUSG00000136624,0,1
ENSMUSG00000136625,1,0
ENSMUSG00000136628,4,3
ENSMUSG00000136632,0,0
ENSMUSG00000136648,0,1
ENSMUSG00000136653,0,1
ENSMUSG00000136654,4,1
ENSMUSG00000136655,0,2
ENSMUSG00000136657,1,0
ENSMUSG00000136664,1,0
ENSMUSG00000136670,0,0
ENSMUSG00000136672,1,0
ENSMUSG00000136679,1,0
ENSMUSG00000136684,1,0
ENSMUSG00000136690,1,0
ENSMUSG00000136693,0,0
ENSMUSG00000136698,3,1
ENSMUSG00000136699,3,2
ENSMUSG00000136709,0,0
ENSMUSG00000136739,0,0
ENSMUSG00000136740,2,0
ENSMUSG00000136750,2,3
ENSMUSG00000136769,4,2
ENSMUSG00000136785,1,1
ENSMUSG00000136798,1,1
ENSMUSG00000136799,0,1
ENSMUSG00000136801,2,1
ENSMUSG00000136806,1,0
ENSMUSG00000136813,1,1
ENSMUSG00000136816,1,3
ENSMUSG00000136828,0,1
ENSMUSG00000136832,2,1
ENSMUSG00000136834,0,0
ENSMUSG00000136836,3,0
ENSMUSG00000136844,0,0
ENSMUSG00000136851,1,0
ENSMUSG00000136852,3,2
ENSMUSG00000136854,0,1
ENSMUSG00000136877,1,0
ENSMUSG00000136892,1,1
ENSMUSG00000136901,2,1
ENSMUSG00000136904,1,1
ENSMUSG00000136913,0,1
ENSMUSG00000136914,2,1
ENSMUSG00000136919,2,0
ENSMUSG00000136921,1,1
ENSMUSG00000136922,0,0
ENSMUSG00000136926,2,2
ENSMUSG00000136930,1,1
ENSMUSG00000136931,0,1
ENSMUSG00000136938,0,1
ENSMUSG00000136940,0,3
ENSMUSG00000136948,2,0
ENSMUSG00000136949,2,0
ENSMUSG00000136961,0,0
ENSMUSG00000136965,0,1
ENSMUSG00000136971,0,0
ENSMUSG00000136979,2,2
ENSMUSG00000136982,0,0
ENSMUSG00000136994,1,1
ENSMUSG00000137000,1,0
ENSMUSG00000137004,0,0
ENSMUSG00000137008,1,2
ENSMUSG00000137014,0,1
ENSMUSG00000137016,1,0
ENSMUSG00000137017,0,1
ENSMUSG00000137021,1,0
ENSMUSG00000137029,3,4
ENSMUSG00000137035,1,3
ENSMUSG00000137055,1,1
ENSMUSG00000137059,5,0
ENSMUSG00000137062,2,0
ENSMUSG00000137069,1,2
ENSMUSG00000137075,1,2
ENSMUSG00000137082,1,2
ENSMUSG00000137095,2,3
ENSMUSG00000137097,0,0
ENSMUSG00000137102,0,0
ENSMUSG00000137112,2,1
ENSMUSG00000137137,0,1
ENSMUSG00000137138,0,0
ENSMUSG00000137152,1,0
ENSMUSG00000137163,1,0
ENSMUSG00000137169,0,1
ENSMUSG00000137173,5,4
ENSMUSG00000137191,2,0
ENSMUSG00000137195,2,2
ENSMUSG00000137201,0,1
ENSMUSG00000137207,6,4
ENSMUSG00000137215,2,2
ENSMUSG00000137219,1,0
ENSMUSG00000137230,0,2
ENSMUSG00000137235,1,0
ENSMUSG00000137236,1,0
ENSMUSG00000137237,4,4
ENSMUSG00000137238,1,1
ENSMUSG00000137245,1,2
ENSMUSG00000137250,0,0
ENSMUSG00000137253,2,2
ENSMUSG00000137256,0,0
ENSMUSG00000137257,0,1
ENSMUSG00000137268,0,1
ENSMUSG00000137273,2,3
ENSMUSG00000137277,5,6
ENSMUSG00000137281,0,0
ENSMUSG00000137288,0,1
ENSMUSG00000137306,4,1
ENSMUSG00000137314,2,3
ENSMUSG00000137326,1,1
ENSMUSG00000137336,3,0
ENSMUSG00000137343,2,3
ENSMUSG00000137349,0,2
ENSMUSG00000137371,2,0
ENSMUSG00000137377,0,2
ENSMUSG00000137381,1,0
ENSMUSG00000137391,0,0
ENSMUSG00000137405,0,0
ENSMUSG00000137414,2,1
ENSMUSG00000137417,1,1
ENSMUSG00000137426,3,3
ENSMUSG00000137433,0,0
ENSMUSG00000137435,1,0
ENSMUSG00000137437,0,1
ENSMUSG00000137443,2,2
ENSMUSG00000137455,0,1
ENSMUSG00000137470,1,2
ENSMUSG00000137476,0,0
ENSMUSG00000137477,3,2
ENSMUSG00000137490,1,0
ENSMUSG00000137497,1,0
ENSMUSG00000137498,1,0
ENSMUSG00000137521,2,0
ENSMUSG00000137527,1,0
ENSMUSG00000137530,2,1
ENSMUSG00000137536,1,0
ENSMUSG00000137538,1,2
ENSMUSG00000137543,0,1
ENSMUSG00000137564,0,1
ENSMUSG00000137568,0,1
ENSMUSG00000137572,0,2
ENSMUSG00000137574,0,0
ENSMUSG00000137581,1,1
ENSMUSG00000137593,2,0
ENSMUSG00000137595,1,1
ENSMUSG00000137596,0,0
ENSMUSG00000137598,1,1
ENSMUSG00000137599,0,0
ENSMUSG00000137605,2,1
ENSMUSG00000137616,2,0
ENSMUSG00000137617,0,0
ENSMUSG00000137630,2,1
ENSMUSG00000137633,1,0
ENSMUSG00000137642,6,4
ENSMUSG00000137649,0,0
ENSMUSG00000137662,0,0
ENSMUSG00000137665,0,1
ENSMUSG00000137669,1,0
ENSMUSG00000137675,4,1
ENSMUSG00000137682,0,1
ENSMUSG00000137685,1,2
ENSMUSG00000137687,0,1
ENSMUSG00000137695,2,1
ENSMUSG00000137696,2,0
ENSMUSG00000137701,3,1
ENSMUSG00000137702,0,1
ENSMUSG00000137704,0,1
ENSMUSG00000137707,1,1
ENSMUSG00000137715,1,1
ENSMUSG00000137718,0,0
ENSMUSG00000137720,1,0
ENSMUSG00000137725,0,1
ENSMUSG00000137731,3,4
ENSMUSG00000137736,1,2
ENSMUSG00000137737,4,8
ENSMUSG00000137739,1,0
ENSMUSG00000137746,2,3
ENSMUSG00000137749,0,0
ENSMUSG00000137753,0,1
ENSMUSG00000137767,3,1
ENSMUSG00000137776,2,2
ENSMUSG00000137787,1,0
ENSMUSG00000137794,0,0
ENSMUSG00000137797,1,1
ENSMUSG00000137801,262,242
ENSMUSG00000137809,0,1
ENSMUSG00000137811,1,0
ENSMUSG00000137815,1,1
ENSMUSG00000137822,1,0
ENSMUSG00000137823,1,1
ENSMUSG00000137825,1,0
ENSMUSG00000137837,1,0
ENSMUSG00000137845,0,1
ENSMUSG00000137850,2,0
ENSMUSG00000137867,1,0
ENSMUSG00000137870,3,4
ENSMUSG00000137871,0,3
ENSMUSG00000137872,1,2
ENSMUSG00000137874,1,0
ENSMUSG00000137881,1,0
ENSMUSG00000137882,1,1
ENSMUSG00000137887,1,0
ENSMUSG00000137895,1,1
ENSMUSG00000137904,1,0
ENSMUSG00000137909,0,0
ENSMUSG00000137929,1,0
ENSMUSG00000137931,0,1
ENSMUSG00000137943,2,2
ENSMUSG00000137951,1,0
ENSMUSG00000137954,1,3
ENSMUSG00000137955,1,1
ENSMUSG00000137957,0,0
ENSMUSG00000137973,1,0
ENSMUSG00000138003,1,4
ENSMUSG00000138014,0,0
ENSMUSG00000138018,0,0
ENSMUSG00000138022,2,5
ENSMUSG00000138039,4,1
ENSMUSG00000138040,0,0
ENSMUSG00000138043,0,0
ENSMUSG00000138053,0,1
ENSMUSG00000138055,1,2
ENSMUSG00000138062,0,1
ENSMUSG00000138067,0,2
ENSMUSG00000138069,0,1
ENSMUSG00000138070,1,2
ENSMUSG00000138079,2,0
ENSMUSG00000138082,14,8
ENSMUSG00000138085,0,1
ENSMUSG00000138091,3,6
ENSMUSG00000138092,2,0
ENSMUSG00000138105,0,0
ENSMUSG00000138109,1,2
ENSMUSG00000138120,0,0
ENSMUSG00000138122,1,0
ENSMUSG00000138127,0,1
ENSMUSG00000138130,0,1
ENSMUSG00000138147,1,0
ENSMUSG00000138150,1,1
ENSMUSG00000138154,3,1
ENSMUSG00000138161,0,0
ENSMUSG00000138163,0,1
ENSMUSG00000138165,4,2
ENSMUSG00000138168,4,2
ENSMUSG00000138178,0,1
ENSMUSG00000138179,0,1
ENSMUSG00000138181,0,0
ENSMUSG00000138188,1,4
ENSMUSG00000138205,0,2
ENSMUSG00000138208,1,1
ENSMUSG00000138232,2,2
ENSMUSG00000138237,0,0
ENSMUSG00000138238,1,1
ENSMUSG00000138247,0,0
ENSMUSG00000138259,0,1
ENSMUSG00000138260,2,1
ENSMUSG00000138267,2,1
ENSMUSG00000138273,0,1
ENSMUSG00000138276,1,2
ENSMUSG00000138277,1,2
ENSMUSG00000138293,0,1
ENSMUSG00000138294,1,0
ENSMUSG00000138310,0,0
ENSMUSG00000138313,0,2
ENSMUSG00000138317,0,1
ENSMUSG00000138318,1,0
ENSMUSG00000138320,1,1
ENSMUSG00000138322,1,1
ENSMUSG00000138335,2,0
ENSMUSG00000138342,2,2
ENSMUSG00000138356,2,3
ENSMUSG00000138358,2,2
ENSMUSG00000138360,1,1
ENSMUSG00000138362,4,1
ENSMUSG00000138372,0,1
ENSMUSG00000138379,1,1
ENSMUSG00000138392,4,3
ENSMUSG00000138394,1,1
ENSMUSG00000138398,0,0
ENSMUSG00000138403,1,0
ENSMUSG00000138411,3,2
ENSMUSG00000138414,0,0
ENSMUSG00000138416,0,0
ENSMUSG00000138432,1,0
ENSMUSG00000138433,1,0
ENSMUSG00000138437,1,1
ENSMUSG00000138450,0,2
ENSMUSG00000138455,0,0
ENSMUSG00000138458,0,1
ENSMUSG00000138470,1,2
ENSMUSG00000138479,0,0
ENSMUSG00000138487,4,10
ENSMUSG00000138494,2,1
ENSMUSG00000138524,1,0
ENSMUSG00000138542,1,0
ENSMUSG00000138544,1,2
ENSMUSG00000138545,1,0
ENSMUSG00000138554,0,0
ENSMUSG00000138589,0,1
ENSMUSG00000138594,0,1
ENSMUSG00000138597,0,1
ENSMUSG00000138613,2,0
ENSMUSG00000138614,1,0
ENSMUSG00000138615,1,2
ENSMUSG00000138616,0,0
ENSMUSG00000138621,2,1
ENSMUSG00000138622,1,1
ENSMUSG00000138627,1,0
ENSMUSG00000138631,0,0
ENSMUSG00000138632,1,0
ENSMUSG00000138644,1,4
ENSMUSG00000138663,1,0
ENSMUSG00000138665,1,1
ENSMUSG00000138670,1,3
ENSMUSG00000138675,2,1
ENSMUSG00000138687,0,0
ENSMUSG00000138693,3,4
ENSMUSG00000138694,0,1
ENSMUSG00000138703,0,0
ENSMUSG00000138708,1,1
ENSMUSG00000138709,2,0
ENSMUSG00000138710,1,0
ENSMUSG00000138720,1,1
ENSMUSG00000138722,0,0
ENSMUSG00000138724,0,0
ENSMUSG00000138730,1,1
ENSMUSG00000138748,0,0
ENSMUSG00000138760,0,0
ENSMUSG00000138764,0,1
ENSMUSG00000138766,0,0
ENSMUSG00000138788,1,1
ENSMUSG00000138793,0,0
ENSMUSG00000138795,3,2
ENSMUSG00000138798,1,1
ENSMUSG00000138805,0,0
ENSMUSG00000138808,0,1
ENSMUSG00000138818,0,1
ENSMUSG00000138821,1,1
ENSMUSG00000138835,1,1
ENSMUSG00000138841,2,6
ENSMUSG00000138849,0,1
ENSMUSG00000138852,0,1
ENSMUSG00000138853,0,1
ENSMUSG00000138857,0,2
ENSMUSG00000138865,0,1
ENSMUSG00000138871,2,0
ENSMUSG00000138878,2,3
ENSMUSG00000138884,1,0
ENSMUSG00000138889,0,0
ENSMUSG00000138892,0,2
ENSMUSG00000138898,1,1
ENSMUSG00000138906,0,1
ENSMUSG00000138909,9,1
ENSMUSG00000138915,1,2
ENSMUSG00000138925,1,2
ENSMUSG00000138926,0,1
ENSMUSG00000138934,1,0
ENSMUSG00000138936,2,2
ENSMUSG00000138937,1,2
ENSMUSG00000138941,1,0
ENSMUSG00000138945,0,0
ENSMUSG00000138949,4,2
ENSMUSG00000138951,0,1
ENSMUSG00000138953,0,1
ENSMUSG00000138954,4,5
ENSMUSG00000138960,2,1
ENSMUSG00000138966,1,2
ENSMUSG00000138968,0,1
ENSMUSG00000138972,1,1
ENSMUSG00000138977,0,1
ENSMUSG00000138979,1,0
ENSMUSG00000138984,0,0
ENSMUSG00000138997,4,4
ENSMUSG00000139021,1,0
ENSMUSG00000139033,1,1
ENSMUSG00000139037,1,1
ENSMUSG00000139041,0,0
ENSMUSG00000139045,0,1
ENSMUSG00000139065,4,0
ENSMUSG00000139070,0,0
ENSMUSG00000139095,1,1
ENSMUSG00000139101,1,0
ENSMUSG00000139104,0,1
ENSMUSG00000139112,2,0
ENSMUSG00000139122,2,0
ENSMUSG00000139123,0,0
ENSMUSG00000139135,1,0
ENSMUSG00000139137,1,1
ENSMUSG00000139144,0,1
ENSMUSG00000139150,4,4
ENSMUSG00000139161,1,0
ENSMUSG00000139170,0,2
ENSMUSG00000139172,1,0
ENSMUSG00000139173,1,0
ENSMUSG00000139182,2,2
ENSMUSG00000139190,2,2
ENSMUSG00000139203,1,0
ENSMUSG00000139205,3,1
ENSMUSG00000139209,1,0
ENSMUSG00000139211,0,0
ENSMUSG00000139217,1,0
ENSMUSG00000139225,3,1
ENSMUSG00000139242,1,2
ENSMUSG00000139243,0,0
ENSMUSG00000139247,1,0
ENSMUSG00000139248,2,0
ENSMUSG00000139254,0,0
ENSMUSG00000139258,1,1
ENSMUSG00000139259,0,0
ENSMUSG00000139273,0,1
ENSMUSG00000139275,0,0
ENSMUSG00000139283,0,0
ENSMUSG00000139284,1,1
ENSMUSG00000139288,0,1
ENSMUSG00000139291,3,3
ENSMUSG00000139293,0,0
ENSMUSG00000139299,1,1
ENSMUSG00000139302,1,1
ENSMUSG00000139309,0,1
ENSMUSG00000139311,0,0
ENSMUSG00000139325,0,0
ENSMUSG00000139329,1,0
ENSMUSG00000139332,2,2
ENSMUSG00000139336,1,3
ENSMUSG00000139357,2,1
ENSMUSG00000139360,1,1
ENSMUSG00000139366,1,4
ENSMUSG00000139369,3,2
ENSMUSG00000139392,0,1
ENSMUSG00000139409,0,0
ENSMUSG00000139411,5,4
ENSMUSG00000139430,1,0
ENSMUSG00000139436,0,0
ENSMUSG00000139449,1,1
ENSMUSG00000139458,0,1
ENSMUSG00000139476,2,1
ENSMUSG00000139483,0,0
ENSMUSG00000139485,0,1
ENSMUSG00000139491,3,1
ENSMUSG00000139501,1,0
ENSMUSG00000139510,2,0
ENSMUSG00000139512,1,1
ENSMUSG00000139515,0,1
ENSMUSG00000139525,1,0
ENSMUSG00000139533,1,0
ENSMUSG00000139535,0,1
ENSMUSG00000139537,0,0
ENSMUSG00000139540,0,0
ENSMUSG00000139541,2,1
ENSMUSG00000139543,3,4
ENSMUSG00000139545,1,0
ENSMUSG00000139548,3,5
ENSMUSG00000139558,0,0
ENSMUSG00000139559,0,0
ENSMUSG00000139568,3,1
ENSMUSG00000139580,1,0
ENSMUSG00000139581,1,0
ENSMUSG00000139582,1,0
ENSMUSG00000139590,1,0
ENSMUSG00000139603,0,0
ENSMUSG00000139617,2,2
ENSMUSG00000139623,0,1
ENSMUSG00000139638,3,1
ENSMUSG00000139642,2,1
ENSMUSG00000139651,2,1
ENSMUSG00000139658,1,0
ENSMUSG00000139659,1,0
ENSMUSG00000139669,0,1
ENSMUSG00000139687,2,3
ENSMUSG00000139691,0,1
ENSMUSG00000139692,0,0
ENSMUSG00000139707,1,0
ENSMUSG00000139720,0,0
ENSMUSG00000139728,1,0
ENSMUSG00000139733,0,1
ENSMUSG00000139735,0,0
ENSMUSG00000139740,0,1
ENSMUSG00000139741,0,0
ENSMUSG00000139746,0,1
ENSMUSG00000139749,1,0
ENSMUSG00000139767,0,1
ENSMUSG00000139773,1,0
ENSMUSG00000139775,1,0
ENSMUSG00000139788,2,1
ENSMUSG00000139789,1,1
ENSMUSG00000139795,0,0
ENSMUSG00000139796,3,2
ENSMUSG00000139812,1,0
ENSMUSG00000139820,1,0
ENSMUSG00000139825,2,1
ENSMUSG00000139832,2,1
ENSMUSG00000139835,3,7
ENSMUSG00000139841,0,0
ENSMUSG00000139851,0,0
ENSMUSG00000139856,0,1
ENSMUSG00000139873,4,3
ENSMUSG00000139876,1,0
ENSMUSG00000139881,3,1
ENSMUSG00000139884,1,0
ENSMUSG00000139926,1,0
ENSMUSG00000139954,2,1
ENSMUSG00000139974,1,1
ENSMUSG00000139975,0,1
ENSMUSG00000139989,1,0
ENSMUSG00000139994,0,0
ENSMUSG00000140018,0,2
ENSMUSG00000140019,1,0
ENSMUSG00000140023,0,0
ENSMUSG00000140031,0,0
ENSMUSG00000140041,2,1
ENSMUSG00000140042,0,1
ENSMUSG00000140044,2,4
ENSMUSG00000140053,1,0
ENSMUSG00000140065,1,0
ENSMUSG00000140073,2,1
ENSMUSG00000140074,3,1
ENSMUSG00000140076,1,0
ENSMUSG00000140077,7,4
ENSMUSG00000140117,5,6
ENSMUSG00000140118,1,1
ENSMUSG00000140119,26,22
ENSMUSG00000140151,0,1
ENSMUSG00000140155,2,1
ENSMUSG00000140159,1,1
ENSMUSG00000140181,0,1
ENSMUSG00000140188,1,0
ENSMUSG00000140201,1,0
ENSMUSG00000140202,0,1
ENSMUSG00000140211,1,0
ENSMUSG00000140212,1,0
ENSMUSG00000140221,1,1
ENSMUSG00000140225,0,2
ENSMUSG00000140240,0,0
ENSMUSG00000140248,0,1
ENSMUSG00000140250,0,1
ENSMUSG00000140251,4,1
ENSMUSG00000140258,1,1
ENSMUSG00000140275,2,1
ENSMUSG00000140286,0,1
ENSMUSG00000140287,1,0
ENSMUSG00000140290,2,0
ENSMUSG00000140293,2,0
ENSMUSG00000140298,0,1
ENSMUSG00000140309,2,0
ENSMUSG00000140316,0,1
ENSMUSG00000140330,3,2
ENSMUSG00000140333,0,1
ENSMUSG00000140335,8,5
ENSMUSG00000140336,3,1
ENSMUSG00000140339,0,0
ENSMUSG00000140340,1,1
ENSMUSG00000140346,2,1
ENSMUSG00000140349,0,0
ENSMUSG00000140366,2,0
ENSMUSG00000140370,1,0
ENSMUSG00000140378,1,2
ENSMUSG00000140379,0,2
ENSMUSG00000140383,2,1
ENSMUSG00000140390,0,2
ENSMUSG00000140396,1,0
ENSMUSG00000140408,1,0
ENSMUSG00000140414,12,7
ENSMUSG00000140421,2,1
ENSMUSG00000140422,1,1
ENSMUSG00000140423,1,0
ENSMUSG00000140429,0,0
ENSMUSG00000140438,0,0
ENSMUSG00000140440,2,1
ENSMUSG00000140444,1,1
ENSMUSG00000140446,1,0
ENSMUSG00000140449,0,1
ENSMUSG00000140457,555,471
ENSMUSG00000140460,0,0
ENSMUSG00000140468,0,0
ENSMUSG00000140508,0,0
ENSMUSG00000140515,1,0
ENSMUSG00000140517,1,0
ENSMUSG00000140522,0,0
ENSMUSG00000140535,1,0
ENSMUSG00000140540,2,5
ENSMUSG00000140541,2,1
ENSMUSG00000140545,0,1
ENSMUSG00000140546,2,1
ENSMUSG00000140554,5,0
ENSMUSG00000140556,1,0
ENSMUSG00000140561,0,0
ENSMUSG00000140574,1,0
ENSMUSG00000140575,2,2
ENSMUSG00000140587,1,0
ENSMUSG00000140597,0,0
ENSMUSG00000140618,0,0
ENSMUSG00000140627,1,0
ENSMUSG00000140628,2,4
ENSMUSG00000140636,0,1
ENSMUSG00000140639,2,0
ENSMUSG00000140646,0,0
ENSMUSG00000140662,1,0
ENSMUSG00000140663,1,1
ENSMUSG00000140669,2,2
ENSMUSG00000140673,1,1
ENSMUSG00000140684,0,0
ENSMUSG00000140700,0,1
ENSMUSG00000140701,1,0
ENSMUSG00000140702,6,5
ENSMUSG00000140706,0,0
ENSMUSG00000140709,0,0
ENSMUSG00000140713,4,1
ENSMUSG00000140716,4,3
ENSMUSG00000140719,0,0
ENSMUSG00000140720,4,1
ENSMUSG00000140722,2,0
ENSMUSG00000140730,1,1
ENSMUSG00000140736,2,1
ENSMUSG00000140738,0,1
ENSMUSG00000140739,2,1
ENSMUSG00000140741,1,1
ENSMUSG00000140751,3,0
ENSMUSG00000140760,3,1
ENSMUSG00000140762,1,1
ENSMUSG00000140768,0,0
ENSMUSG00000140770,5,2
ENSMUSG00000140783,0,0
ENSMUSG00000140790,0,0
ENSMUSG00000140803,0,1
ENSMUSG00000140804,1,0
ENSMUSG00000140805,0,0
ENSMUSG00000140806,2,2
ENSMUSG00000140813,1,0
ENSMUSG00000140814,2,0
ENSMUSG00000140824,0,0
ENSMUSG00000140836,2,0
ENSMUSG00000140837,0,0
ENSMUSG00000140841,4,3
ENSMUSG00000140842,0,0
ENSMUSG00000140864,0,1
ENSMUSG00000140870,1,0
ENSMUSG00000140876,0,1
ENSMUSG00000140883,1,0
ENSMUSG00000140885,0,1
ENSMUSG00000140893,1,0
ENSMUSG00000140907,4,0
ENSMUSG00000140916,0,0
ENSMUSG00000140919,0,0
ENSMUSG00000140921,0,0
ENSMUSG00000140926,1,2
ENSMUSG00000140935,2,1
ENSMUSG00000140936,1,1
ENSMUSG00000140944,1,2
ENSMUSG00000140957,23,14
ENSMUSG00000140964,2,0
ENSMUSG00000140971,0,2
ENSMUSG00000140976,0,1
ENSMUSG00000140981,0,0
ENSMUSG00000140986,1,0
ENSMUSG00000140987,0,2
ENSMUSG00000140995,0,1
ENSMUSG00000141005,0,0
ENSMUSG00000141009,1,0
ENSMUSG00000141010,1,1
ENSMUSG00000141020,1,0
ENSMUSG00000141024,0,0
ENSMUSG00000141026,0,1
ENSMUSG00000141028,6,4
ENSMUSG00000141033,1,0
ENSMUSG00000141034,2,3
ENSMUSG00000141039,3,4
ENSMUSG00000141069,0,1
ENSMUSG00000141070,1,2
ENSMUSG00000141071,1,0
ENSMUSG00000141081,1,0
ENSMUSG00000141082,1,1
ENSMUSG00000141095,1,0
ENSMUSG00000141102,0,1
ENSMUSG00000141104,0,2
ENSMUSG00000141108,3,0
ENSMUSG00000141113,0,0
ENSMUSG00000141116,0,0
ENSMUSG00000141130,1,1
ENSMUSG00000141137,0,1
ENSMUSG00000141143,6,2
ENSMUSG00000141156,2,2
ENSMUSG00000141157,0,1
ENSMUSG00000141158,234,218
ENSMUSG00000141162,1,0
ENSMUSG00000141164,0,0
ENSMUSG00000141167,1,0
ENSMUSG00000141168,1,0
ENSMUSG00000141170,0,1
ENSMUSG00000141172,0,0
ENSMUSG00000141194,0,1
ENSMUSG00000141196,3,0
ENSMUSG00000141199,4,5
ENSMUSG00000141202,2,4
ENSMUSG00000141217,2,1
ENSMUSG00000141219,0,1
ENSMUSG00000141226,0,1
ENSMUSG00000141229,1,4
ENSMUSG00000141242,0,0
ENSMUSG00000141251,1,0
ENSMUSG00000141253,0,1
ENSMUSG00000141258,0,1
ENSMUSG00000141270,1,2
ENSMUSG00000141275,0,0
ENSMUSG00000141279,1,1
ENSMUSG00000141287,1,1
ENSMUSG00000141293,2,2
ENSMUSG00000141300,1,0
ENSMUSG00000141304,0,2
ENSMUSG00000141310,2,1
ENSMUSG00000141312,0,1
ENSMUSG00000141315,2,1
ENSMUSG00000141320,3,5
ENSMUSG00000141332,2,1
ENSMUSG00000141341,1,0
ENSMUSG00000141342,0,0
ENSMUSG00000141345,1,0
ENSMUSG00000141355,1,1
ENSMUSG00000141363,1,0
ENSMUSG00000141366,0,0
ENSMUSG00000141370,1,1
ENSMUSG00000141377,1,1
ENSMUSG00000141380,1,1
ENSMUSG00000141399,0,1
ENSMUSG00000141416,5,3
ENSMUSG00000141418,0,0
ENSMUSG00000141422,0,0
ENSMUSG00000141429,1,0
ENSMUSG00000141432,0,0
ENSMUSG00000141434,4,3
ENSMUSG00000141438,1,0
ENSMUSG00000141453,0,0
ENSMUSG00000141454,0,1
ENSMUSG00000141456,1,0
ENSMUSG00000141462,0,1
ENSMUSG00000141470,3,2
ENSMUSG00000141479,0,1
ENSMUSG00000141480,0,1
ENSMUSG00000141481,1,4
ENSMUSG00000141483,0,1
ENSMUSG00000141498,8,3
ENSMUSG00000141500,0,0
ENSMUSG00000141504,1,2
ENSMUSG00000141510,0,0
ENSMUSG00000141517,0,1
ENSMUSG00000141521,0,1
ENSMUSG00000141523,2,1
ENSMUSG00000141531,2,0
ENSMUSG00000141537,0,1
ENSMUSG00000141548,0,2
ENSMUSG00000141549,1,0
ENSMUSG00000141552,0,0
ENSMUSG00000141554,1,0
ENSMUSG00000141561,1,1
ENSMUSG00000141563,1,0
ENSMUSG00000141577,0,0
ENSMUSG00000141581,0,0
ENSMUSG00000141588,1,2
ENSMUSG00000141591,1,1
ENSMUSG00000141612,3,3
ENSMUSG00000141619,2,3
ENSMUSG00000141625,0,1
ENSMUSG00000141630,1,0
ENSMUSG00000141637,1,1
ENSMUSG00000141655,1,1
ENSMUSG00000141661,6,7
ENSMUSG00000141666,0,0
ENSMUSG00000141668,2,1
ENSMUSG00000141676,1,1
ENSMUSG00000141691,1,1
ENSMUSG00000141695,2,1
ENSMUSG00000141700,2,0
ENSMUSG00000141708,0,1
ENSMUSG00000141713,0,0
ENSMUSG00000141716,0,1
ENSMUSG00000141723,0,0
ENSMUSG00000141730,1,1
ENSMUSG00000141733,7,9
ENSMUSG00000141743,0,0
ENSMUSG00000141744,0,0
ENSMUSG00000141761,0,0
ENSMUSG00000141762,1,1
ENSMUSG00000141770,1,1
ENSMUSG00000141771,2,2
ENSMUSG00000141774,4,3
ENSMUSG00000141781,1,1
ENSMUSG00000141788,0,0
ENSMUSG00000141789,1,1
ENSMUSG00000141795,0,0
ENSMUSG00000141797,0,0
ENSMUSG00000141814,0,2
ENSMUSG00000141850,1,0
ENSMUSG00000141858,1,1
ENSMUSG00000141859,0,0
ENSMUSG00000141869,4,5
ENSMUSG00000141873,4,0
ENSMUSG00000141874,2,0
ENSMUSG00000141883,0,0
ENSMUSG00000141894,10,9
ENSMUSG00000141906,1,1
ENSMUSG00000141911,1,1
ENSMUSG00000141914,0,1
ENSMUSG00000141927,1,1
ENSMUSG00000141930,3,2
ENSMUSG00000141936,2,2
ENSMUSG00000141942,2,0
ENSMUSG00000141952,0,0
ENSMUSG00000141963,1,0
ENSMUSG00000141970,1,0
ENSMUSG00000141979,1,1
ENSMUSG00000141980,1,3
ENSMUSG00000141989,2,2
ENSMUSG00000141996,1,0
ENSMUSG00000142007,2,0
ENSMUSG00000142009,0,1
ENSMUSG00000142011,2,3
ENSMUSG00000142023,2,1
ENSMUSG00000142034,2,2
ENSMUSG00000142036,0,2
ENSMUSG00000142042,1,1
ENSMUSG00000142046,2,1
ENSMUSG00000142047,1,1
ENSMUSG00000142055,1,0
ENSMUSG00000142061,0,1
ENSMUSG00000142067,2,0
ENSMUSG00000142068,0,0
ENSMUSG00000142073,0,1
ENSMUSG00000142078,1,1
ENSMUSG00000142082,1,0
ENSMUSG00000142087,1,0
ENSMUSG00000142094,1,1
ENSMUSG00000142095,0,1
ENSMUSG00000142122,0,0
ENSMUSG00000142123,0,0
ENSMUSG00000142127,3,3
ENSMUSG00000142132,0,0
ENSMUSG00000142143,1,1
ENSMUSG00000142151,1,0
ENSMUSG00000142157,0,0
ENSMUSG00000142159,2,1
ENSMUSG00000142171,2,0
ENSMUSG00000142173,1,1
ENSMUSG00000142189,1,1
ENSMUSG00000142194,0,0
ENSMUSG00000142205,2,1
ENSMUSG00000142215,2,0
ENSMUSG00000142223,0,0
ENSMUSG00000142225,0,1
ENSMUSG00000142234,1,0
ENSMUSG00000142246,5,3
ENSMUSG00000142256,1,0
ENSMUSG00000142257,1,0
ENSMUSG00000142269,1,1
ENSMUSG00000142270,0,0
ENSMUSG00000142274,2,2
ENSMUSG00000142279,0,0
ENSMUSG00000142282,1,2
ENSMUSG00000142290,0,0
ENSMUSG00000142305,0,0
ENSMUSG00000142334,0,0
ENSMUSG00000142344,3,3
ENSMUSG00000142352,0,1
ENSMUSG00000142363,0,1
ENSMUSG00000142368,3,3
ENSMUSG00000142387,0,0
ENSMUSG00000142389,1,0
ENSMUSG00000142400,2,1
ENSMUSG00000142407,1,1
ENSMUSG00000142425,0,2
ENSMUSG00000142449,1,1
ENSMUSG00000142454,0,0
ENSMUSG00000142459,0,1
ENSMUSG00000142470,1,0
ENSMUSG00000142472,0,1
ENSMUSG00000142489,1,1
ENSMUSG00000142504,0,1
ENSMUSG00000142505,2,2
ENSMUSG00000142508,2,2
ENSMUSG00000142514,0,0
ENSMUSG00000142517,2,0
ENSMUSG00000142522,1,1
ENSMUSG00000142523,1,0
ENSMUSG00000142534,0,0
ENSMUSG00000142542,1,1
ENSMUSG00000142544,0,0
ENSMUSG00000142552,0,1
ENSMUSG00000142558,0,0
ENSMUSG00000142570,0,1
ENSMUSG00000142571,0,1
ENSMUSG00000142572,0,1
ENSMUSG00000142575,1,2
ENSMUSG00000142576,0,1
ENSMUSG00000142577,0,1
ENSMUSG00000142582,0,1
ENSMUSG00000142585,1,0
ENSMUSG00000142587,1,0
ENSMUSG00000142589,1,0
ENSMUSG00000142594,1,0
ENSMUSG00000142601,0,1
ENSMUSG00000142606,1,1
ENSMUSG00000142614,0,1
ENSMUSG00000142621,1,0
ENSMUSG00000142640,4,3
ENSMUSG00000142647,2,2
ENSMUSG00000142668,0,1
ENSMUSG00000142670,1,0
ENSMUSG00000142675,6,8
ENSMUSG00000142676,1,0
ENSMUSG00000142682,1,1
ENSMUSG00000142699,0,0
ENSMUSG00000142714,0,1
ENSMUSG00000142716,1,0
ENSMUSG00000142722,3,2
ENSMUSG00000142723,0,0
ENSMUSG00000142730,1,1
ENSMUSG00000142736,1,3
ENSMUSG00000142744,2,1
ENSMUSG00000142745,4,8
ENSMUSG00000142754,1,2
ENSMUSG00000142762,1,0
ENSMUSG00000142764,1,2
ENSMUSG00000142767,3,2
ENSMUSG00000142781,1,0
ENSMUSG00000142782,0,1
ENSMUSG00000142786,5,4
ENSMUSG00000142790,2,1
ENSMUSG00000142791,3,3
ENSMUSG00000142802,0,0
ENSMUSG00000142809,1,1
ENSMUSG00000142815,2,2
ENSMUSG00000142828,1,0
ENSMUSG00000142856,1,1
ENSMUSG00000142879,0,0
ENSMUSG00000142880,0,0
ENSMUSG00000142882,4,3
ENSMUSG00000142896,0,1
ENSMUSG00000142898,1,0
ENSMUSG00000142900,1,2
ENSMUSG00000142902,0,0
ENSMUSG00000142904,5,6
ENSMUSG00000142911,1,1
ENSMUSG00000142915,0,2
ENSMUSG00000142916,2,2
ENSMUSG00000142918,1,0
ENSMUSG00000142930,0,0
ENSMUSG00000142936,1,1
ENSMUSG00000142940,0,0
ENSMUSG00000142945,3,2
ENSMUSG00000142949,1,1
ENSMUSG00000142955,0,0
ENSMUSG00000142959,1,0
ENSMUSG00000142968,0,1
ENSMUSG00000142992,2,2
ENSMUSG00000142993,4,4
ENSMUSG00000142998,2,0
ENSMUSG00000143005,0,0
ENSMUSG00000143017,0,1
ENSMUSG00000143021,0,1
ENSMUSG00000143026,0,1
ENSMUSG00000143029,1,0
ENSMUSG00000143030,1,1
ENSMUSG00000143038,0,1
ENSMUSG00000143048,0,0
ENSMUSG00000143050,0,0
ENSMUSG00000143052,1,0
ENSMUSG00000143060,1,0
ENSMUSG00000143065,0,1
ENSMUSG00000143068,1,2
ENSMUSG00000143075,0,0
ENSMUSG00000143086,0,0
ENSMUSG00000143088,3,1
ENSMUSG00000143100,2,0
ENSMUSG00000143110,0,0
ENSMUSG00000143130,0,1
ENSMUSG00000143140,2,1
ENSMUSG00000143154,0,1
ENSMUSG00000143157,2,1
ENSMUSG00000143160,3,2
ENSMUSG00000143171,0,1
ENSMUSG00000143182,0,1
ENSMUSG00000143185,1,2
ENSMUSG00000143188,0,1
ENSMUSG00000143201,1,0
ENSMUSG00000143203,0,0
ENSMUSG00000143212,0,0
ENSMUSG00000143218,0,3
ENSMUSG00000143243,0,1
ENSMUSG00000143251,1,1
ENSMUSG00000143256,1,1
ENSMUSG00000143286,0,1
ENSMUSG00000143309,0,1
ENSMUSG00000143332,0,0
ENSMUSG00000143334,0,1
ENSMUSG00000143375,1,0
ENSMUSG00000143376,1,1
ENSMUSG00000143377,0,1
ENSMUSG00000143381,1,1
ENSMUSG00000143383,2,3
ENSMUSG00000143385,1,2
ENSMUSG00000143389,1,1
ENSMUSG00000143400,5,3
ENSMUSG00000143415,1,1
ENSMUSG00000143416,2,2
ENSMUSG00000143419,0,1
ENSMUSG00000143422,4,5
ENSMUSG00000143424,3,1
ENSMUSG00000143443,1,1
ENSMUSG00000143460,2,2
ENSMUSG00000143461,0,0
ENSMUSG00000143467,0,0
ENSMUSG00000143468,0,0
ENSMUSG00000143478,0,1
ENSMUSG00000143481,1,0
ENSMUSG00000143482,2,2
ENSMUSG00000143485,1,1
ENSMUSG00000143486,3,0
ENSMUSG00000143497,1,2
ENSMUSG00000143501,0,0
ENSMUSG00000143505,0,1
ENSMUSG00000143524,5,3
ENSMUSG00000143529,1,1
ENSMUSG00000143530,0,0
ENSMUSG00000143536,0,1
ENSMUSG00000143550,1,1
ENSMUSG00000143563,1,1
ENSMUSG00000143572,1,1
ENSMUSG00000143581,0,1
ENSMUSG00000143584,0,1
ENSMUSG00000143609,1,0
ENSMUSG00000143616,0,0
ENSMUSG00000143618,0,1
ENSMUSG00000143619,1,0
ENSMUSG00000143648,2,1
ENSMUSG00000143649,2,0
ENSMUSG00000143652,1,4
ENSMUSG00000143656,1,1
ENSMUSG00000143658,0,2
ENSMUSG00000143669,1,0
ENSMUSG00000143675,2,2
ENSMUSG00000143678,0,0
ENSMUSG00000143690,0,0
ENSMUSG00000143698,1,1
ENSMUSG00000143720,1,1
ENSMUSG00000143741,0,0
ENSMUSG00000143754,2,4
ENSMUSG00000143765,1,1
ENSMUSG00000143772,0,0
ENSMUSG00000143801,0,1
ENSMUSG00000143806,0,0
ENSMUSG00000143812,0,0
ENSMUSG00000143839,0,1
ENSMUSG00000143854,0,0
ENSMUSG00000143855,3,2
ENSMUSG00000143859,0,2
ENSMUSG00000143862,0,0
ENSMUSG00000143882,1,0
ENSMUSG00000143908,6,6
ENSMUSG00000143909,1,0
ENSMUSG00000143913,0,1
ENSMUSG00000143915,0,0
ENSMUSG00000143916,0,0
ENSMUSG00000143919,0,1
ENSMUSG00000143942,1,1
ENSMUSG00000143946,3,2
ENSMUSG00000143953,0,0
ENSMUSG00000143965,0,0
ENSMUSG00000143969,0,0
ENSMUSG00000143974,0,0
ENSMUSG00000143980,7,5
ENSMUSG00000144003,0,1
ENSMUSG00000144044,1,0
ENSMUSG00000144051,0,1
ENSMUSG00000144070,1,1
ENSMUSG00000144075,0,1
ENSMUSG00000144076,1,0
ENSMUSG00000144077,0,0
ENSMUSG00000144081,0,0
ENSMUSG00000144085,1,0
ENSMUSG00000144104,1,0
ENSMUSG00000144113,0,1
ENSMUSG00000144114,2,1
ENSMUSG00000144117,1,0
ENSMUSG00000144132,4,0
ENSMUSG00000144133,1,0
ENSMUSG00000144151,4,0
ENSMUSG00000144154,0,1
ENSMUSG00000144177,1,0
ENSMUSG00000144182,1,0
ENSMUSG00000144185,0,2
ENSMUSG00000144186,1,1
ENSMUSG00000144189,0,0
ENSMUSG00000144190,0,0
ENSMUSG00000144193,3,1
ENSMUSG00000144212,3,5
ENSMUSG00000144242,2,2
ENSMUSG00000144262,1,0
ENSMUSG00000144276,1,0
ENSMUSG00000144279,0,1
ENSMUSG00000144291,20,22
Eaf1,15,14
Eaf2,2,1
Eapp,9,5
Ears2,8,8
Ebag9,6,2
Ebf1,6,4
Ebf2,0,1
Ebf3,2,2
Ebf4,0,0
Ebna1bp2,20,18
Ebp,12,16
Ebpl,6,2
Ecd,15,14
Ece1,14,11
Ecel1,0,1
Ech1,12,10
Echdc1,1,0
Echdc2,27,32
Echdc3,14,12
Echs1,10,8
Eci1,7,4
Eci2,19,10
Eci3,1,0
Ecm1,10,14
Ecm2,4,2
Ecpas,62,78
Ecscr,1,1
Ecsit,5,3
Ect2,8,6
Ect2l,1,2
Eda,1,3
Eda2r,0,2
Edar,0,0
Edaradd,1,2
Edc3,21,23
Edc4,31,27
Eddm13,0,0
Edem1,79,65
Edem2,25,20
Edem3,43,35
Edf1,21,16
Edil3,0,0
Edn1,1,1
Ednra,6,4
Ednrb,1,2
Edrf1,25,15
Eea1,28,28
Eed,16,14
Eef1a1,526,464
Eef1a1-ps1,0,0
Eef1akmt1,0,1
Eef1akmt2,8,6
Eef1akmt3,8,10
Eef1akmt4,1,0
Eef1b2,60,57
Eef1d,28,23
Eef1e1,10,10
Eef1g,46,45
Eef2,541,542
Eef2-ps2,0,1
Eef2k,59,65
Eef2kmt,7,6
Eefsec,5,4
Eeig1,44,46
Eeig2,8,8
Eepd1,1,2
Efcab11,1,1
Efcab14,31,23
Efcab2,0,1
Efcab3,1,3
Efcab7,2,3
Efcab9,0,3
Efemp2,7,9
Efhc1,1,1
Efhd2,42,42
Efl1,17,22
Efna1,5,6
Efna2,3,2
Efna3,0,0
Efna4,6,3
Efna5,26,21
Efnb1,11,5
Efnb2,2,2
Efnb3,2,0
Efr3a,50,38
Efs,27,18
Eftud2,28,34
Egf,5,3
Egfl7,7,8
Egfl8,2,3
Egflam,1,0
Egfr,35,38
Egfros,3,9
Egln1,13,11
Egln2,32,27
Egln3,27,23
Egr1,14,9
Egr2,0,1
Egr3,4,4
Egr4,0,1
Ehbp1,17,8
Ehbp1l1,21,17
Ehd1,12,15
Ehd2,16,12
Ehd3,23,14
Ehd4,39,41
Ehf,277,263
Ehhadh,1,1
Ehmt1,61,66
Ehmt2,97,70
Ei24,19,20
Eid1,14,10
Eid2,2,2
Eid2b,0,1
Eid3,3,1
Eif1,4,7
Eif1a,22,20
Eif1ad,7,5
Eif1ax,25,13
Eif1b,2,2
Eif2a,27,18
Eif2ak1,13,12
Eif2ak2,36,31
Eif2ak3,33,27
Eif2ak4,27,19
Eif2b1,11,10
Eif2b2,8,7
Eif2b3,5,7
Eif2b4,17,14
Eif2b5,19,16
Eif2d,40,40
Eif2s1,12,11
Eif2s2,25,21
Eif2s3x,7,8
Eif3a,238,199
Eif3b,73,73
Eif3c,54,46
Eif3d,14,13
Eif3e,15,9
Eif3f,44,41
Eif3g,31,26
Eif3h,16,22
Eif3i,20,18
Eif3j1,12,10
Eif3j2,3,5
Eif3k,17,14
Eif3l,23,21
Eif3m,6,11
Eif4a-ps4,6,6
Eif4a1,49,50
Eif4a2,73,60
Eif4a3,7,9
Eif4b,111,123
Eif4e,11,9
Eif4e1b,0,1
Eif4e2,37,42
Eif4e3,0,1
Eif4ebp1,4,3
Eif4ebp2,172,198
Eif4ebp3,3,2
Eif4enif1,35,27
Eif4g1,232,222
Eif4g2,257,236
Eif4g3,189,161
Eif4h,126,122
Eif5,46,47
Eif5a,141,111
Eif5a2,2,1
Eif5b,129,117
Eif6,11,8
Eipr1,6,7
Elac1,5,4
Elac2,16,16
Elapor1,15,10
Elavl1,20,19
Elavl3,0,1
Elavl4,0,0
Eldr,4,1
Elf1,31,24
Elf2,39,30
Elf3,5,7
Elf4,2,5
Elf5,342,284
Elk1,12,8
Elk3,18,13
Elk4,55,58
Ell,25,32
Ell2,44,45
Ell3,1,1
Elmo1,56,44
Elmo2,17,18
Elmo3,16,18
Elmod1,0,0
Elmod2,5,7
Elmod3,5,9
Eln,78,51
Eloa,33,28
Elob,6,2
Eloc,10,3
Elof1,10,19
Elovl1,19,20
Elovl4,1,0
Elovl5,13,11
Elovl6,21,22
Elovl7,8,5
Elp1,26,26
Elp2,28,20
Elp3,12,15
Elp4,3,0
Elp5,9,10
Elp6,4,5
Emb,1,2
Emc1,32,30
Emc10,25,30
Emc2,4,4
Emc3,19,17
Emc4,4,3
Emc6,6,7
Emc7,5,9
Emc8,8,8
Emc9,2,3
Emcn,0,2
Emd,7,4
Eme1,6,4
Eme2,6,9
Emg1,16,18
Emid1,36,28
Emilin1,5,3
Emilin2,7,3
Emilin3,1,1
Eml1,2,2
Eml2,22,17
Eml3,30,26
Eml4,19,20
Eml5,53,43
Eml6,2,6
Emp1,44,33
Emp2,41,51
Emp3,0,0
Emsy,24,22
Emx2os,0,1
Enah,64,62
Enc1,1,0
Endod1,10,6
Endog,1,0
Endou,0,0
Endov,9,5
Eng,5,3
Engase,13,9
Enho,1,3
Enkd1,3,2
Eno1,55,51
Eno1b,12,17
Eno2,4,1
Eno3,0,2
Eno4,1,1
Enoph1,6,3
Enox1,0,0
Enox2,1,1
Enpp1,19,25
Enpp3,52,51
Enpp4,13,7
Enpp5,12,11
Ensa,29,27
Entpd1,6,5
Entpd2,1,5
Entpd3,1,1
Entpd5,17,17
Entpd6,15,16
Entpd7,34,26
Entr1,21,27
Entrep1,1,1
Entrep3,1,1
Eny2,14,5
Eogt,7,7
Eola1,2,3
Eomes,0,0
Ep300,67,69
Ep400,75,76
Epas1,26,25
Epb41,103,103
Epb41l1,40,36
Epb41l2,53,49
Epb41l3,0,1
Epb41l4a,79,68
Epb41l4aos,1,2
Epb41l4b,34,26
Epb41l5,11,10
Epc1,35,40
Epc2,19,15
Epcam,184,139
Epcip,0,0
Epdr1,1,0
Epg5,35,31
Epgn,0,0
Epha1,15,22
Epha2,52,47
Epha4,7,5
Epha7,15,15
Epha8,1,0
Ephb1,1,0
Ephb2,0,0
Ephb3,40,35
Ephb4,93,91
Ephb6,6,8
Ephx1,23,10
Ephx2,2,1
Ephx3,1,1
Epm2a,1,2
Epm2aip1,61,56
Epn1,69,70
Epn2,19,26
Epn3,12,14
Epop,10,3
Eppk1,44,38
Eprs1,65,65
Eps15,25,28
Eps15l1,44,45
Eps8,4,5
Eps8l1,17,9
Eps8l2,47,43
Epsti1,1,2
Eral1,11,9
Erap1,8,9
Erbb2,31,38
Erbb3,107,94
Erbb4,2,3
Erbin,132,123
Erc1,93,90
Ercc1,12,4
Ercc2,21,20
Ercc3,14,12
Ercc4,8,3
Ercc5,13,12
Ercc6,22,17
Ercc6l,5,4
Ercc6l2,19,10
Ercc8,6,7
Erdr1x,5,5
Erdr1y,47,41
Erf,36,27
Erfe,1,3
Erg,3,1
Erg28,10,6
Ergic1,28,24
Ergic2,27,29
Ergic3,21,27
Erh,1,2
Eri1,13,16
Eri2,8,5
Eri3,36,37
Erich1,2,2
Erich6,2,0
Erlec1,18,15
Erlin1,12,6
Erlin2,38,46
Ermard,6,4
Ermardl1,0,0
Ermardl2,0,1
Ermp1,38,36
Ern1,27,18
Ern2,0,2
Ero1a,21,17
Ero1b,13,11
Erp29,33,23
Erp44,13,9
Errfi1,156,123
Esam,1,3
Esco1,12,16
Esco2,1,1
Esd,8,6
Esf1,15,14
Esm1,1,1
Espl1,12,16
Espn,12,12
Esr1,5,4
Esr2,0,1
Esrp1,110,101
Esrp2,45,35
Esrra,24,31
Esrrb,1,0
Esrrg,31,33
Ess2,17,10
Esyt1,32,29
Esyt2,52,49
Esyt3,62,50
Etaa1,2,4
Etf1,31,27
Etfa,10,8
Etfb,4,2
Etfbkmt,1,1
Etfdh,20,18
Etfrf1,6,7
Ethe1,0,3
Etl4,81,74
Etnk1,284,222
Etnk2,0,2
Etnppl,2,0
Etohd2,7,6
Ets1,13,12
Ets2,57,50
Etv1,44,33
Etv3,32,26
Etv4,14,10
Etv5,71,63
Etv6,70,69
Eva1b,14,9
Eva1c,0,0
Evc,0,2
Evc2,4,2
Evi2,5,7
Evi2a,5,5
Evi5,5,12
Evi5l,13,13
Evl,29,30
Evpl,19,14
Ewsr1,56,62
Exd1,2,5
Exd2,11,7
Exo1,5,8
Exo5,1,1
Exoc1,32,35
Exoc2,31,28
Exoc3,19,17
Exoc3l,2,1
Exoc3l2,1,0
Exoc3l4,2,1
Exoc4,36,33
Exoc5,15,10
Exoc6,8,5
Exoc6b,33,27
Exoc7,22,22
Exoc8,22,26
Exog,9,7
Exosc1,4,5
Exosc10,28,19
Exosc2,9,8
Exosc3,3,3
Exosc4,2,1
Exosc5,13,17
Exosc7,12,8
Exosc8,7,4
Exosc9,6,6
Exph5,12,14
Ext1,43,36
Ext2,34,28
Extl1,58,48
Extl2,8,5
Extl3,52,43
Eya2,53,33
Eya3,28,31
Eya4,0,1
Ezh1,21,16
Ezh2,19,15
Ezr,96,77
F11r,47,42
F13a1,3,3
F2r,2,1
F2rl1,6,2
F3,8,8
F630206G17Rik,1,0
F730043M19Rik,2,1
F830016B08Rik,2,0
F830112A20Rik,1,3
F830115B05Rik,7,4
F8a,1,1
F930017D23Rik,1,1
Faah,8,6
Faap100,7,10
Faap20,10,8
Faap24,0,2
Fabp4,0,0
Fabp5,3,1
Fabp5l2,0,0
Fabp6,0,1
Fadd,3,5
Fads1,48,39
Fads2,27,23
Fads2b,0,0
Fads3,6,7
Fads6,5,3
Faf1,23,19
Faf2,37,34
Fah,19,19
Fahd1,3,1
Fahd2a,3,0
Faim,2,3
Faim2,11,16
Fam107a,1,1
Fam107b,4,2
Fam110a,24,18
Fam110b,2,4
Fam110c,0,3
Fam110d,6,7
Fam111a,7,6
Fam114a1,15,12
Fam114a2,17,17
Fam117a,4,5
Fam117b,14,14
Fam118a,3,2
Fam118b,6,2
Fam120a,121,117
Fam120aos,0,4
Fam120b,44,27
Fam120c,8,14
Fam124a,2,1
Fam131a,7,6
Fam131b,0,1
Fam131c,3,1
Fam133b,27,18
Fam135a,10,8
Fam135b,0,1
Fam136a,6,6
Fam13a,66,58
Fam13b,32,40
Fam13c,1,2
Fam149a,8,4
Fam149b,13,16
Fam161a,5,3
Fam161b,8,7
Fam162a,4,5
Fam163b,1,1
Fam167a,3,2
Fam167b,1,2
Fam168a,44,36
Fam168b,69,53
Fam171a1,5,4
Fam171a2,9,7
Fam171b,1,0
Fam174a,6,3
Fam174b,26,33
Fam174c,4,2
Fam181a,1,1
Fam184b,0,1
Fam185a,6,4
Fam186a,1,1
Fam186b,1,0
Fam187b,10,5
Fam193a,64,59
Fam193b,102,80
Fam199x,10,16
Fam204a,13,10
Fam20a,184,162
Fam20b,19,16
Fam20c,35,37
Fam210a,26,20
Fam210b,23,21
Fam216a,1,0
Fam217b,0,1
Fam219a,0,1
Fam219b,9,8
Fam220a,0,1
Fam221a,6,7
Fam222a,0,0
Fam222b,13,8
Fam227a,3,4
Fam227b,1,2
Fam228a,0,1
Fam234a,28,27
Fam234b,72,62
Fam241a,3,0
Fam241b,3,3
Fam246a,1,0
Fam25a,0,0
Fam32a,20,26
Fam3a,8,8
Fam3c,66,59
Fam3d,1,0
Fam43a,14,13
Fam50a,11,7
Fam53a,13,9
Fam53b,71,65
Fam53c,61,49
Fam72a,4,2
Fam76a,11,15
Fam76b,28,22
Fam78a,1,2
Fam78b,1,1
Fam83a,3,2
Fam83b,9,9
Fam83c,0,0
Fam83d,4,3
Fam83e,0,0
Fam83f,0,1
Fam83g,12,13
Fam83h,51,41
Fam89a,3,2
Fam8a1,23,14
Fam91a1,31,32
Fam98a,13,16
Fam98b,6,5
Fam98c,5,4
Fan1,7,5
Fanca,29,19
Fancb,0,0
Fancc,24,19
Fancd2,2,1
Fancd2os,1,1
Fance,13,8
Fancf,0,1
Fancg,13,11
Fanci,9,9
Fancl,3,3
Fancm,23,14
Fap,3,3
Far1,64,55
Far1os,12,6
Far2,4,1
Farp1,98,94
Farp2,11,7
Fars2,8,8
Farsa,21,24
Farsb,18,17
Fasn,212,234
Fastk,36,34
Fastkd1,11,9
Fastkd2,5,3
Fastkd3,4,3
Fastkd5,3,2
Fat1,177,153
Fat2,16,13
Fat4,7,4
Fau,29,37
Faxc,12,12
Faxdc2,1,1
Fbf1,43,44
Fbh1,37,31
Fbl,17,19
Fblim1,106,85
Fbln1,0,0
Fbln2,9,13
Fbln5,3,3
Fbn1,20,19
Fbn2,3,2
Fbp1,0,0
Fbrs,73,53
Fbrsl1,47,41
Fbxl12,11,8
Fbxl12os,1,1
Fbxl14,16,10
Fbxl15,1,1
Fbxl16,3,1
Fbxl17,23,30
Fbxl18,27,26
Fbxl19,35,37
Fbxl2,2,2
Fbxl20,53,49
Fbxl22,3,1
Fbxl3,21,24
Fbxl4,9,10
Fbxl5,25,31
Fbxl6,13,9
Fbxl7,10,5
Fbxl8,0,1
Fbxl9,4,5
Fbxo10,5,3
Fbxo11,36,30
Fbxo15,0,0
Fbxo16,0,1
Fbxo17,0,0
Fbxo2,0,0
Fbxo21,10,8
Fbxo22,7,3
Fbxo25,6,3
Fbxo28,18,17
Fbxo3,17,19
Fbxo30,13,15
Fbxo31,19,21
Fbxo32,92,88
Fbxo33,11,8
Fbxo34,8,3
Fbxo36,1,0
Fbxo38,23,18
Fbxo39,0,0
Fbxo4,3,5
Fbxo41,1,0
Fbxo42,28,20
Fbxo44,6,6
Fbxo45,6,10
Fbxo46,14,14
Fbxo48,0,1
Fbxo5,3,2
Fbxo6,0,2
Fbxo7,17,10
Fbxo8,8,15
Fbxo9,20,16
Fbxw11,37,44
Fbxw17,5,5
Fbxw2,26,20
Fbxw4,10,5
Fbxw5,23,19
Fbxw7,52,42
Fbxw8,26,17
Fbxw9,10,10
Fcamr,3,3
Fcer1g,0,0
Fcer2a,2,0
Fcf1,5,2
Fcgbp,567,509
Fcgr1,1,0
Fcgr2b,3,0
Fcgr3,1,1
Fcgr4,0,0
Fcgrt,2,2
Fcho1,4,2
Fcho2,30,36
Fchsd1,12,15
Fchsd2,41,43
Fcnaos,1,1
Fcrl2,3,0
Fcsk,23,22
Fdft1,4,5
Fdps,24,26
Fdx1,8,5
Fdxacb1,0,0
Fdxr,6,4
Fech,16,12
Fem1a,19,21
Fem1b,35,46
Fem1c,30,26
Fen1,1,1
Fendrr,0,0
Fer,25,20
Fer1l4,18,14
Fer1l5,4,4
Fermt1,3,4
Fermt2,33,43
Fermt3,10,3
Fes,35,25
Fev,1,0
Fez2,5,2
Ffar2,0,0
Fgd1,11,7
Fgd2,8,5
Fgd3,29,18
Fgd4,14,7
Fgd5,5,4
Fgd6,100,72
Fgf1,3,1
Fgf11,0,1
Fgf12,2,0
Fgf16,0,0
Fgf2,5,4
Fgf22,1,0
Fgf7,2,3
Fgfbp1,0,0
Fgfbp3,0,1
Fgfr1,191,204
Fgfr1op2,24,22
Fgfr2,8,6
Fgfr3,2,3
Fgfrl1,9,6
Fggy,2,1
Fgl2,1,0
Fgr,1,0
Fh1,6,4
Fhad1,0,0
Fhad1os1,0,0
Fhdc1,37,31
Fhip1a,37,32
Fhip1b,60,54
Fhip2a,40,29
Fhip2b,20,19
Fhit,0,2
Fhitos,0,0
Fhl1,0,0
Fhl2,0,0
Fhl3,5,5
Fhl5,0,1
Fhod1,32,33
Fhod3,1,2
Fibp,20,17
Ficd,3,2
Fig4,7,10
Fign,4,4
Fignl1,0,1
Fignl2,5,10
Filip1,0,0
Filip1l,9,8
Fip1l1,38,37
Firre,116,89
Firrm,5,4
Fis1,11,7
Fitm2,14,5
Fiz1,14,10
Fjx1,3,2
Fkbp10,3,0
Fkbp11,4,2
Fkbp14,5,3
Fkbp15,46,55
Fkbp1a,22,25
Fkbp1b,2,0
Fkbp2,0,0
Fkbp3,11,8
Fkbp4,44,42
Fkbp5,99,80
Fkbp8,64,49
Fkbp9,9,9
Fkbpl,4,2
Fkrp,12,18
Fktn,16,22
Flad1,14,10
Flcn,17,21
Flg,0,0
Fli1,3,4
Flii,60,58
Flna,232,221
Flnb,314,266
Flnc,0,2
Flot1,25,25
Flot2,27,20
Flrt1,5,5
Flrt2,0,0
Flrt3,16,10
Flt1,5,7
Flt3l,1,0
Flt4,1,3
Flvcr1,13,9
Flvcr2,3,2
Flywch1,4,9
Flywch2,1,1
Fmc1,4,0
Fmn1,67,53
Fmn2,0,1
Fmnl1,1,2
Fmnl2,12,7
Fmnl3,21,21
Fmo1,2,2
Fmo2,0,2
Fmo5,0,0
Fmod,0,0
Fmr1,21,23
Fn1,23,22
Fn3k,5,4
Fn3krp,11,5
Fnbp1,101,84
Fnbp1l,57,43
Fnbp4,47,54
Fnd3c2,0,0
Fndc1,2,4
Fndc10,7,5
Fndc3a,94,74
Fndc3b,98,79
Fndc4,4,1
Fndc5,6,5
Fnip1,20,21
Fnip2,13,11
Fnta,22,15
Fntb,12,11
Focad,14,9
Folr1,72,44
Folr2,0,2
Fos,61,49
Fosb,8,9
Fosl2,130,109
Foxa1,4,4
Foxb2,0,0
Foxc1,34,35
Foxd2,0,0
Foxd2os,2,2
Foxf1,0,1
Foxf2,4,3
Foxi1,59,48
Foxj1,0,2
Foxj2,22,20
Foxj3,22,16
Foxk1,42,50
Foxk2,16,17
Foxm1,18,12
Foxn1,0,0
Foxn2,10,9
Foxn3,57,57
Foxo1,69,74
Foxo3,112,106
Foxo4,22,24
Foxo6,0,0
Foxp1,18,20
Foxp2,0,0
Foxp3,1,2
Foxp4,54,56
Foxq1,1,0
Foxred1,8,4
Foxred2,0,1
Foxs1,0,1
Fpgs,18,15
Fpgt,6,4
Fra10ac1,3,1
Fras1,6,3
Frat1,1,0
Frat2,3,1
Frem1,5,3
Frem2,0,0
Frey1,1,1
Frg1,10,11
Frg2f1,1,1
Frk,12,13
Frmd4a,16,17
Frmd4b,13,21
Frmd6,16,15
Frmd7,1,0
Frmd8,34,30
Frmd8os,1,0
Frmpd1,5,4
Frrs1,38,32
Frs2,40,24
Frs3,2,1
Fry,39,41
Fryl,76,71
Fsbp,1,1
Fscn1,5,3
Fscn2,1,0
Fsd1,4,1
Fsd1l,5,4
Fst,0,0
Fstl1,11,13
Fstl3,1,0
Fth1,107,94
Ftl1,26,22
Fto,42,46
Ftsj1,6,3
Ftsj3,34,27
Ftx,28,22
Fubp1,111,103
Fubp3,31,30
Fuca1,14,10
Fuca2,14,13
Fundc1,4,6
Fundc2,3,2
Fuom,5,5
Furin,123,118
Fus,143,116
Fut10,7,4
Fut11,8,10
Fut2,0,1
Fut4,1,0
Fut8,28,20
Fuz,5,7
Fv1,2,1
Fxn,2,2
Fxr1,23,25
Fxr2,25,22
Fxyd1,2,0
Fxyd2,1,0
Fxyd3,26,24
Fxyd4,1,1
Fxyd5,6,5
Fxyd6,6,2
Fyb1,6,6
Fyb2,9,11
Fyco1,47,43
Fyn,9,6
Fyttd1,19,21
Fzd1,12,10
Fzd10,4,3
Fzd2,3,3
Fzd3,7,12
Fzd4,4,3
Fzd5,22,16
Fzd6,15,12
Fzd7,32,32
Fzd8,5,3
Fzd9,1,2
Fzr1,37,25
G0s2,62,49
G2e3,24,24
G3bp1,54,45
G3bp2,22,26
G430095P16Rik,4,2
G530011O06Rikx,1,0
G630018N14Rik,0,0
G630022F23Rik,0,0
G630030J09Rik,3,3
G6pc3,5,6
G6pdx,17,16
G930009F23Rik,0,0
Gaa,42,22
Gab1,25,30
Gab2,17,18
Gab3,1,2
Gabarap,41,34
Gabarapl1,6,9
Gabarapl2,4,5
Gabbr1,7,5
Gabbr2,0,0
Gabpa,16,16
Gabpb1,8,9
Gabpb2,51,53
Gabre,5,2
Gabrp,17,11
Gad1,2,0
Gadd45a,2,0
Gadd45b,2,1
Gadd45g,2,5
Gadd45gip1,3,4
Gak,95,65
Galc,10,10
Gale,22,22
Galk1,7,6
Galk2,10,10
Galm,6,5
Galns,9,5
Galnt1,46,40
Galnt10,59,50
Galnt11,15,10
Galnt12,3,6
Galnt14,0,0
Galnt15,5,4
Galnt16,2,2
Galnt17,2,0
Galnt18,13,11
Galnt2,33,33
Galnt3,49,41
Galnt4,7,5
Galnt6,0,0
Galnt7,27,23
Galnt9,0,1
Galr2,5,4
Galr3,1,0
Galt,1,1
Gamt,1,1
Gan,35,42
Ganab,89,82
Ganc,7,9
Gapdh,15,16
Gapdhs,0,2
Gapvd1,66,61
Gar1,9,6
Garem1,53,48
Garin2,3,2
Garin5a,2,2
Garnl3,5,5
Garre1,31,24
Gars1,14,15
Gart,13,9
Gas1,11,9
Gas2,0,1
Gas2l1,19,16
Gas2l3,6,6
Gas5,45,45
Gas6,49,36
Gas7,3,2
Gas8,10,9
Gask1a,1,5
Gask1b,2,1
Gast,2,0
Gata1,1,0
Gata2,4,3
Gata3,196,190
Gata3os,1,5
Gata3un,5,4
Gata6,0,0
Gata6os,0,0
Gatad1,13,18
Gatad2a,66,61
Gatad2b,57,53
Gatb,6,4
Gatc,17,19
Gatd1,4,4
Gatd3a,6,8
Gatm,8,6
Gba1,12,16
Gba2,14,10
Gbe1,10,8
Gbf1,69,66
Gbgt1,1,2
Gbp2,8,6
Gbp2b,2,0
Gbp3,4,3
Gbp4,0,2
Gbp5,0,0
Gbp7,7,11
Gbp9,8,4
Gca,4,4
Gcat,1,1
Gcc1,15,13
Gcc2,27,24
Gcdh,5,4
Gcfc2,9,6
Gch1,3,3
Gckr,1,0
Gclc,13,9
Gclm,7,12
Gcn1,106,98
Gcnt1,14,17
Gcnt2,4,2
Gcnt4,1,1
Gcnt7,1,1
Gcsh,4,4
Gda,22,15
Gdap1,1,1
Gdap1l1,0,1
Gdap2,3,5
Gde1,20,17
Gdf11,2,1
Gdf15,0,1
Gdf5,0,2
Gdf9,1,0
Gdi1,71,54
Gdi2,73,65
Gdpd1,8,9
Gdpd2,3,1
Gdpd3,2,3
Gdpd5,17,19
Gdpgp1,10,5
Gemin2,3,4
Gemin4,0,0
Gemin5,24,23
Gemin6,2,1
Gemin7,6,8
Gemin8,0,2
Gen1,6,8
Get1,4,6
Get3,18,15
Get4,5,6
Gfer,8,10
Gfi1,1,0
Gfm1,7,7
Gfm2,22,14
Gfod1,3,2
Gfod2,11,9
Gfpt1,58,69
Gfra1,0,0
Gfra2,0,0
Gfus,17,14
Gfy,0,0
Gga1,32,30
Gga2,13,15
Gga3,25,16
Ggact,7,6
Ggct,0,1
Ggcx,20,18
Ggh,1,0
Ggn,1,0
Ggnbp1,2,0
Ggnbp2,23,16
Ggps1,5,5
Ggt1,14,12
Ggt5,3,4
Ggt6,0,0
Ggt7,0,3
Ggta1,2,3
Ghdc,8,8
Ghitm,21,21
Ghr,11,12
Ghrl,3,1
Gid4,19,16
Gid8,12,8
Gigyf1,69,55
Gigyf2,71,82
Gimap1,0,1
Gimap3,0,1
Gimap4,1,0
Gimap6,2,2
Gimap8,1,2
Gin1,4,4
Ginm1,1,4
Gins1,1,1
Gins2,3,3
Gins3,3,1
Gins4,6,3
Gipc1,14,13
Gipc3,1,0
Git1,47,47
Git2,44,43
Gja1,10,11
Gja3,0,1
Gja4,0,1
Gja5,1,2
Gja6,0,0
Gjb1,2,4
Gjb2,24,26
Gjb3,0,0
Gjb4,0,0
Gjb5,0,0
Gjc1,2,1
Gjc2,0,0
Gk,22,20
Gk5,29,30
Gkap1,5,6
Gla,4,3
Glb1,16,12
Glb1l,3,3
Glb1l2,1,1
Glcci1,0,2
Glce,14,8
Gldc,3,3
Gle1,31,37
Glg1,76,80
Gli1,1,0
Gli2,1,1
Gli3,0,1
Glipr2,0,2
Glis1,1,0
Glis2,5,6
Glis3,41,38
Glmn,2,2
Glmp,34,32
Glo1,10,6
Glo1-ps,0,0
Glod4,3,5
Glra4,0,1
Glrb,1,5
Glrx,9,8
Glrx2,114,108
Glrx3,14,15
Glrx5,7,15
Gls,31,32
Gls2,1,1
Glt1d1,0,0
Glt28d2,10,8
Glt8d1,11,7
Gltp,5,5
Glud1,15,15
Glul,12,10
Glyatl3,0,0
Glyr1,57,46
Gm10033,14,6
Gm10060,2,0
Gm10069,2,2
Gm10087,0,1
Gm10097,3,2
Gm10101,0,1
Gm10115,1,1
Gm10134,3,3
Gm10136,0,1
Gm10138,5,2
Gm10143,1,1
Gm10167,0,0
Gm10248,1,0
Gm10254,1,1
Gm10258,0,0
Gm10263,1,2
Gm10268,0,1
Gm10277,5,3
Gm10293,0,0
Gm10300,1,3
Gm10305,1,0
Gm10309,1,1
Gm10322,1,0
Gm10356,0,0
Gm10366,1,1
Gm10382,3,3
Gm10384,5,2
Gm10389,1,0
Gm10390,4,3
Gm10416,0,1
Gm10425,0,0
Gm10433,3,2
Gm10441,0,0
Gm10459,1,1
Gm10461,3,2
Gm10465,0,1
Gm10484,0,1
Gm10501,0,0
Gm10505,4,2
Gm10509,3,0
Gm10513,2,1
Gm10516,1,1
Gm10524,0,0
Gm10532,1,0
Gm10548,2,2
Gm10555,1,0
Gm10556,0,0
Gm10557,1,0
Gm10558,2,0
Gm10561,0,1
Gm10564,1,1
Gm10575,11,10
Gm10602,1,2
Gm10603,4,3
Gm10635,0,0
Gm10638,1,1
Gm10642,2,3
Gm10643,0,0
Gm10653,0,1
Gm10657,0,0
Gm10658,3,2
Gm10686,3,0
Gm10687,0,1
Gm10709,0,0
Gm10710,0,0
Gm10728,1,0
Gm10734,2,0
Gm10762,0,2
Gm10773,0,0
Gm10775,0,0
Gm10777,0,2
Gm10785,1,1
Gm10791,5,4
Gm10797,0,0
Gm10804,2,1
Gm10814,2,1
Gm10817,1,1
Gm10819,2,2
Gm10826,0,1
Gm10847,2,2
Gm10851,1,0
Gm10855,1,2
Gm10863,34,26
Gm10933,1,0
Gm10972,0,1
Gm10988,0,1
Gm10997,1,0
Gm11025,0,1
Gm11100,0,1
Gm11110,1,1
Gm11131,1,0
Gm11184,1,1
Gm11198,5,3
Gm11199,1,1
Gm11205,1,0
Gm11210,0,0
Gm11221,0,0
Gm11223,1,0
Gm11266,4,6
Gm11290,0,0
Gm11335,0,0
Gm11343,1,0
Gm11362,3,7
Gm11365,2,5
Gm11366,0,0
Gm11378,0,0
Gm11379,2,0
Gm11380,1,0
Gm11399,1,1
Gm11400,2,3
Gm11405,0,1
Gm11423,2,1
Gm11437,2,0
Gm11439,1,0
Gm11440,0,0
Gm11444,2,0
Gm11455,1,0
Gm11457,3,1
Gm11460,0,0
Gm11462,1,0
Gm11465,3,4
Gm11476,0,1
Gm11478,1,1
Gm11497,0,0
Gm11508,7,4
Gm11513,0,1
Gm11515,0,1
Gm11520,1,1
Gm11527,0,0
Gm11574,1,0
Gm11594,1,1
Gm11608,0,1
Gm11611,3,2
Gm11613,4,4
Gm11614,0,0
Gm11615,0,1
Gm11626,1,0
Gm11635,0,0
Gm11651,4,1
Gm11652,3,2
Gm11653,1,5
Gm11655,10,11
Gm11657,2,1
Gm11665,0,0
Gm11688,2,0
Gm11693,2,1
Gm11696,2,2
Gm11701,0,0
Gm11706,2,0
Gm11707,0,0
Gm11712,1,1
Gm11713,2,1
Gm11714,1,0
Gm11716,3,1
Gm11719,1,0
Gm11723,0,1
Gm11725,1,1
Gm11734,5,3
Gm11737,1,1
Gm11739,4,7
Gm11745,1,2
Gm11747,0,0
Gm11753,1,0
Gm11763,0,1
Gm11766,4,1
Gm11767,14,11
Gm11769,1,0
Gm11772,1,1
Gm11773,0,0
Gm11788,0,1
Gm11799,1,0
Gm11805,0,2
Gm11826,1,0
Gm11832,1,1
Gm11840,0,0
Gm11841,3,0
Gm11842,0,1
Gm11860,1,0
Gm11864,1,1
Gm11868,1,0
Gm11870,1,1
Gm11906,1,1
Gm11914,0,0
Gm11926,4,0
Gm11942,0,0
Gm11944,1,1
Gm11946,3,1
Gm11948,2,0
Gm11950,1,0
Gm11955,1,0
Gm11969,0,1
Gm11973,1,0
Gm11977,0,0
Gm12002,2,0
Gm12023,1,0
Gm12036,1,3
Gm12039,0,0
Gm12042,1,1
Gm12043,1,0
Gm12059,0,0
Gm12061,2,1
Gm12063,0,0
Gm12064,1,1
Gm12089,1,0
Gm12090,1,0
Gm12093,1,0
Gm12096,3,3
Gm12097,0,2
Gm12098,1,2
Gm12102,1,1
Gm12103,2,1
Gm12116,1,1
Gm12118,0,1
Gm12144,0,0
Gm12158,2,2
Gm12195,2,2
Gm12207,3,3
Gm12212,0,1
Gm12216,2,1
Gm12219,0,0
Gm12229,1,0
Gm12246,0,1
Gm12258,2,2
Gm12259,1,1
Gm12264,3,5
Gm12265,0,1
Gm12266,4,3
Gm12272,0,0
Gm12276,2,5
Gm12289,0,0
Gm12294,0,0
Gm12303,2,0
Gm12304,2,3
Gm12305,2,1
Gm12316,1,1
Gm12319,1,0
Gm12333,1,2
Gm12339,2,0
Gm12340,2,3
Gm12345,0,0
Gm12347,0,0
Gm12348,0,1
Gm12349,1,2
Gm12352,0,0
Gm12353,0,1
Gm12354,0,1
Gm12356,0,0
Gm12359,5,1
Gm12363,3,1
Gm12364,1,2
Gm12366,1,0
Gm12403,1,3
Gm12404,2,1
Gm12435,2,1
Gm12454,1,1
Gm12466,0,0
Gm12473,0,0
Gm12474,3,3
Gm12485,0,0
Gm12488,0,1
Gm12503,1,4
Gm12505,0,0
Gm12517,0,1
Gm12518,0,0
Gm12522,2,2
Gm12536,2,1
Gm12564,0,0
Gm12586,0,1
Gm12592,5,5
Gm12610,1,1
Gm12618,0,0
Gm12630,0,0
Gm12631,35,41
Gm12655,2,2
Gm12663,0,0
Gm12676,0,1
Gm12677,0,0
Gm12689,2,1
Gm12701,1,2
Gm12705,1,0
Gm12708,1,0
Gm12713,0,1
Gm12724,5,4
Gm12729,8,9
Gm12731,1,3
Gm12734,2,0
Gm12735,1,1
Gm12743,1,4
Gm12746,0,0
Gm12749,1,0
Gm12758,2,2
Gm12762,0,0
Gm12764,0,0
Gm12774,3,0
Gm12781,0,0
Gm12786,2,3
Gm12796,0,2
Gm12798,1,1
Gm12799,1,0
Gm128,0,0
Gm12803,0,1
Gm12841,1,0
Gm12846,2,2
Gm12852,0,2
Gm12860,20,20
Gm12861,2,1
Gm12865,2,1
Gm12866,0,0
Gm12867,0,0
Gm12868,1,0
Gm12870,3,1
Gm12896,0,0
Gm12905,7,4
Gm12915,1,0
Gm12917,0,0
Gm12925,0,1
Gm12926,0,0
Gm12930,1,0
Gm12932,1,0
Gm12940,8,7
Gm12941,0,1
Gm12944,0,0
Gm12946,1,2
Gm12953,1,1
Gm12957,0,0
Gm12959,1,0
Gm12961,3,1
Gm12963,1,0
Gm12966,0,1
Gm12971,2,1
Gm12972,0,0
Gm12974,3,3
Gm12976,0,2
Gm12977,4,5
Gm12981,2,0
Gm12987,1,1
Gm12990,0,1
Gm12992,1,6
Gm13012,0,2
Gm13038,3,1
Gm13039,0,1
Gm13042,1,0
Gm13053,1,2
Gm13062,0,1
Gm13063,2,1
Gm13067,2,1
Gm13068,0,1
Gm13070,0,1
Gm13071,0,1
Gm13073,1,2
Gm13091,8,9
Gm13132,1,0
Gm13162,0,0
Gm13166,0,0
Gm13171,3,3
Gm13184,9,4
Gm13185,0,2
Gm13199,2,2
Gm13200,0,1
Gm13201,0,0
Gm13204,1,2
Gm13205,1,1
Gm13236,0,1
Gm13256,2,0
Gm13257,1,1
Gm13267,1,2
Gm13270,2,1
Gm13283,1,1
Gm13330,0,1
Gm13340,1,1
Gm13341,1,0
Gm13349,0,1
Gm13351,1,1
Gm13357,1,0
Gm13369,0,0
Gm13375,2,5
Gm13380,3,2
Gm13381,3,3
Gm13387,1,0
Gm13389,1,1
Gm13391,3,0
Gm13394,12,21
Gm13397,0,1
Gm13405,0,0
Gm13406,0,0
Gm13407,3,1
Gm13410,1,0
Gm13421,1,1
Gm13431,2,2
Gm13453,1,2
Gm13482,0,0
Gm13483,1,2
Gm13511,0,0
Gm13523,2,3
Gm13524,225,211
Gm13535,1,0
Gm13536,0,1
Gm13543,1,2
Gm13546,0,1
Gm13550,0,0
Gm13556,1,3
Gm13562,4,3
Gm13563,3,2
Gm13570,2,1
Gm13572,0,1
Gm13574,0,0
Gm13577,2,1
Gm13583,1,1
Gm13586,0,0
Gm13588,0,1
Gm13589,3,4
Gm13590,0,3
Gm13594,2,2
Gm13596,14,12
Gm13608,3,4
Gm13609,1,0
Gm13618,0,1
Gm13620,1,2
Gm13622,1,2
Gm13623,2,0
Gm13642,0,0
Gm13648,13,9
Gm13650,0,1
Gm13657,1,1
Gm13665,2,0
Gm13666,1,2
Gm13684,1,1
Gm13689,3,4
Gm13708,0,1
Gm13710,0,1
Gm13712,1,1
Gm13778,2,3
Gm13785,2,0
Gm13786,1,0
Gm13807,2,4
Gm13818,1,0
Gm13822,0,0
Gm13827,0,0
Gm13830,3,2
Gm13833,3,2
Gm13840,2,0
Gm13848,1,0
Gm13854,0,3
Gm13864,1,0
Gm13874,1,1
Gm13886,1,0
Gm13889,0,2
Gm13898,2,0
Gm13899,0,1
Gm13919,3,4
Gm13920,3,2
Gm13963,1,1
Gm13964,3,1
Gm13966,1,2
Gm13967,0,0
Gm13986,3,2
Gm13999,1,0
Gm14001,0,0
Gm14009,1,1
Gm14010,1,1
Gm14015,1,1
Gm14022,1,0
Gm14023,0,1
Gm14057,0,0
Gm14089,0,1
Gm14091,0,0
Gm14102,1,1
Gm14111,1,1
Gm14113,0,0
Gm14122,1,1
Gm14123,0,1
Gm14132,0,1
Gm14133,1,4
Gm14135,1,1
Gm14137,2,0
Gm14141,1,0
Gm14154,0,1
Gm14165,0,0
Gm14167,1,0
Gm14168,1,1
Gm14198,0,0
Gm14204,1,0
Gm14207,2,0
Gm14210,1,1
Gm14212,2,2
Gm14221,3,3
Gm14224,1,0
Gm14225,1,0
Gm14236,29,25
Gm14239,1,4
Gm14252,1,1
Gm14286,0,3
Gm14325,1,0
Gm14326,1,0
Gm14335,1,0
Gm14342,1,0
Gm14376,0,0
Gm14382,1,0
Gm14403,2,1
Gm14412,0,1
Gm14441,1,0
Gm14455,0,1
Gm14471,2,1
Gm14486,1,1
Gm14487,2,1
Gm14488,0,0
Gm14508,6,2
Gm14537,2,2
Gm14540,1,0
Gm14547,0,2
Gm14592,0,0
Gm14634,0,0
Gm14697,1,1
Gm14767,0,0
Gm14780,1,0
Gm14808,1,0
Gm14817,1,1
Gm14832,1,0
Gm14843,1,0
Gm14846,0,1
Gm14858,0,1
Gm14866,0,0
Gm14869,2,1
Gm14879,0,1
Gm14921,2,2
Gm14928,0,0
Gm14939,1,0
Gm14966,3,4
Gm14984,0,0
Gm15013,1,1
Gm15034,1,1
Gm15077,0,0
Gm15078,0,2
Gm15122,1,2
Gm15152,0,0
Gm15154,1,0
Gm15186,1,0
Gm15197,3,1
Gm15198,1,1
Gm15202,0,1
Gm15222,0,0
Gm15234,0,1
Gm15246,0,0
Gm15261,1,2
Gm15265,2,5
Gm15268,0,3
Gm15270,0,0
Gm15282,0,1
Gm15283,3,1
Gm15327,2,0
Gm15334,1,1
Gm15342,3,6
Gm15343,0,0
Gm15344,2,2
Gm15345,2,2
Gm15346,2,0
Gm15347,3,4
Gm15350,0,5
Gm15374,1,0
Gm15376,0,0
Gm15401,0,0
Gm15402,0,1
Gm15411,0,1
Gm15412,0,2
Gm15417,7,13
Gm15418,0,1
Gm15423,1,1
Gm15441,1,1
Gm15445,1,0
Gm15446,3,3
Gm15457,0,0
Gm15459,35,23
Gm15461,0,1
Gm15466,2,2
Gm15470,2,1
Gm15477,0,0
Gm15478,2,3
Gm15485,1,0
Gm15489,2,2
Gm15494,0,1
Gm15497,3,1
Gm15506,1,2
Gm15511,0,0
Gm15513,0,1
Gm15522,0,0
Gm15523,1,1
Gm15526,0,1
Gm15527,16,16
Gm15528,1,0
Gm15533,2,1
Gm15535,1,0
Gm15537,0,1
Gm15538,0,0
Gm15543,1,1
Gm15545,7,4
Gm15547,2,0
Gm15549,0,1
Gm15550,0,1
Gm15556,5,2
Gm15558,1,3
Gm15559,2,1
Gm15560,2,2
Gm15563,1,0
Gm15564,20,22
Gm15567,0,3
Gm15569,1,1
Gm15582,0,1
Gm15591,0,1
Gm15594,0,1
Gm15599,0,1
Gm15608,0,0
Gm15609,2,2
Gm15610,1,1
Gm15613,7,6
Gm15614,2,6
Gm15624,4,3
Gm15628,0,1
Gm15634,2,0
Gm15644,0,1
Gm15651,1,1
Gm15663,7,6
Gm15664,1,2
Gm15672,1,1
Gm15675,7,12
Gm15684,5,9
Gm15687,0,1
Gm15696,0,1
Gm15706,0,1
Gm15708,2,4
Gm15711,2,2
Gm15712,1,0
Gm15713,2,1
Gm15715,0,1
Gm15716,0,0
Gm15718,1,0
Gm15736,1,0
Gm15737,1,1
Gm15738,7,7
Gm15739,3,4
Gm15742,1,0
Gm15749,2,1
Gm15751,1,0
Gm15755,1,1
Gm15756,0,0
Gm15760,3,2
Gm15764,0,3
Gm15765,2,1
Gm15775,1,0
Gm15777,2,4
Gm15784,0,1
Gm15787,5,8
Gm15789,2,1
Gm15792,1,0
Gm15793,1,0
Gm15798,3,2
Gm15799,0,1
Gm15807,1,0
Gm15819,0,0
Gm15820,4,3
Gm15821,0,0
Gm15823,1,0
Gm15829,0,0
Gm15832,1,0
Gm15834,4,4
Gm15835,3,1
Gm15842,1,0
Gm15844,1,0
Gm15846,1,0
Gm15848,2,1
Gm15853,1,2
Gm15859,1,1
Gm15860,0,1
Gm15867,5,3
Gm15872,0,0
Gm15879,3,3
Gm15880,1,1
Gm15884,4,3
Gm15885,0,2
Gm15886,2,1
Gm15890,2,1
Gm15892,0,0
Gm15893,7,4
Gm15898,1,1
Gm15902,6,10
Gm15903,8,4
Gm15907,1,4
Gm15910,1,2
Gm15911,3,2
Gm15912,2,3
Gm15915,4,2
Gm15916,3,2
Gm15917,2,1
Gm15921,0,1
Gm15927,1,1
Gm15929,0,1
Gm15932,0,1
Gm15936,2,1
Gm15938,1,1
Gm15940,0,1
Gm15941,3,2
Gm15943,8,11
Gm15945,1,2
Gm15946,1,1
Gm15950,4,0
Gm15952,1,1
Gm15953,2,2
Gm15956,1,3
Gm15965,1,0
Gm15969,3,1
Gm15971,2,1
Gm15978,0,1
Gm15984,1,0
Gm15987,0,1
Gm15991,7,6
Gm1600,0,0
Gm16001,1,1
Gm16006,1,0
Gm16008,10,6
Gm16010,0,0
Gm16016,1,0
Gm16023,3,3
Gm16024,0,0
Gm16032,1,1
Gm16035,0,0
Gm16041,9,5
Gm16044,1,1
Gm16045,3,6
Gm16046,1,1
Gm16055,1,1
Gm16059,6,3
Gm16060,1,0
Gm16063,0,1
Gm16066,2,0
Gm16068,1,1
Gm16071,6,4
Gm16073,1,0
Gm16074,0,0
Gm16090,2,1
Gm16093,1,0
Gm16096,1,0
Gm16098,0,0
Gm16104,2,2
Gm16107,1,0
Gm16114,1,1
Gm16116,1,1
Gm16120,1,2
Gm16121,4,3
Gm16122,4,3
Gm16124,0,0
Gm16125,0,2
Gm16133,0,1
Gm16136,8,8
Gm16137,1,0
Gm16138,5,2
Gm16140,0,1
Gm16141,5,3
Gm16144,0,0
Gm16146,3,0
Gm16149,0,0
Gm16153,3,2
Gm16155,1,0
Gm16158,1,1
Gm16159,8,8
Gm16163,1,3
Gm16164,1,0
Gm16167,1,0
Gm16170,7,9
Gm16172,2,1
Gm16175,8,9
Gm16177,1,0
Gm16178,4,4
Gm16179,0,1
Gm16180,2,0
Gm16184,1,1
Gm16185,7,3
Gm16189,0,1
Gm16192,2,1
Gm16193,2,1
Gm16201,1,2
Gm16206,2,1
Gm16208,1,2
Gm16209,1,0
Gm16210,1,0
Gm16217,0,0
Gm16218,0,1
Gm16230,0,0
Gm16234,2,0
Gm16235,0,0
Gm16236,0,0
Gm16238,0,1
Gm16239,1,3
Gm16240,1,0
Gm16246,0,1
Gm16260,1,0
Gm16273,0,0
Gm16276,2,0
Gm16278,2,1
Gm16279,5,1
Gm16287,0,1
Gm16288,0,0
Gm16301,0,0
Gm16305,0,1
Gm16310,7,9
Gm16315,1,0
Gm16316,13,4
Gm16325,1,1
Gm16337,0,0
Gm16341,0,0
Gm16350,1,1
Gm16351,2,10
Gm16364,3,0
Gm16386,2,0
Gm16401,1,0
Gm16425,1,1
Gm16485,3,1
Gm16523,0,0
Gm16536,3,8
Gm16537,1,0
Gm16538,0,0
Gm16540,2,4
Gm16541,1,0
Gm16546,2,0
Gm16549,0,1
Gm16552,1,0
Gm16556,1,0
Gm16574,3,3
Gm16575,2,2
Gm16576,8,2
Gm16580,2,1
Gm16581,0,0
Gm16585,0,1
Gm16596,0,0
Gm16617,2,1
Gm16618,1,0
Gm16638,3,3
Gm16675,4,2
Gm16701,0,1
Gm16712,1,1
Gm16726,1,1
Gm16731,1,0
Gm16740,2,0
Gm16741,2,5
Gm16754,3,3
Gm16759,0,0
Gm16794,4,5
Gm16833,2,4
Gm16845,0,0
Gm16853,1,3
Gm16861,2,1
Gm16863,0,0
Gm16876,1,1
Gm16892,1,0
Gm16894,1,1
Gm16897,2,2
Gm16938,1,0
Gm16973,0,2
Gm16982,3,1
Gm17022,1,0
Gm17024,2,1
Gm17029,5,6
Gm17034,2,0
Gm17039,0,0
Gm17056,1,1
Gm17057,0,0
Gm17058,1,0
Gm17066,10,6
Gm17068,6,4
Gm17080,1,1
Gm17082,1,3
Gm17083,1,1
Gm17088,14,6
Gm17089,8,5
Gm17090,1,1
Gm17092,2,1
Gm17097,0,1
Gm17102,0,0
Gm17103,1,1
Gm17105,0,1
Gm17110,1,1
Gm17111,0,1
Gm17112,1,1
Gm17115,1,0
Gm17136,1,1
Gm17146,1,0
Gm17169,2,0
Gm17173,0,1
Gm17191,2,2
Gm17193,1,1
Gm17194,1,0
Gm17195,2,3
Gm17200,1,0
Gm17201,1,2
Gm17206,0,1
Gm17207,2,3
Gm17210,3,2
Gm17213,1,1
Gm17214,1,0
Gm17218,1,0
Gm17219,2,2
Gm17224,4,6
Gm17227,6,6
Gm17228,3,0
Gm17229,0,1
Gm17230,4,7
Gm17233,2,0
Gm17235,0,0
Gm17241,0,0
Gm17249,3,1
Gm17259,1,3
Gm17276,11,8
Gm17300,1,2
Gm17315,4,4
Gm17324,0,2
Gm17334,2,4
Gm17344,2,2
Gm17354,3,1
Gm17409,0,0
Gm17473,0,1
Gm17477,2,2
Gm17491,14,11
Gm17501,1,0
Gm17529,4,2
Gm17546,0,1
Gm17552,1,0
Gm17586,1,1
Gm17590,0,0
Gm17597,1,1
Gm17619,0,0
Gm17638,2,1
Gm17690,6,6
Gm17705,1,1
Gm17709,0,2
Gm17743,11,5
Gm17746,1,1
Gm17796,0,1
Gm17797,3,2
Gm17799,0,0
Gm17808,1,1
Gm17813,1,1
Gm17815,4,1
Gm17816,1,1
Gm17823,1,0
Gm17825,4,3
Gm17826,0,0
Gm17827,1,1
Gm17828,1,1
Gm17833,0,1
Gm17849,0,1
Gm17875,1,1
Gm17891,0,0
Gm17893,0,2
Gm17907,3,1
Gm17910,3,2
Gm17938,1,0
Gm17949,0,0
Gm17956,1,1
Gm17970,1,2
Gm17971,1,1
Gm17976,0,1
Gm17981,1,0
Gm17983,1,1
Gm17999,1,3
Gm18007,1,1
Gm18014,1,0
Gm18030,2,3
Gm18042,0,0
Gm18068,7,14
Gm18087,1,1
Gm18101,0,0
Gm18120,0,2
Gm18132,0,1
Gm18149,3,5
Gm18212,0,1
Gm18234,2,1
Gm18237,1,0
Gm18256,2,0
Gm18284,0,0
Gm18301,2,0
Gm18334,1,0
Gm18343,0,0
Gm18371,1,0
Gm18391,0,0
Gm18409,0,1
Gm18413,1,1
Gm18422,0,0
Gm18442,0,1
Gm18553,0,1
Gm18556,1,1
Gm18588,1,2
Gm18636,1,0
Gm18646,0,0
Gm18734,1,0
Gm18753,1,0
Gm18760,3,3
Gm18787,0,1
Gm18791,1,1
Gm18811,0,1
Gm18821,3,2
Gm18829,0,0
Gm18856,1,1
Gm18860,1,1
Gm18875,1,1
Gm18890,2,0
Gm18894,1,1
Gm18899,1,0
Gm18914,1,1
Gm18917,0,1
Gm18942,1,1
Gm18948,0,0
Gm18949,1,0
Gm18955,1,1
Gm18959,1,0
Gm18981,1,0
Gm18988,2,2
Gm18990,1,1
Gm19005,1,2
Gm19010,0,1
Gm19026,0,0
Gm19040,5,2
Gm19046,1,0
Gm19056,0,0
Gm19078,2,0
Gm19104,0,1
Gm19121,1,0
Gm19144,0,1
Gm19148,0,0
Gm19170,1,0
Gm19178,0,2
Gm19187,0,0
Gm19195,0,1
Gm19198,0,1
Gm19219,0,1
Gm19220,1,0
Gm19221,2,3
Gm19265,1,0
Gm19267,2,2
Gm19269,2,5
Gm19280,0,1
Gm19303,0,0
Gm19325,4,1
Gm19327,4,6
Gm19337,1,2
Gm19353,3,2
Gm19391,1,0
Gm19409,3,0
Gm19410,1,0
Gm19412,1,1
Gm19426,3,3
Gm19427,1,0
Gm19434,0,0
Gm19437,1,2
Gm19461,10,8
Gm19466,4,7
Gm19497,0,0
Gm19500,1,0
Gm19522,3,6
Gm19552,1,2
Gm19557,0,1
Gm19582,3,3
Gm19605,7,3
Gm19619,0,0
Gm19667,8,6
Gm19680,0,0
Gm19689,0,1
Gm19705,3,2
Gm19710,1,1
Gm19721,4,6
Gm19744,0,1
Gm1976,22,22
Gm19863,1,2
Gm19898,1,1
Gm19967,0,4
Gm19972,3,2
Gm19990,0,0
Gm20008,1,0
Gm20026,1,1
Gm20033,0,0
Gm20036,0,0
Gm20045,9,10
Gm20069,1,2
Gm20089,0,2
Gm20100,1,1
Gm2011,2,1
Gm20125,9,8
Gm20149,0,1
Gm20186,1,0
Gm20234,4,4
Gm20274,2,0
Gm20275,14,15
Gm20300,8,8
Gm20305,1,1
Gm20319,2,3
Gm20324,1,1
Gm20337,3,2
Gm20379,1,0
Gm20394,0,2
Gm20404,1,1
Gm20405,1,2
Gm20406,2,1
Gm20416,2,1
Gm20420,0,1
Gm20442,0,0
Gm20456,1,1
Gm20457,3,8
Gm20468,1,0
Gm20470,0,0
Gm20478,1,0
Gm2048,0,0
Gm20492,1,1
Gm20517,1,0
Gm20518,0,0
Gm20522,0,2
Gm20531,0,1
Gm20535,1,2
Gm20537,1,0
Gm20540,1,0
Gm20544,3,4
Gm20548,0,1
Gm20554,135,97
Gm20555,1,2
Gm20556,1,2
Gm20559,8,3
Gm20597,1,0
Gm20605,0,2
Gm20616,0,1
Gm20618,0,1
Gm20628,2,0
Gm20632,2,4
Gm20633,1,1
Gm20636,0,0
Gm20648,0,0
Gm2065,0,1
Gm20655,0,1
Gm20661,1,0
Gm20667,2,1
Gm20682,2,3
Gm20686,3,2
Gm20688,3,1
Gm20695,1,0
Gm20696,3,4
Gm20701,0,1
Gm20702,1,1
Gm20703,0,0
Gm20705,0,3
Gm20707,1,1
Gm20712,2,0
Gm20731,1,0
Gm20732,1,1
Gm20758,0,0
Gm20768,0,1
Gm2087,0,0
Gm2093,0,0
Gm20939,2,0
Gm2102,0,0
Gm21055,0,1
Gm21057,9,3
Gm21182,1,0
Gm21283,1,1
Gm2164,0,0
Gm21691,1,1
Gm21718,3,3
Gm2178,2,0
Gm21781,15,17
Gm21814,0,1
Gm21817,8,6
Gm21859,1,1
Gm21909,1,0
Gm21960,2,3
Gm21981,1,0
Gm21984,1,0
Gm21992,4,5
Gm22009,58,56
Gm22042,0,2
Gm22043,1,1
Gm22063,1,0
Gm22079,0,1
Gm2214,0,0
Gm22146,5,8
Gm22148,0,0
Gm22154,1,0
Gm22270,1,0
Gm22290,0,1
Gm22304,1,0
Gm22322,1,0
Gm22353,1,0
Gm22358,0,1
Gm22362,0,0
Gm22422,2,1
Gm22442,14,8
Gm22502,1,0
Gm22523,2,2
Gm2253,3,4
Gm22540,2,2
Gm22572,1,1
Gm22573,2,1
Gm22581,4,3
Gm22583,0,0
Gm22595,1,0
Gm22682,0,0
Gm22716,1,0
Gm22720,1,0
Gm22728,0,0
Gm22738,1,1
Gm22767,0,1
Gm22771,0,1
Gm22786,0,0
Gm22806,2,2
Gm22840,0,0
Gm22847,1,1
Gm22881,0,1
Gm22888,0,0
Gm22960,0,0
Gm22973,2,1
Gm22980,2,1
Gm23057,1,0
Gm23077,0,0
Gm23129,2,1
Gm23153,1,0
Gm23205,0,0
Gm23217,2,0
Gm23241,1,0
Gm23245,0,0
Gm23262,1,3
Gm23264,1,0
Gm23287,0,1
Gm23297,0,1
Gm23303,1,0
Gm23346,1,1
Gm23442,4,3
Gm23458,0,0
Gm23547,1,2
Gm23582,0,2
Gm23608,1,0
Gm2366,5,6
Gm23692,0,1
Gm23714,0,0
Gm23722,2,0
Gm23747,0,0
Gm23751,1,1
Gm23787,0,1
Gm2379,1,0
Gm23803,0,1
Gm23819,0,1
Gm23849,1,0
Gm23864,0,0
Gm23939,0,2
Gm24031,2,1
Gm24041,2,1
Gm24091,1,0
Gm24119,1,3
Gm24143,0,0
Gm24144,1,0
Gm24145,1,1
Gm2415,1,0
Gm24163,1,0
Gm24195,1,1
Gm24198,1,0
Gm24233,1,1
Gm24261,1,1
Gm24289,0,0
Gm2431,0,0
Gm24336,11,10
Gm24339,6,2
Gm24362,3,3
Gm24379,1,1
Gm24399,3,3
Gm24440,0,1
Gm24445,1,1
Gm24461,0,1
Gm24468,0,1
Gm2447,1,0
Gm24494,0,0
Gm24497,1,2
Gm24507,1,0
Gm24525,0,0
Gm24581,0,0
Gm24592,0,0
Gm24616,1,2
Gm24644,2,2
Gm24646,1,0
Gm24762,1,0
Gm24771,0,1
Gm24784,0,1
Gm24787,1,0
Gm2479,4,1
Gm24809,0,0
Gm24812,0,0
Gm24837,0,1
Gm24879,0,0
Gm24920,0,1
Gm24940,0,0
Gm24992,3,1
Gm25008,1,0
Gm25047,0,1
Gm2505,0,0
Gm25072,1,0
Gm25099,1,0
Gm25117,0,2
Gm25128,0,0
Gm25152,0,0
Gm25189,0,1
Gm25279,0,1
Gm25313,0,1
Gm25379,0,0
Gm25394,3,2
Gm25395,46,47
Gm25419,0,0
Gm25497,0,0
Gm25520,0,1
Gm25541,1,0
Gm25563,0,0
Gm25587,1,0
Gm25604,1,0
Gm25612,1,1
Gm25636,1,0
Gm25694,1,1
Gm2573,2,0
Gm25735,0,0
Gm25763,1,0
Gm25776,2,0
Gm25788,0,1
Gm25835,1,1
Gm25873,0,1
Gm25968,2,1
Gm25989,0,0
Gm26049,2,1
Gm26122,0,0
Gm26165,0,1
Gm26169,0,0
Gm26175,1,0
Gm2623,1,0
Gm26244,1,1
Gm26254,1,1
Gm2629,2,1
Gm26316,0,0
Gm26361,1,0
Gm26397,1,4
Gm26419,0,0
Gm26448,30,38
Gm26461,2,3
Gm26493,1,0
Gm26497,2,1
Gm26510,2,2
Gm26511,2,1
Gm26513,1,1
Gm26520,0,0
Gm26531,0,2
Gm26532,6,4
Gm26533,0,0
Gm26535,1,1
Gm26536,1,2
Gm26542,2,4
Gm26549,8,4
Gm26550,5,3
Gm26558,2,1
Gm26562,1,0
Gm26574,1,0
Gm26583,2,2
Gm26586,5,5
Gm26588,0,0
Gm26594,2,1
Gm26600,1,0
Gm26616,0,1
Gm26621,4,7
Gm26626,4,2
Gm26628,0,1
Gm26631,0,2
Gm26632,1,1
Gm26636,0,1
Gm26641,6,6
Gm26642,0,1
Gm26644,2,1
Gm26648,3,2
Gm26652,4,6
Gm26664,0,1
Gm26672,2,3
Gm26674,0,1
Gm26679,4,6
Gm26682,1,0
Gm26688,6,6
Gm26693,0,0
Gm26698,2,2
Gm2670,0,0
Gm26703,0,0
Gm26704,2,2
Gm26708,0,0
Gm26724,4,1
Gm26725,2,0
Gm26728,3,2
Gm26744,1,1
Gm26749,5,4
Gm26759,1,0
Gm26760,2,1
Gm26769,2,0
Gm26770,1,0
Gm26782,3,2
Gm26788,9,8
Gm26789,11,3
Gm26797,4,5
Gm26810,0,1
Gm26811,6,2
Gm26812,1,1
Gm26813,3,2
Gm26814,3,1
Gm26826,0,0
Gm26838,0,1
Gm26839,1,1
Gm26852,15,9
Gm26861,2,2
Gm26865,0,1
Gm26871,0,0
Gm26873,0,0
Gm26875,0,0
Gm26885,1,0
Gm26891,1,1
Gm26901,3,3
Gm26911,6,5
Gm26912,0,1
Gm26913,1,1
Gm26925,0,2
Gm26931,1,1
Gm26936,4,5
Gm26944,1,2
Gm26947,2,1
Gm26952,1,2
Gm26964,1,3
Gm26971,3,1
Gm26978,0,0
Gm26981,5,2
Gm26982,1,1
Gm27002,0,0
Gm27003,1,0
Gm27006,1,1
Gm27010,0,5
Gm27011,1,2
Gm27014,0,1
Gm27017,3,1
Gm27019,4,4
Gm27026,0,0
Gm27028,4,7
Gm27029,1,0
Gm27030,0,0
Gm27046,0,1
Gm27048,0,0
Gm2710,0,0
Gm27152,0,0
Gm27206,1,1
Gm27209,1,0
Gm27211,0,2
Gm27217,0,0
Gm27227,2,0
Gm27240,1,0
Gm27244,0,0
Gm27252,4,5
Gm2735,6,0
Gm27616,3,1
Gm2767,1,0
Gm2788,1,0
Gm27934,0,1
Gm28020,1,1
Gm2805,1,0
Gm28050,2,0
Gm28055,0,0
Gm28068,0,1
Gm28077,1,0
Gm28085,1,0
Gm28095,1,1
Gm28112,1,1
Gm28118,1,0
Gm28119,1,0
Gm28151,2,2
Gm28155,0,0
Gm28180,0,0
Gm28183,1,1
Gm28192,4,2
Gm28229,2,5
Gm28258,0,1
Gm28277,1,0
Gm2830,0,1
Gm28306,0,1
Gm28323,1,0
Gm28364,0,1
Gm28370,2,6
Gm28373,7,8
Gm28375,0,0
Gm28379,1,1
Gm28417,12,12
Gm28424,0,0
Gm28439,0,1
Gm28441,0,0
Gm28466,1,0
Gm28499,0,1
Gm28501,1,0
Gm28505,0,0
Gm28529,2,4
Gm28530,2,1
Gm28557,2,3
Gm28578,1,1
Gm28586,1,0
Gm28609,1,1
Gm2862,2,2
Gm28631,0,1
Gm28706,1,1
Gm28720,0,0
Gm28731,1,0
Gm28791,0,3
Gm28800,1,0
Gm28809,3,3
Gm28836,1,0
Gm28857,2,1
Gm28874,1,2
Gm28892,0,1
Gm28940,1,1
Gm28941,1,0
Gm2895,0,0
Gm28982,0,1
Gm28988,1,0
Gm29008,5,2
Gm29036,2,1
Gm29040,0,1
Gm29050,0,1
Gm29054,1,0
Gm29055,0,1
Gm29093,2,0
Gm29097,3,1
Gm29112,1,1
Gm29113,1,0
Gm29114,1,2
Gm29123,2,1
Gm29128,0,0
Gm29151,0,1
Gm29156,1,0
Gm29164,0,0
Gm29170,3,2
Gm29183,2,2
Gm29187,0,1
Gm29200,0,0
Gm29228,0,1
Gm29233,0,0
Gm29237,2,1
Gm29260,0,0
Gm29322,1,0
Gm29340,1,0
Gm29361,1,1
Gm29383,1,0
Gm29394,0,0
Gm29438,2,1
Gm29453,0,1
Gm29477,0,1
Gm29480,1,1
Gm29483,0,0
Gm29488,2,1
Gm29570,2,0
Gm29585,1,1
Gm29590,4,0
Gm29596,0,0
Gm29642,2,1
Gm29670,3,2
Gm29676,0,1
Gm29683,0,0
Gm29688,1,2
Gm29695,0,0
Gm29724,1,0
Gm2976,1,0
Gm29794,1,0
Gm2986,0,3
Gm29994,0,0
Gm2a,19,16
Gm30015,4,2
Gm30025,4,4
Gm30042,2,2
Gm30054,2,3
Gm30082,1,2
Gm30122,1,1
Gm30124,1,0
Gm30191,0,0
Gm30244,1,0
Gm30262,0,0
Gm30280,0,0
Gm30285,2,2
Gm30329,0,1
Gm30382,0,0
Gm30409,1,0
Gm30455,4,5
Gm30539,1,0
Gm30541,1,0
Gm30619,0,1
Gm30624,0,0
Gm30639,0,0
Gm30671,0,0
Gm30693,3,1
Gm30698,0,1
Gm30747,0,1
Gm3081,0,2
Gm30835,0,1
Gm30849,1,0
Gm3086,1,0
Gm30881,2,1
Gm30893,1,0
Gm30934,3,1
Gm30978,1,0
Gm31036,2,4
Gm31108,1,4
Gm31125,1,0
Gm31172,3,3
Gm31182,0,1
Gm3121,0,1
Gm31223,4,6
Gm31224,3,0
Gm31249,0,3
Gm31253,4,4
Gm31266,0,1
Gm31305,2,1
Gm31332,0,1
Gm31333,0,0
Gm31373,0,0
Gm31462,1,2
Gm31497,7,6
Gm31510,1,3
Gm31513,1,1
Gm31616,0,0
Gm31619,8,2
Gm31641,3,0
Gm31659,1,1
Gm31683,1,0
Gm31690,0,1
Gm31704,2,0
Gm31718,2,3
Gm31749,0,1
Gm31763,5,3
Gm31774,0,0
Gm31834,0,0
Gm31854,4,5
Gm31974,0,2
Gm32006,0,0
Gm32014,0,0
Gm32036,1,1
Gm32059,1,3
Gm32090,1,0
Gm32164,0,1
Gm32219,1,1
Gm32256,3,2
Gm32261,1,0
Gm32273,0,0
Gm32304,0,1
Gm32342,2,0
Gm3235,7,3
Gm32358,0,1
Gm32364,1,2
Gm32376,1,1
Gm32391,1,1
Gm32443,1,1
Gm32474,0,1
Gm32479,15,17
Gm32486,1,1
Gm32492,4,1
Gm32511,0,0
Gm32540,0,1
Gm32548,0,2
Gm32585,0,0
Gm32618,2,1
Gm32633,1,1
Gm32655,0,1
Gm32673,3,2
Gm32718,0,1
Gm32738,6,5
Gm32786,0,1
Gm32816,1,3
Gm32856,10,4
Gm32914,0,0
Gm32934,0,1
Gm32950,2,1
Gm33023,0,0
Gm33033,1,0
Gm33044,0,0
Gm33046,5,5
Gm33050,1,1
Gm33104,0,0
Gm33111,0,1
Gm33121,0,1
Gm33280,3,3
Gm33299,0,0
Gm33302,0,0
Gm33460,0,1
Gm33467,1,1
Gm33524,0,1
Gm33531,0,0
Gm3355,0,1
Gm33570,1,0
Gm33586,1,2
Gm33609,0,0
Gm3362,1,1
Gm33699,0,0
Gm3375,1,3
Gm33785,0,1
Gm33882,1,0
Gm33934,2,2
Gm33973,0,1
Gm33989,41,43
Gm33994,0,0
Gm34006,9,14
Gm34035,3,2
Gm34045,0,0
Gm34102,3,3
Gm34157,1,0
Gm34176,1,0
Gm34189,0,1
Gm34220,3,1
Gm34280,0,0
Gm34316,0,0
Gm34331,0,1
Gm34342,1,0
Gm34376,0,0
Gm34408,1,0
Gm34411,1,1
Gm34417,1,0
Gm34432,0,1
Gm34455,1,0
Gm34471,2,1
Gm34510,0,1
Gm3455,0,0
Gm34552,1,0
Gm34574,0,0
Gm34590,2,1
Gm34632,4,4
Gm34639,1,1
Gm34654,1,1
Gm34655,1,3
Gm34727,1,1
Gm34794,1,0
Gm34854,1,1
Gm34866,0,1
Gm34868,1,0
Gm34882,2,2
Gm34885,1,1
Gm34917,0,0
Gm34922,12,9
Gm34934,0,1
Gm34961,1,0
Gm34983,0,1
Gm35021,4,2
Gm35035,1,0
Gm35065,0,0
Gm35082,1,0
Gm35101,0,2
Gm35107,1,1
Gm35113,2,1
Gm3513,3,1
Gm35137,1,1
Gm35154,0,2
Gm35188,4,0
Gm35189,2,4
Gm3519,1,1
Gm35240,0,1
Gm35290,2,4
Gm35330,2,0
Gm35363,1,0
Gm35417,0,3
Gm35454,0,0
Gm3549,0,1
Gm35546,3,4
Gm35549,1,0
Gm3555,0,0
Gm35551,1,1
Gm35558,0,1
Gm35572,1,1
Gm35576,1,0
Gm35585,1,0
Gm35612,4,2
Gm35715,4,4
Gm35732,1,0
Gm35808,2,2
Gm35853,1,1
Gm35867,0,0
Gm35876,1,1
Gm35909,3,0
Gm35933,0,0
Gm35963,0,0
Gm36026,0,0
Gm36033,1,2
Gm3604,1,1
Gm36043,0,0
Gm36070,1,1
Gm36129,0,1
Gm36172,1,1
Gm36185,0,1
Gm36189,0,0
Gm36208,1,0
Gm36220,6,5
Gm36229,0,0
Gm36235,0,0
Gm3625,1,0
Gm36266,0,0
Gm36279,1,0
Gm36287,2,1
Gm36325,0,1
Gm36328,3,6
Gm36371,1,0
Gm36378,0,1
Gm36393,0,1
Gm36411,1,0
Gm36423,1,2
Gm36445,4,3
Gm36457,2,3
Gm36459,2,1
Gm3650,2,1
Gm36501,0,1
Gm36527,9,5
Gm36535,0,0
Gm36551,0,0
Gm36584,0,0
Gm36587,5,5
Gm36602,1,0
Gm36629,0,0
Gm36635,0,1
Gm36638,22,25
Gm36670,0,0
Gm36684,2,1
Gm3671,1,0
Gm36723,1,2
Gm36738,0,1
Gm36756,4,7
Gm36787,3,0
Gm36816,0,3
Gm36839,0,0
Gm36862,0,0
Gm36930,0,2
Gm36933,11,13
Gm36934,1,0
Gm36936,15,6
Gm36938,3,7
Gm36940,1,0
Gm36944,3,4
Gm3695,1,1
Gm36955,0,0
Gm36957,0,1
Gm36962,1,2
Gm36963,1,0
Gm36970,1,4
Gm36975,0,5
Gm36989,5,3
Gm37014,0,0
Gm37017,1,0
Gm37018,9,5
Gm37019,9,5
Gm37023,2,1
Gm37027,0,0
Gm37033,27,20
Gm37036,3,1
Gm37048,7,5
Gm37052,6,1
Gm37053,4,1
Gm37060,0,1
Gm37062,0,0
Gm37065,0,2
Gm37067,1,0
Gm37069,4,3
Gm37076,0,0
Gm37078,0,0
Gm37079,6,2
Gm37080,6,4
Gm37082,1,0
Gm37084,16,15
Gm37088,1,1
Gm37090,1,0
Gm37101,5,2
Gm37105,3,4
Gm37106,2,1
Gm37109,0,0
Gm37115,4,6
Gm37121,1,0
Gm37123,2,1
Gm37124,1,1
Gm37127,2,0
Gm37131,5,0
Gm37135,0,1
Gm37137,6,4
Gm37139,6,8
Gm37144,2,2
Gm37145,0,1
Gm37152,1,0
Gm37160,0,1
Gm37163,2,3
Gm37166,0,1
Gm37174,2,2
Gm37183,2,0
Gm37186,8,13
Gm37189,1,0
Gm37194,134,122
Gm37195,1,0
Gm3720,0,0
Gm37200,2,3
Gm37204,5,4
Gm37212,2,4
Gm37215,1,2
Gm37216,2,1
Gm37226,1,2
Gm37229,3,1
Gm37233,3,2
Gm37238,4,4
Gm37239,0,1
Gm37240,1,3
Gm37242,2,5
Gm37246,1,0
Gm37248,2,1
Gm37249,1,1
Gm37250,5,5
Gm37253,1,1
Gm37254,4,5
Gm37255,2,3
Gm37258,1,1
Gm37259,0,1
Gm37262,2,2
Gm37265,7,10
Gm37274,6,6
Gm37277,4,1
Gm37285,6,2
Gm37289,0,1
Gm37296,3,2
Gm37297,11,11
Gm37303,3,2
Gm37305,6,3
Gm37309,1,2
Gm37310,1,0
Gm37311,1,1
Gm37314,2,3
Gm37320,9,10
Gm37321,4,6
Gm37333,1,0
Gm37334,1,1
Gm37336,0,1
Gm3734,2,2
Gm37342,4,2
Gm37354,7,8
Gm37359,2,1
Gm37362,1,1
Gm37364,0,0
Gm37368,0,0
Gm37372,2,3
Gm37382,3,4
Gm37383,1,0
Gm37390,2,5
Gm37391,3,2
Gm37399,1,0
Gm37407,0,1
Gm37409,6,5
Gm37411,0,0
Gm37420,5,3
Gm37422,6,7
Gm37423,3,1
Gm37436,1,2
Gm37446,0,1
Gm37447,2,1
Gm37465,9,7
Gm37470,0,1
Gm37474,1,1
Gm37475,0,0
Gm37485,0,1
Gm37488,0,0
Gm37497,0,0
Gm37498,0,0
Gm37499,3,3
Gm37500,2,1
Gm37503,1,0
Gm37509,1,0
Gm37510,0,1
Gm37519,1,1
Gm37520,1,0
Gm37521,5,4
Gm37522,2,5
Gm37524,8,5
Gm37525,6,4
Gm37526,1,0
Gm37529,2,2
Gm37531,7,6
Gm37534,8,9
Gm37536,1,3
Gm37537,1,0
Gm37539,1,1
Gm37553,4,4
Gm37558,7,10
Gm37559,2,4
Gm37566,0,2
Gm37568,1,0
Gm37569,4,2
Gm37570,5,5
Gm37578,0,0
Gm37581,1,1
Gm37584,4,0
Gm37588,2,1
Gm37589,3,7
Gm37592,1,1
Gm37606,2,1
Gm37607,2,2
Gm37618,3,2
Gm37621,6,10
Gm37626,2,2
Gm37632,3,1
Gm37637,5,3
Gm37639,0,1
Gm37640,0,1
Gm37643,4,6
Gm37646,1,0
Gm37651,3,1
Gm37652,1,2
Gm37653,12,10
Gm37655,3,2
Gm37663,5,5
Gm37669,1,0
Gm37672,2,1
Gm37675,1,0
Gm37677,17,11
Gm37685,1,1
Gm37689,0,2
Gm37703,0,0
Gm37706,1,0
Gm37718,2,2
Gm37726,6,4
Gm37728,1,1
Gm37729,0,0
Gm37733,2,2
Gm37735,1,0
Gm37737,0,0
Gm37738,3,4
Gm37745,6,7
Gm37760,3,2
Gm37768,1,0
Gm37769,1,0
Gm37772,0,1
Gm37776,1,2
Gm37780,0,2
Gm37781,1,2
Gm37783,0,0
Gm37788,1,0
Gm37790,1,2
Gm37795,0,0
Gm37804,1,0
Gm37809,3,2
Gm37817,0,0
Gm37818,2,1
Gm37833,0,0
Gm37842,1,0
Gm37850,2,4
Gm37855,2,1
Gm37857,0,0
Gm37859,3,2
Gm37864,3,0
Gm37868,2,3
Gm37876,1,0
Gm37879,0,2
Gm37886,2,2
Gm37891,1,0
Gm37893,1,2
Gm37894,1,0
Gm37899,0,1
Gm37900,0,1
Gm37902,1,3
Gm37906,2,4
Gm3791,4,1
Gm37914,1,1
Gm37929,3,3
Gm3793,1,0
Gm37931,0,1
Gm37932,0,0
Gm37934,0,1
Gm37940,9,7
Gm37946,3,3
Gm37949,1,2
Gm37953,1,1
Gm37954,0,2
Gm37955,1,1
Gm37956,1,0
Gm37962,7,2
Gm37963,0,1
Gm37967,0,1
Gm37968,6,2
Gm37969,1,1
Gm37973,1,0
Gm37978,12,9
Gm37979,1,0
Gm37982,2,3
Gm37983,2,3
Gm38000,1,1
Gm38001,1,2
Gm38004,2,1
Gm38009,2,1
Gm38010,2,2
Gm38014,3,0
Gm38021,1,0
Gm38026,2,0
Gm38034,31,27
Gm38036,0,2
Gm38037,0,1
Gm38038,2,0
Gm38042,20,22
Gm38043,5,4
Gm38055,2,0
Gm38056,6,5
Gm38057,8,3
Gm38059,0,0
Gm38067,0,0
Gm3807,1,0
Gm38071,1,0
Gm38077,5,2
Gm38082,4,6
Gm38091,2,0
Gm38104,1,0
Gm38111,0,2
Gm38115,1,3
Gm38118,1,0
Gm38120,5,11
Gm38125,3,2
Gm38126,0,0
Gm38134,1,2
Gm38142,3,1
Gm38147,10,10
Gm38150,0,0
Gm38155,0,2
Gm38156,1,1
Gm38157,2,3
Gm38162,0,3
Gm38169,1,0
Gm38190,4,3
Gm38192,5,4
Gm38197,0,0
Gm38199,2,1
Gm38200,3,1
Gm38211,1,1
Gm38217,1,0
Gm38218,0,1
Gm3822,1,2
Gm38220,1,0
Gm38227,0,1
Gm38228,2,10
Gm38230,0,1
Gm38235,16,13
Gm38241,0,1
Gm38244,4,3
Gm38245,2,0
Gm38248,2,1
Gm38250,1,1
Gm38251,1,0
Gm38252,2,1
Gm38253,4,4
Gm38255,9,6
Gm38257,10,10
Gm38262,1,1
Gm38263,0,0
Gm38271,0,1
Gm3828,1,1
Gm38289,0,0
Gm38293,0,2
Gm38297,2,2
Gm38299,1,0
Gm38300,3,0
Gm38302,0,1
Gm38304,1,0
Gm38309,1,0
Gm38315,1,0
Gm38318,10,5
Gm38320,0,0
Gm38331,2,1
Gm38335,0,0
Gm38336,1,1
Gm38340,0,0
Gm38342,2,2
Gm38344,1,0
Gm38345,0,0
Gm38357,1,1
Gm38359,2,3
Gm38365,3,5
Gm38366,6,2
Gm38368,3,1
Gm38372,11,12
Gm38374,2,1
Gm38375,2,1
Gm38376,1,1
Gm38377,1,0
Gm38380,2,4
Gm38381,3,9
Gm38384,0,1
Gm38386,1,1
Gm38387,3,6
Gm38393,0,0
Gm38411,2,2
Gm38412,0,0
Gm38431,1,1
Gm38503,2,3
Gm38509,1,1
Gm3851,1,0
Gm38537,1,0
Gm38563,4,5
Gm38604,1,1
Gm38632,5,2
Gm38773,3,2
Gm38882,0,1
Gm38883,1,1
Gm3889,0,1
Gm38910,20,15
Gm38941,1,0
Gm38948,3,2
Gm39027,1,0
Gm39041,39,45
Gm3912,1,1
Gm39121,0,1
Gm39193,3,2
Gm39213,1,2
Gm39214,1,0
Gm39302,0,1
Gm39307,1,0
Gm39318,0,4
Gm39323,0,1
Gm39325,2,1
Gm39326,7,4
Gm39327,0,1
Gm39348,0,0
Gm39384,0,0
Gm39404,1,1
Gm39429,1,3
Gm39458,0,1
Gm3946,0,1
Gm39465,1,1
Gm39469,5,6
Gm39478,4,4
Gm3948,1,0
Gm39526,2,2
Gm3953,1,2
Gm39556,69,57
Gm39606,0,2
Gm39770,0,0
Gm39859,2,1
Gm40117,2,3
Gm4013,0,1
Gm40190,1,2
Gm40309,9,10
Gm4034,2,1
Gm40478,0,1
Gm40528,1,5
Gm40621,0,0
Gm40787,0,1
Gm40841,2,3
Gm40853,0,1
Gm40909,1,1
Gm40918,4,0
Gm40999,11,11
Gm41002,0,1
Gm41030,1,1
Gm4107,2,0
Gm41077,4,4
Gm41113,0,2
Gm41115,0,0
Gm41142,2,0
Gm4117,8,7
Gm41177,1,0
Gm41230,1,1
Gm41253,1,0
Gm4129,1,1
Gm41291,1,0
Gm41293,0,0
Gm41331,0,0
Gm41349,4,3
Gm41361,0,0
Gm41386,0,0
Gm41396,36,37
Gm41442,1,3
Gm41496,1,0
Gm41584,0,0
Gm41604,0,2
Gm41609,1,4
Gm4165,0,1
Gm41662,0,0
Gm41664,1,0
Gm41668,1,1
Gm41760,2,0
Gm41764,16,16
Gm41787,0,1
Gm4189,3,1
Gm41914,6,5
Gm4204,2,2
Gm42067,1,1
Gm4211,1,1
Gm42151,2,0
Gm42161,1,1
Gm4221,1,0
Gm4240,3,4
Gm42432,2,1
Gm42433,1,1
Gm42436,4,0
Gm42438,7,6
Gm42439,4,2
Gm42440,11,9
Gm42441,5,3
Gm42442,7,5
Gm42443,12,5
Gm42449,0,0
Gm42462,1,0
Gm42463,2,0
Gm42466,1,0
Gm42467,3,4
Gm4247,0,1
Gm42471,4,1
Gm42473,3,2
Gm42477,0,1
Gm42501,1,0
Gm42502,4,2
Gm42507,0,0
Gm42508,3,3
Gm42509,2,0
Gm42514,1,0
Gm42515,0,1
Gm42528,4,2
Gm42529,1,0
Gm42533,0,0
Gm42537,0,1
Gm42538,0,1
Gm42547,6,5
Gm42548,5,8
Gm42549,13,12
Gm42551,0,2
Gm42556,1,1
Gm42559,8,5
Gm42560,0,0
Gm42567,1,1
Gm42571,5,3
Gm42572,0,1
Gm42576,5,6
Gm42577,0,0
Gm42585,6,7
Gm42588,2,1
Gm42589,3,0
Gm42591,1,2
Gm42595,2,0
Gm42598,1,0
Gm42600,3,2
Gm42603,0,1
Gm42607,1,0
Gm42611,5,2
Gm42615,0,0
Gm42633,1,2
Gm42636,1,0
Gm42648,3,2
Gm42651,1,0
Gm42658,2,5
Gm42659,2,1
Gm42664,6,10
Gm42669,0,0
Gm42671,0,1
Gm42672,1,1
Gm42681,0,0
Gm42699,0,2
Gm42700,0,2
Gm42701,0,2
Gm42702,5,5
Gm42705,0,2
Gm42706,1,3
Gm42707,1,0
Gm42715,2,0
Gm42716,0,2
Gm42717,1,1
Gm42725,3,3
Gm42726,3,5
Gm42727,4,4
Gm42728,1,1
Gm42729,2,1
Gm42732,5,4
Gm42743,0,1
Gm42748,3,5
Gm42758,1,0
Gm42763,1,0
Gm42779,0,0
Gm42782,1,1
Gm42788,0,0
Gm4279,2,1
Gm42793,2,6
Gm42794,0,1
Gm42798,1,3
Gm42819,3,4
Gm42820,3,4
Gm42822,11,10
Gm42829,0,2
Gm42837,1,1
Gm42839,3,2
Gm42840,0,3
Gm42841,5,6
Gm42842,8,6
Gm42843,5,5
Gm4285,1,1
Gm42852,3,1
Gm42856,3,2
Gm42858,1,0
Gm42860,0,0
Gm42866,2,6
Gm42867,1,3
Gm42869,7,3
Gm42872,4,0
Gm42873,1,1
Gm42874,2,1
Gm42876,3,2
Gm42878,2,1
Gm42879,1,1
Gm42881,5,7
Gm42882,0,0
Gm42883,1,0
Gm42884,2,0
Gm42890,1,3
Gm42892,15,20
Gm42898,1,2
Gm42899,0,3
Gm42900,5,2
Gm42907,10,17
Gm42908,0,0
Gm42928,1,2
Gm42929,3,5
Gm42930,3,4
Gm42934,0,1
Gm42937,3,2
Gm42938,2,1
Gm42939,6,3
Gm42941,13,11
Gm42957,0,1
Gm42962,1,0
Gm42967,1,2
Gm42979,5,4
Gm42980,0,1
Gm42981,1,0
Gm42982,1,0
Gm42983,1,0
Gm42984,0,0
Gm42986,5,6
Gm42989,7,6
Gm42991,23,16
Gm42992,47,40
Gm42993,36,29
Gm42994,6,8
Gm42995,3,5
Gm42996,8,6
Gm42998,2,0
Gm43006,1,1
Gm43010,1,0
Gm43011,5,4
Gm43012,3,1
Gm43013,1,1
Gm43017,2,0
Gm43018,10,10
Gm43019,12,12
Gm43024,4,2
Gm43029,4,1
Gm43031,2,0
Gm43039,1,1
Gm43051,5,3
Gm43052,4,3
Gm43054,2,1
Gm43059,1,1
Gm43061,2,2
Gm43062,0,0
Gm43065,0,1
Gm43070,0,1
Gm43071,3,1
Gm43072,3,1
Gm43073,0,0
Gm43075,1,0
Gm43080,4,2
Gm43081,2,0
Gm43088,0,1
Gm43094,1,2
Gm43099,3,2
Gm43111,0,0
Gm43112,1,0
Gm43119,0,1
Gm43123,0,0
Gm43127,2,1
Gm43128,1,0
Gm43133,0,0
Gm43138,2,2
Gm43143,0,0
Gm43145,0,1
Gm43149,0,2
Gm43154,11,8
Gm43158,0,0
Gm43160,1,1
Gm43162,0,3
Gm43164,2,1
Gm43167,2,3
Gm43176,0,2
Gm43177,0,0
Gm43181,1,0
Gm43185,0,1
Gm43186,11,6
Gm43187,25,19
Gm43188,18,17
Gm43195,3,2
Gm43197,2,2
Gm43201,2,1
Gm43203,0,1
Gm43210,3,2
Gm43211,2,1
Gm43213,1,1
Gm43221,0,1
Gm43237,1,0
Gm43240,2,1
Gm43241,0,0
Gm43246,1,0
Gm43254,2,0
Gm43256,8,7
Gm43258,2,1
Gm43259,6,7
Gm43260,1,1
Gm43266,1,2
Gm43268,2,4
Gm43272,2,1
Gm43273,1,0
Gm43274,16,23
Gm43275,5,3
Gm43286,1,0
Gm43287,0,0
Gm43288,0,0
Gm43290,0,1
Gm43292,2,1
Gm43294,3,3
Gm43300,4,4
Gm43305,1,0
Gm43307,1,1
Gm43309,0,1
Gm43312,0,3
Gm43313,5,4
Gm4332,1,0
Gm43322,1,1
Gm43323,76,53
Gm43328,2,2
Gm43329,4,2
Gm43330,4,6
Gm43331,2,2
Gm43333,0,3
Gm43335,4,2
Gm43336,6,5
Gm43339,0,1
Gm43343,0,0
Gm43344,3,2
Gm43357,0,1
Gm43359,14,9
Gm43360,8,7
Gm43361,13,10
Gm43362,5,2
Gm43365,1,1
Gm43375,5,5
Gm43376,2,3
Gm43378,0,1
Gm43379,9,6
Gm43387,1,1
Gm43389,0,1
Gm43398,1,1
Gm43411,2,2
Gm43412,2,3
Gm43413,1,2
Gm43415,1,1
Gm43417,5,7
Gm4342,2,1
Gm43420,2,1
Gm43421,2,2
Gm43422,2,3
Gm43423,5,4
Gm43425,2,1
Gm43430,8,4
Gm43435,1,1
Gm43445,7,14
Gm43457,3,1
Gm43460,1,1
Gm43461,1,1
Gm43462,2,6
Gm43463,1,6
Gm43464,1,0
Gm43465,0,1
Gm43466,7,4
Gm43471,1,1
Gm43480,3,4
Gm43481,26,15
Gm43482,5,3
Gm43483,16,7
Gm43484,1,0
Gm43513,1,0
Gm4353,1,0
Gm43533,3,3
Gm43534,0,1
Gm43544,7,2
Gm43545,0,1
Gm43566,6,3
Gm43569,3,0
Gm43571,6,3
Gm43573,2,2
Gm43579,0,2
Gm43581,1,0
Gm43588,6,4
Gm43592,1,0
Gm43593,1,1
Gm43594,2,0
Gm43597,1,4
Gm43604,0,0
Gm43609,2,2
Gm43625,2,4
Gm43628,3,1
Gm43637,2,0
Gm43646,0,0
Gm43654,2,3
Gm43658,4,4
Gm43667,1,0
Gm43668,5,8
Gm43677,2,1
Gm43679,1,4
Gm43681,4,4
Gm43682,0,1
Gm43684,1,0
Gm43691,1,1
Gm43693,0,1
Gm43696,7,8
Gm43702,7,7
Gm43707,5,4
Gm43714,1,0
Gm43721,0,0
Gm43727,0,1
Gm43728,0,0
Gm43732,0,0
Gm43737,2,2
Gm43747,2,2
Gm43753,2,0
Gm43758,0,1
Gm43759,0,1
Gm43768,2,5
Gm43773,1,0
Gm43774,2,0
Gm43775,21,24
Gm43785,2,0
Gm43787,1,2
Gm43788,16,16
Gm43790,1,1
Gm43792,0,3
Gm43793,0,0
Gm43794,1,0
Gm43795,2,4
Gm43799,1,1
Gm43803,0,0
Gm43804,2,1
Gm43807,4,2
Gm43811,1,0
Gm43813,23,15
Gm43815,0,1
Gm43817,1,1
Gm43820,2,0
Gm43825,2,1
Gm43838,0,0
Gm43843,1,0
Gm43844,1,1
Gm43846,4,1
Gm43850,1,2
Gm43857,3,4
Gm43858,7,4
Gm43859,1,2
Gm43860,4,1
Gm43863,2,1
Gm43868,1,0
Gm43910,1,0
Gm43912,0,0
Gm43915,5,6
Gm43916,1,2
Gm43917,0,1
Gm43920,3,5
Gm43924,0,1
Gm43931,1,1
Gm43937,1,0
Gm43942,1,0
Gm43946,4,3
Gm43947,9,8
Gm43948,3,1
Gm43952,0,1
Gm43953,11,14
Gm43958,1,0
Gm43961,4,3
Gm43962,0,0
Gm43963,5,4
Gm43966,0,1
Gm43967,1,0
Gm43980,6,6
Gm43982,11,12
Gm43984,9,11
Gm43999,2,3
Gm44001,4,2
Gm44005,4,0
Gm44007,0,1
Gm44008,0,0
Gm44011,1,0
Gm44014,0,1
Gm44021,1,2
Gm44022,4,3
Gm44026,0,1
Gm44027,3,3
Gm44033,0,1
Gm44040,1,0
Gm44043,1,1
Gm44045,4,4
Gm44053,1,0
Gm44065,1,0
Gm44067,0,1
Gm44068,2,2
Gm44080,3,3
Gm44085,0,1
Gm44086,1,3
Gm44091,0,2
Gm44093,1,1
Gm44095,0,1
Gm44103,1,1
Gm44104,0,1
Gm44108,0,1
Gm44109,1,0
Gm44130,1,1
Gm44136,0,0
Gm44144,1,1
Gm44146,1,1
Gm44152,7,4
Gm44153,3,5
Gm44154,3,3
Gm44164,5,1
Gm44178,0,0
Gm44185,1,3
Gm44187,2,4
Gm4419,2,5
Gm44190,1,1
Gm44199,2,2
Gm44200,0,1
Gm44207,1,1
Gm44220,0,0
Gm44224,1,1
Gm44237,1,1
Gm44243,2,0
Gm44249,3,1
Gm44250,6,4
Gm44253,1,0
Gm44260,6,6
Gm44265,2,1
Gm44270,2,0
Gm44280,1,0
Gm44282,1,0
Gm44283,2,3
Gm44284,0,0
Gm44291,6,4
Gm44292,2,0
Gm44317,3,1
Gm44321,3,4
Gm44332,0,0
Gm44386,0,0
Gm44414,0,0
Gm44416,1,1
Gm44423,1,2
Gm44424,0,1
Gm44432,2,2
Gm44434,6,4
Gm44436,0,2
Gm44440,2,1
Gm44441,1,3
Gm44443,2,2
Gm44445,3,2
Gm44448,1,1
Gm44509,1,0
Gm44510,0,1
Gm44545,0,0
Gm44549,0,0
Gm44550,5,3
Gm44552,2,2
Gm44553,5,2
Gm44559,1,0
Gm44560,0,0
Gm44567,1,0
Gm44570,3,2
Gm44571,0,1
Gm44573,0,1
Gm44597,0,0
Gm44616,0,0
Gm4462,1,1
Gm44625,2,2
Gm44639,18,19
Gm44641,0,0
Gm44645,3,1
Gm44649,4,2
Gm44662,1,0
Gm44667,5,4
Gm44668,2,1
Gm44669,4,1
Gm44673,1,0
Gm44674,1,2
Gm4468,0,1
Gm44684,2,2
Gm44686,4,4
Gm44694,0,0
Gm44695,7,3
Gm44697,1,1
Gm44699,23,28
Gm44700,0,1
Gm44704,1,1
Gm44706,0,0
Gm44710,1,0
Gm44716,1,1
Gm4473,2,1
Gm44731,0,0
Gm44750,0,0
Gm44751,3,3
Gm44758,5,4
Gm44760,1,0
Gm44764,2,1
Gm44769,0,0
Gm44777,5,4
Gm4478,2,1
Gm44794,2,1
Gm44816,0,2
Gm44822,0,1
Gm44829,5,2
Gm44832,1,0
Gm44834,0,2
Gm44835,2,2
Gm44836,0,3
Gm44837,1,0
Gm44851,1,0
Gm44863,1,1
Gm44867,2,5
Gm44896,1,0
Gm44901,3,1
Gm44907,0,0
Gm44913,0,1
Gm44914,2,3
Gm44916,2,2
Gm44931,0,0
Gm44949,2,5
Gm44950,1,1
Gm44951,9,9
Gm44955,0,0
Gm44957,1,1
Gm44967,1,0
Gm44974,5,6
Gm44975,0,0
Gm44981,5,1
Gm44985,0,0
Gm44986,0,1
Gm44993,1,1
Gm44996,1,1
Gm44999,4,1
Gm45001,0,1
Gm45003,0,0
Gm45005,1,0
Gm45016,1,2
Gm45027,1,0
Gm45033,5,4
Gm45041,0,2
Gm45047,0,1
Gm45051,0,0
Gm45053,1,1
Gm45060,11,9
Gm45061,1,3
Gm45066,0,0
Gm45073,1,0
Gm45074,0,0
Gm45081,1,1
Gm45084,4,2
Gm45091,1,0
Gm45094,2,2
Gm45095,3,2
Gm45110,2,2
Gm45112,1,1
Gm45114,1,1
Gm45120,1,2
Gm45137,5,9
Gm45140,0,1
Gm45148,1,0
Gm45151,2,2
Gm45153,1,0
Gm45174,0,0
Gm45186,3,3
Gm45187,0,0
Gm45188,3,2
Gm45191,0,0
Gm45201,1,1
Gm45203,4,8
Gm45206,1,2
Gm45209,1,1
Gm45220,5,1
Gm45221,19,16
Gm45222,9,12
Gm45223,7,7
Gm45234,0,0
Gm45235,0,3
Gm45237,1,1
Gm45240,1,0
Gm45244,2,1
Gm45246,1,1
Gm4525,2,0
Gm45250,4,6
Gm45251,0,1
Gm45258,0,0
Gm45266,2,2
Gm45290,6,4
Gm45293,3,0
Gm45294,6,3
Gm45309,1,0
Gm45312,1,1
Gm45328,1,1
Gm45342,4,1
Gm45343,0,2
Gm45344,1,0
Gm45345,0,0
Gm45354,4,1
Gm45358,6,2
Gm45360,1,0
Gm45363,1,0
Gm45378,0,1
Gm45380,1,2
Gm45397,1,1
Gm45399,2,0
Gm45406,0,2
Gm45407,8,5
Gm45412,1,1
Gm45413,0,1
Gm45424,1,1
Gm45427,0,1
Gm45435,0,1
Gm45437,0,0
Gm4544,1,1
Gm45441,1,0
Gm45444,0,0
Gm45457,53,65
Gm45458,2,1
Gm45464,2,1
Gm45470,0,0
Gm45472,0,1
Gm45477,6,13
Gm45479,7,3
Gm45481,0,0
Gm45483,1,4
Gm45494,0,1
Gm45495,1,1
Gm45501,2,3
Gm45508,0,1
Gm45509,2,2
Gm45510,0,1
Gm45515,1,1
Gm45520,0,0
Gm45527,4,0
Gm45532,5,6
Gm45533,0,0
Gm45534,4,4
Gm45537,1,1
Gm45540,0,0
Gm45548,1,0
Gm45552,0,1
Gm45555,5,6
Gm45579,1,0
Gm45589,5,4
Gm45591,1,0
Gm45594,0,0
Gm45597,2,1
Gm45601,2,2
Gm45605,1,1
Gm45607,0,1
Gm45620,3,5
Gm45627,0,0
Gm45630,5,3
Gm45631,0,0
Gm45632,4,3
Gm45633,0,0
Gm45640,5,5
Gm45643,1,0
Gm45662,3,1
Gm45665,0,0
Gm45670,0,0
Gm45709,0,0
Gm45714,0,0
Gm45718,5,4
Gm45719,5,5
Gm45721,0,0
Gm45731,0,1
Gm45737,2,3
Gm45738,0,1
Gm45743,2,1
Gm45747,1,0
Gm45762,4,5
Gm45769,2,1
Gm45774,0,0
Gm45776,0,0
Gm45779,7,4
Gm45797,3,1
Gm45799,0,1
Gm45804,1,1
Gm45805,0,1
Gm45807,2,0
Gm45809,3,4
Gm45819,3,4
Gm45820,0,0
Gm45822,3,2
Gm45828,3,1
Gm45833,0,0
Gm45838,23,12
Gm45853,4,3
Gm45854,9,9
Gm45855,0,0
Gm45867,2,1
Gm45871,1,0
Gm45872,0,1
Gm45873,2,1
Gm45877,0,0
Gm45890,0,1
Gm45897,1,0
Gm46069,1,1
Gm46124,0,2
Gm4617,1,0
Gm46193,1,3
Gm46194,0,1
Gm46204,3,3
Gm46210,0,1
Gm46218,4,3
Gm46280,1,4
Gm46313,0,0
Gm46336,1,0
Gm46339,0,1
Gm46367,2,8
Gm46369,0,0
Gm46378,1,1
Gm46379,1,1
Gm46404,1,1
Gm46409,1,0
Gm46411,0,0
Gm46412,1,3
Gm46416,4,3
Gm46424,1,2
Gm46430,4,8
Gm46432,1,2
Gm46436,1,0
Gm46440,0,1
Gm46447,1,2
Gm46448,0,0
Gm46495,1,0
Gm46501,3,7
Gm4651,7,6
Gm46555,1,0
Gm46565,0,1
Gm46578,1,0
Gm46597,0,0
Gm46609,9,9
Gm46620,0,1
Gm46637,1,1
Gm4665,2,2
Gm4673,16,10
Gm46828,8,7
Gm46851,0,0
Gm46878,1,1
Gm47003,1,3
Gm47004,1,2
Gm4701,1,0
Gm47014,0,1
Gm47024,2,2
Gm47026,0,0
Gm47027,1,0
Gm47047,1,2
Gm47061,5,4
Gm47067,2,0
Gm4707,4,2
Gm47071,4,5
Gm47076,0,1
Gm4708,0,0
Gm47088,4,3
Gm47092,1,2
Gm47097,3,4
Gm47111,0,1
Gm47112,3,2
Gm47121,4,2
Gm47122,0,0
Gm47127,2,1
Gm47132,4,0
Gm47138,2,6
Gm47139,0,1
Gm47140,1,3
Gm47147,0,1
Gm47148,0,0
Gm47154,0,1
Gm47155,1,0
Gm47166,3,2
Gm47167,0,1
Gm47197,1,1
Gm47198,0,0
Gm47204,0,1
Gm47205,0,0
Gm47206,0,0
Gm47218,4,3
Gm47232,1,1
Gm47234,3,5
Gm47237,1,0
Gm47246,3,2
Gm47258,2,1
Gm47260,15,8
Gm47271,0,1
Gm47272,3,1
Gm47273,0,0
Gm47289,35,25
Gm47316,0,0
Gm47320,0,1
Gm47324,2,2
Gm4734,1,0
Gm47341,0,3
Gm47342,2,2
Gm47345,0,1
Gm47350,0,0
Gm47357,1,1
Gm47368,1,0
Gm47370,0,1
Gm47372,1,1
Gm47376,1,2
Gm47391,0,1
Gm4740,0,0
Gm47403,2,2
Gm47405,17,12
Gm47411,3,2
Gm47414,2,2
Gm47427,1,1
Gm47430,0,0
Gm47435,2,0
Gm47437,1,1
Gm47438,2,2
Gm47445,1,2
Gm47447,0,0
Gm47450,0,0
Gm47460,1,1
Gm47465,0,1
Gm47467,1,4
Gm47468,0,0
Gm47469,23,15
Gm47471,1,0
Gm47479,0,1
Gm47483,3,7
Gm47484,0,1
Gm47503,0,1
Gm47504,0,1
Gm47507,0,0
Gm47508,2,1
Gm47513,0,0
Gm47533,3,1
Gm47541,0,0
Gm47545,0,0
Gm4755,2,4
Gm47550,1,2
Gm47553,0,1
Gm47558,1,1
Gm47565,0,1
Gm47567,0,1
Gm47572,2,3
Gm47573,1,0
Gm47580,1,0
Gm47583,0,1
Gm47585,33,31
Gm47586,13,19
Gm47588,0,0
Gm47593,2,2
Gm47594,3,3
Gm47597,1,0
Gm47598,0,1
Gm47601,5,1
Gm47602,38,37
Gm47603,19,23
Gm47615,0,1
Gm47620,1,0
Gm47621,2,0
Gm47639,1,0
Gm47640,3,3
Gm47644,0,3
Gm47646,0,1
Gm47652,0,0
Gm47657,5,5
Gm47664,8,8
Gm47665,5,5
Gm47666,1,0
Gm47676,0,2
Gm47689,1,3
Gm47690,4,3
Gm47693,0,1
Gm47694,7,8
Gm47707,1,0
Gm47732,0,1
Gm47734,0,1
Gm47735,0,0
Gm47757,0,0
Gm47765,1,3
Gm47766,3,1
Gm47767,2,1
Gm47772,0,0
Gm47773,1,2
Gm47787,0,0
Gm47798,8,4
Gm47806,1,0
Gm47813,1,0
Gm47814,2,0
Gm47816,0,1
Gm47817,3,4
Gm47820,1,1
Gm47826,3,4
Gm47827,1,1
Gm47851,0,0
Gm47857,0,1
Gm47861,2,1
Gm47863,0,1
Gm47865,14,14
Gm47867,1,0
Gm4787,1,1
Gm47874,0,0
Gm47875,1,0
Gm47882,0,0
Gm47889,0,0
Gm47890,0,1
Gm47920,10,7
Gm4793,0,0
Gm47950,0,0
Gm47955,0,0
Gm47962,0,1
Gm47963,3,3
Gm47976,1,1
Gm47986,1,1
Gm4799,0,1
Gm47992,1,2
Gm47994,1,3
Gm48008,1,1
Gm48027,5,5
Gm48045,1,0
Gm48062,11,9
Gm48063,4,2
Gm48071,0,0
Gm48074,1,0
Gm48077,2,1
Gm48079,1,1
Gm48086,6,7
Gm48092,3,2
Gm48094,1,1
Gm48137,1,1
Gm48138,0,1
Gm48139,1,1
Gm48146,3,6
Gm4815,0,1
Gm48159,1,1
Gm48163,2,2
Gm48175,1,0
Gm48183,0,1
Gm48192,0,0
Gm48193,0,1
Gm48194,2,3
Gm48203,0,1
Gm48204,3,2
Gm48206,2,2
Gm48207,5,3
Gm48210,1,2
Gm48225,3,8
Gm48226,3,1
Gm48230,3,3
Gm48231,0,2
Gm48236,0,0
Gm48242,1,0
Gm48249,5,0
Gm48250,0,1
Gm48254,2,1
Gm48271,1,0
Gm48272,1,2
Gm48291,1,1
Gm48295,1,1
Gm48300,1,0
Gm48302,8,5
Gm48308,0,2
Gm48311,1,0
Gm48314,5,9
Gm48315,0,1
Gm48319,0,0
Gm4832,0,0
Gm48320,1,0
Gm48327,0,1
Gm48335,4,1
Gm48342,2,0
Gm48349,1,1
Gm48353,0,1
Gm48357,1,1
Gm48369,6,5
Gm48372,5,6
Gm48375,3,3
Gm48381,1,2
Gm48382,1,2
Gm48383,1,1
Gm4840,2,2
Gm48405,0,1
Gm4841,1,0
Gm48433,1,1
Gm48435,1,1
Gm48442,1,0
Gm48449,6,8
Gm48478,2,2
Gm48488,0,0
Gm48495,0,0
Gm48496,2,1
Gm48508,0,1
Gm48511,1,1
Gm48529,1,0
Gm48537,0,1
Gm48551,1,0
Gm48552,1,0
Gm48562,2,1
Gm48563,1,0
Gm48565,0,1
Gm48582,22,27
Gm48585,1,3
Gm48586,0,0
Gm48591,9,9
Gm48600,1,2
Gm48601,2,1
Gm48602,11,4
Gm48603,0,1
Gm48604,5,5
Gm48611,2,0
Gm48621,1,2
Gm48623,1,0
Gm48624,2,4
Gm48627,1,1
Gm48632,7,5
Gm48639,0,1
Gm48646,3,3
Gm48653,0,1
Gm48655,1,0
Gm48667,0,0
Gm48670,4,2
Gm48671,2,2
Gm48673,1,5
Gm48678,7,6
Gm48683,1,0
Gm48699,3,2
Gm48701,4,3
Gm48706,2,3
Gm48708,0,1
Gm48710,0,0
Gm48714,3,5
Gm48727,0,0
Gm48728,2,2
Gm48732,1,0
Gm48735,0,0
Gm48738,1,1
Gm48740,1,0
Gm48743,1,1
Gm48744,0,1
Gm48745,0,1
Gm48746,1,0
Gm48748,0,0
Gm4875,1,1
Gm48751,1,1
Gm4876,2,3
Gm48766,6,6
Gm48768,3,1
Gm48796,1,1
Gm48798,2,1
Gm48804,2,2
Gm48805,7,2
Gm48809,1,1
Gm48838,2,3
Gm48840,0,0
Gm48853,4,1
Gm48855,3,5
Gm48865,1,1
Gm48869,1,1
Gm48870,7,11
Gm48871,1,1
Gm48872,1,1
Gm48880,4,5
Gm48882,2,0
Gm48883,1,2
Gm48885,3,2
Gm48887,6,4
Gm48889,7,5
Gm48890,9,9
Gm48898,4,1
Gm48904,1,1
Gm48905,1,0
Gm48933,1,0
Gm48949,3,0
Gm48958,0,0
Gm48965,2,1
Gm48966,2,1
Gm48978,1,3
Gm48984,1,1
Gm48986,1,1
Gm48996,10,4
Gm49025,2,1
Gm49026,0,0
Gm49027,0,0
Gm49030,1,0
Gm49041,0,0
Gm49064,0,1
Gm49077,0,1
Gm49084,1,2
Gm49085,2,1
Gm49086,1,0
Gm49094,0,0
Gm49097,0,1
Gm49121,0,0
Gm49123,0,1
Gm49125,0,1
Gm49159,1,1
Gm49163,1,0
Gm49172,1,2
Gm49188,0,0
Gm49189,1,0
Gm49196,1,0
Gm49197,0,0
Gm49202,1,0
Gm49204,3,3
Gm49208,1,1
Gm49212,0,1
Gm49216,1,1
Gm49221,1,0
Gm49223,0,1
Gm49226,1,5
Gm49227,2,2
Gm49228,0,1
Gm49238,0,0
Gm4924,2,3
Gm49265,2,2
Gm49266,3,5
Gm49267,1,0
Gm49268,6,1
Gm49270,1,0
Gm49283,0,0
Gm49284,3,1
Gm49291,1,0
Gm49299,1,1
Gm49308,0,2
Gm49310,0,2
Gm49311,0,1
Gm49312,1,1
Gm49322,1,1
Gm49327,3,4
Gm49336,23,17
Gm49338,8,6
Gm49344,1,3
Gm49364,0,1
Gm49397,0,1
Gm49405,3,2
Gm49413,8,5
Gm49417,1,4
Gm49422,1,0
Gm49445,0,0
Gm49474,3,5
Gm49475,1,1
Gm49476,0,1
Gm49477,1,1
Gm4948,1,1
Gm49483,0,1
Gm49484,1,0
Gm49492,1,0
Gm49493,1,2
Gm49494,0,0
Gm49502,11,7
Gm49503,0,1
Gm49518,4,3
Gm49521,1,1
Gm49522,0,1
Gm49524,0,1
Gm49538,0,0
Gm49540,0,1
Gm49545,1,0
Gm49553,0,1
Gm49584,0,1
Gm49590,3,4
Gm49595,2,0
Gm49599,13,7
Gm49602,1,1
Gm49603,0,0
Gm49616,0,0
Gm49617,1,0
Gm49625,0,0
Gm49628,1,0
Gm49654,5,4
Gm49668,11,9
Gm49695,0,0
Gm49703,3,2
Gm49705,7,2
Gm49706,1,1
Gm49707,0,2
Gm49712,1,1
Gm49713,3,2
Gm49730,1,1
Gm49733,0,0
Gm49741,2,0
Gm49747,5,2
Gm49756,1,0
Gm49759,12,14
Gm49760,1,0
Gm49768,0,0
Gm49774,0,0
Gm49783,0,4
Gm49784,0,1
Gm49797,3,3
Gm49802,2,0
Gm49817,0,0
Gm49838,15,10
Gm49839,17,15
Gm4984,0,1
Gm49860,0,1
Gm49864,1,0
Gm49872,6,1
Gm49883,3,3
Gm49886,0,0
Gm49890,2,4
Gm49893,0,1
Gm49901,0,0
Gm49911,1,1
Gm49915,2,3
Gm49925,1,1
Gm49926,0,0
Gm49935,1,1
Gm49936,0,1
Gm49942,1,1
Gm49953,0,1
Gm49957,1,1
Gm49958,8,5
Gm49959,8,3
Gm49968,2,2
Gm49969,0,2
Gm49970,1,2
Gm49971,16,14
Gm49972,4,4
Gm49974,0,0
Gm49975,1,0
Gm49979,0,1
Gm49983,1,1
Gm5,1,0
Gm50008,1,1
Gm50009,4,1
Gm50010,4,3
Gm50012,6,6
Gm50020,2,1
Gm50023,2,0
Gm50055,3,1
Gm50063,1,1
Gm50069,1,2
Gm50087,0,1
Gm50094,2,1
Gm50103,1,2
Gm50105,2,0
Gm50106,0,2
Gm50107,2,1
Gm50114,1,2
Gm50115,12,9
Gm50126,1,2
Gm50130,1,0
Gm50136,1,0
Gm50138,1,3
Gm50144,0,2
Gm50145,4,4
Gm50146,0,1
Gm50149,2,1
Gm50163,2,2
Gm50172,1,0
Gm50173,1,0
Gm50189,1,2
Gm50195,0,1
Gm50196,2,1
Gm50205,1,0
Gm50209,0,0
Gm50223,1,0
Gm50226,2,6
Gm50232,2,3
Gm50240,5,0
Gm50245,1,1
Gm50250,3,1
Gm50254,1,0
Gm50256,2,0
Gm50273,1,3
Gm50287,8,6
Gm50295,4,3
Gm50308,0,1
Gm50321,2,1
Gm50322,0,1
Gm50334,0,1
Gm50335,1,2
Gm50337,0,1
Gm50347,1,0
Gm50368,0,0
Gm50383,3,1
Gm50387,1,4
Gm50393,1,1
Gm50399,0,0
Gm50431,4,2
Gm50433,1,1
Gm50455,3,3
Gm50462,11,7
Gm50464,1,0
Gm50475,1,2
Gm5082,1,1
Gm5088,1,0
Gm5089,1,1
Gm5092,0,0
Gm5113,0,0
Gm5117,0,0
Gm5120,1,1
Gm5124,0,1
Gm5129,0,0
Gm5135,0,0
Gm51400,4,3
Gm5141,0,2
Gm51425,2,1
Gm5147,0,1
Gm5165,2,2
Gm5171,7,7
Gm5173,1,0
Gm51860,3,1
Gm52054,1,1
Gm52147,4,5
Gm52182,1,0
Gm5224,1,1
Gm52687,1,0
Gm52698,1,0
Gm527,1,1
Gm5272,1,0
Gm5278,0,0
Gm52870,5,6
Gm52948,1,0
Gm52976,0,0
Gm52980,1,1
Gm52981,13,17
Gm53,0,0
Gm53012,3,2
Gm53023,1,0
Gm53028,5,2
Gm53041,2,1
Gm53042,3,2
Gm53045,0,0
Gm53048,1,1
Gm53055,3,0
Gm53058,4,8
Gm53066,0,1
Gm53207,0,4
Gm53374,2,1
Gm5338,1,0
Gm53435,1,1
Gm53610,0,0
Gm5362,0,1
Gm5424,0,0
Gm54266,1,0
Gm5427,2,2
Gm5431,0,1
Gm54310,1,0
Gm5432,0,1
Gm5436,0,2
Gm54370,0,1
Gm54372,2,1
Gm54375,0,0
Gm54394,1,2
Gm54420,1,0
Gm54422,1,0
Gm54428,0,0
Gm5452,0,0
Gm54542,1,1
Gm54567,1,0
Gm54577,0,0
Gm54583,1,1
Gm5459,0,0
Gm5460,1,1
Gm54603,1,0
Gm54618,0,0
Gm5464,0,1
Gm54642,0,1
Gm54655,2,1
Gm5466,0,0
Gm5468,0,0
Gm54690,0,0
Gm54697,0,0
Gm54702,1,0
Gm54711,1,1
Gm54721,0,2
Gm54747,1,0
Gm5475,1,2
Gm54758,0,0
Gm54761,0,0
Gm54767,0,1
Gm54774,1,0
Gm54798,1,0
Gm54802,2,1
Gm5481,0,1
Gm54861,0,1
Gm54867,370,340
Gm54893,2,1
Gm54899,0,0
Gm54942,1,1
Gm550,0,0
Gm5500,1,2
Gm55006,1,0
Gm55019,0,1
Gm5503,0,1
Gm55034,1,1
Gm5504,1,1
Gm55066,1,1
Gm5507,1,1
Gm55070,0,0
Gm55073,9,11
Gm55080,1,1
Gm55089,0,0
Gm55094,50,48
Gm55106,0,1
Gm55116,0,1
Gm55122,2,1
Gm55126,1,1
Gm55134,0,1
Gm55135,0,1
Gm55136,0,2
Gm55160,1,0
Gm55164,0,1
Gm5518,0,0
Gm55195,0,1
Gm55203,0,1
Gm55204,1,0
Gm55205,0,1
Gm55208,0,0
Gm55215,1,1
Gm55216,0,0
Gm55246,1,1
Gm55260,1,0
Gm55276,3,5
Gm55286,3,2
Gm55295,3,1
Gm55300,1,0
Gm55346,1,1
Gm55364,1,1
Gm55369,1,0
Gm55379,0,0
Gm55387,1,0
Gm55388,1,0
Gm55391,0,0
Gm55392,0,1
Gm55415,10,8
Gm55444,2,0
Gm5547,0,0
Gm55473,0,0
Gm55481,1,1
Gm55487,1,1
Gm55500,1,1
Gm55522,1,0
Gm55555,1,1
Gm55568,1,3
Gm55570,2,1
Gm55573,0,0
Gm55583,4,1
Gm55596,0,0
Gm55598,0,1
Gm55617,4,0
Gm55655,1,1
Gm55659,1,0
Gm55663,0,0
Gm55673,2,0
Gm55676,1,0
Gm55686,1,0
Gm55687,1,1
Gm55759,8,3
Gm55774,1,1
Gm55779,1,1
Gm55799,1,0
Gm55801,2,2
Gm55822,0,1
Gm55832,0,1
Gm55840,1,0
Gm55849,0,1
Gm55851,0,0
Gm55853,1,1
Gm55876,1,2
Gm55878,0,1
Gm55882,1,1
Gm55889,1,0
Gm55909,0,0
Gm55935,92,85
Gm55936,30,20
Gm55941,0,1
Gm55949,0,0
Gm55975,0,0
Gm55977,0,1
Gm55991,1,1
Gm55994,0,0
Gm56014,2,1
Gm5602,0,0
Gm56022,0,0
Gm56024,0,0
Gm56078,1,1
Gm56102,2,1
Gm56109,2,1
Gm56120,0,1
Gm56128,1,0
Gm56129,3,2
Gm56138,1,1
Gm56147,0,1
Gm56166,1,0
Gm5617,1,2
Gm56170,1,0
Gm56171,1,2
Gm56184,1,0
Gm56193,1,1
Gm56197,1,0
Gm56198,0,0
Gm56199,0,0
Gm56210,1,0
Gm56217,0,0
Gm56240,0,0
Gm56244,7,4
Gm56246,1,0
Gm56267,0,1
Gm56274,1,0
Gm56281,2,1
Gm56284,1,0
Gm56285,2,0
Gm56306,0,0
Gm56309,0,1
Gm56311,0,1
Gm56315,0,0
Gm56329,0,0
Gm56346,0,1
Gm56358,1,2
Gm56360,0,1
Gm56427,2,0
Gm56439,0,1
Gm56457,1,0
Gm56466,0,0
Gm56471,2,3
Gm5648,0,0
Gm56488,1,2
Gm56492,1,2
Gm56494,0,1
Gm56496,0,0
Gm56498,1,0
Gm56499,5,7
Gm56501,11,6
Gm56503,5,4
Gm56507,4,1
Gm56509,1,1
Gm56510,2,3
Gm56512,2,1
Gm56513,0,1
Gm56517,10,9
Gm56520,2,3
Gm56524,1,0
Gm56527,0,0
Gm56529,0,0
Gm56532,0,1
Gm56534,1,0
Gm56535,1,1
Gm56540,2,1
Gm56546,0,0
Gm56547,0,2
Gm56549,1,2
Gm56552,0,1
Gm56555,0,0
Gm56557,0,0
Gm56560,0,1
Gm56570,1,0
Gm56573,4,2
Gm56574,2,2
Gm56576,2,2
Gm56579,1,0
Gm56582,3,1
Gm56587,1,2
Gm56589,0,0
Gm56590,0,2
Gm56593,0,0
Gm56596,0,1
Gm56599,0,1
Gm56602,0,0
Gm56605,0,0
Gm56606,1,2
Gm56612,0,0
Gm56622,1,0
Gm56624,6,2
Gm56626,0,0
Gm56627,0,1
Gm56632,0,0
Gm56633,0,1
Gm56635,1,0
Gm56637,0,1
Gm56638,1,1
Gm56641,0,0
Gm56648,0,1
Gm56650,1,0
Gm56652,1,5
Gm56659,0,1
Gm56663,1,0
Gm56666,0,3
Gm56673,1,1
Gm56677,9,5
Gm56680,1,0
Gm56682,0,0
Gm56686,1,3
Gm56687,0,0
Gm56689,1,0
Gm56692,0,1
Gm56697,2,2
Gm56698,2,1
Gm5670,1,0
Gm56704,0,0
Gm56705,6,0
Gm56706,0,0
Gm56710,2,3
Gm56711,1,2
Gm56714,5,6
Gm56715,0,1
Gm56717,5,5
Gm56719,0,0
Gm56721,1,1
Gm56728,1,1
Gm56731,0,0
Gm56736,1,4
Gm56741,5,5
Gm56743,4,1
Gm56754,0,1
Gm56760,7,2
Gm56764,1,0
Gm56765,2,1
Gm56768,1,2
Gm56776,1,0
Gm56779,2,1
Gm56780,0,1
Gm56781,6,3
Gm56783,2,1
Gm56785,3,0
Gm56787,0,0
Gm56791,1,2
Gm56801,1,1
Gm56802,2,1
Gm56804,0,0
Gm56809,1,1
Gm56813,0,0
Gm56815,1,1
Gm56816,1,0
Gm56824,3,1
Gm56826,1,1
Gm56829,4,5
Gm56833,1,1
Gm56839,0,0
Gm56841,12,10
Gm56842,1,1
Gm56846,5,4
Gm56847,2,1
Gm56852,1,1
Gm56853,8,2
Gm56857,2,2
Gm56859,1,2
Gm56860,5,3
Gm56866,0,0
Gm56867,1,0
Gm56872,0,0
Gm56874,5,1
Gm56876,1,1
Gm56877,2,1
Gm56878,10,12
Gm56881,4,2
Gm56882,2,2
Gm56886,1,1
Gm56887,0,0
Gm56890,3,12
Gm56895,0,0
Gm56897,1,2
Gm56904,2,4
Gm56905,0,1
Gm56906,1,1
Gm56907,0,2
Gm56909,0,1
Gm56912,3,4
Gm56914,1,0
Gm56915,2,1
Gm56916,0,0
Gm56919,0,0
Gm56926,2,2
Gm56929,0,0
Gm56936,0,2
Gm56937,3,0
Gm56946,2,0
Gm56948,0,1
Gm56949,4,0
Gm56951,0,1
Gm56954,0,0
Gm56958,1,1
Gm56959,2,2
Gm56961,0,0
Gm56965,0,1
Gm56973,4,5
Gm56976,0,0
Gm56977,0,2
Gm56978,0,2
Gm56980,1,0
Gm56982,3,0
Gm56985,1,1
Gm56986,1,3
Gm56990,0,1
Gm56994,1,1
Gm56999,2,2
Gm57006,3,0
Gm57007,5,5
Gm57017,7,3
Gm57019,1,1
Gm57020,2,2
Gm57026,2,1
Gm57027,1,1
Gm57028,0,0
Gm57030,0,1
Gm57036,1,0
Gm57046,0,0
Gm57047,1,0
Gm57049,0,0
Gm57052,0,0
Gm57054,1,0
Gm57059,0,1
Gm57069,1,0
Gm57071,2,0
Gm57072,0,0
Gm57074,1,0
Gm57078,2,2
Gm57081,0,0
Gm57084,1,3
Gm57088,1,1
Gm57095,0,0
Gm57096,5,2
Gm57101,0,1
Gm57103,0,2
Gm57104,0,0
Gm57105,2,1
Gm57107,0,0
Gm57118,0,0
Gm57123,1,0
Gm57125,1,1
Gm57127,0,0
Gm57129,0,0
Gm57135,1,0
Gm57136,1,0
Gm57137,2,2
Gm57138,1,2
Gm57139,0,1
Gm57145,1,1
Gm57146,3,1
Gm57150,0,0
Gm57152,0,0
Gm57157,1,1
Gm57158,1,0
Gm57161,2,0
Gm57162,2,2
Gm57166,1,1
Gm57170,3,4
Gm57171,1,1
Gm57182,0,1
Gm57184,4,1
Gm57189,5,3
Gm57192,0,1
Gm57200,0,1
Gm57201,0,1
Gm57202,2,0
Gm57203,1,0
Gm57204,0,2
Gm57209,1,0
Gm57213,0,0
Gm57214,0,0
Gm57217,2,1
Gm57219,15,9
Gm57226,0,0
Gm57229,0,1
Gm57231,0,1
Gm57235,0,0
Gm57239,7,8
Gm57241,1,2
Gm57245,0,1
Gm57249,0,1
Gm57252,0,0
Gm57253,4,5
Gm57257,1,0
Gm57265,0,0
Gm57271,2,1
Gm57272,0,1
Gm57273,0,1
Gm57275,1,0
Gm57280,1,2
Gm57283,0,1
Gm57284,1,0
Gm57286,9,6
Gm57287,1,1
Gm57292,1,0
Gm57293,1,1
Gm57295,3,3
Gm57298,1,1
Gm57301,1,0
Gm57302,3,3
Gm57303,1,1
Gm57305,0,0
Gm57307,3,2
Gm57309,0,0
Gm57310,0,0
Gm57315,1,1
Gm57321,1,0
Gm57323,2,2
Gm57324,0,0
Gm57327,1,0
Gm57331,0,0
Gm57333,0,0
Gm57335,1,0
Gm57337,4,1
Gm57343,0,2
Gm57344,0,0
Gm57346,1,0
Gm57348,0,0
Gm57349,5,4
Gm57350,1,0
Gm57352,6,4
Gm57354,9,6
Gm57355,0,0
Gm57370,1,2
Gm57377,1,0
Gm57379,2,4
Gm57381,0,1
Gm57385,1,2
Gm57386,4,4
Gm57388,1,1
Gm57390,5,5
Gm57391,0,1
Gm57392,1,1
Gm57393,2,2
Gm57395,7,5
Gm57399,1,0
Gm57403,0,0
Gm57404,5,1
Gm57405,1,2
Gm57408,2,0
Gm57409,10,9
Gm57411,18,17
Gm57417,4,1
Gm57421,5,4
Gm57424,1,1
Gm57427,4,2
Gm57432,1,1
Gm57434,3,3
Gm57435,1,1
Gm57446,1,0
Gm57450,3,3
Gm57454,1,1
Gm57455,3,2
Gm57457,6,4
Gm57460,1,1
Gm57462,2,0
Gm57463,2,1
Gm57464,2,1
Gm57470,2,2
Gm57471,1,1
Gm57473,4,1
Gm57474,2,2
Gm57477,1,1
Gm57504,3,1
Gm57587,0,1
Gm57852,9,11
Gm57854,2,1
Gm57857,3,7
Gm5814,0,0
Gm5817,2,2
Gm5820,2,1
Gm5822,0,0
Gm5823,1,0
Gm5830,0,0
Gm5835,1,0
Gm5842,0,1
Gm5855,0,1
Gm5857,1,1
Gm5860,0,1
Gm5874,1,1
Gm5898,6,6
Gm5914,3,1
Gm5915,0,0
Gm5922,1,0
Gm5953,4,3
Gm5977,2,2
Gm6012,1,0
Gm6034,0,0
Gm6058,2,0
Gm6069,13,4
Gm6081,0,1
Gm6159,0,1
Gm6166,2,3
Gm6175,0,1
Gm6192,0,0
Gm6225,0,2
Gm6238,1,0
Gm6249,1,0
Gm6252,3,1
Gm6254,0,0
Gm6263,4,2
Gm6277,2,4
Gm6296,1,1
Gm6297,3,2
Gm6333,0,0
Gm6334,2,2
Gm6336,1,0
Gm6345,2,0
Gm6363,2,1
Gm6368,4,1
Gm6394,0,0
Gm6402,0,0
Gm6420,9,5
Gm6421,0,0
Gm6445,1,1
Gm6452,0,1
Gm6475,1,0
Gm6477,0,1
Gm650,1,2
Gm6517,1,0
Gm6525,1,1
Gm6548,6,4
Gm6552,0,1
Gm6555,0,1
Gm6559,1,0
Gm6560,0,0
Gm6563,2,2
Gm6566,3,2
Gm6598,2,1
Gm6611,1,5
Gm6627,2,0
Gm6658,0,1
Gm671,0,1
Gm6712,2,3
Gm6728,0,2
Gm6729,0,1
Gm6733,5,2
Gm6767,0,0
Gm6787,0,1
Gm6793,2,0
Gm6807,0,0
Gm6813,0,0
Gm6855,1,0
Gm6863,2,2
Gm6878,0,0
Gm6919,0,0
Gm6921,2,3
Gm6934,1,0
Gm6939,0,0
Gm6961,0,0
Gm6981,1,1
Gm7049,1,0
Gm7072,3,4
Gm7106,0,2
Gm7107,1,0
Gm7143,4,4
Gm715,0,0
Gm7160,4,5
Gm7162,4,4
Gm7224,3,0
Gm7252,0,0
Gm7265,8,9
Gm7292,1,1
Gm7298,1,0
Gm7399,0,1
Gm7420,0,1
Gm7444,0,0
Gm7451,1,1
Gm7480,0,3
Gm7489,1,1
Gm7496,0,1
Gm7507,1,0
Gm7517,0,1
Gm7568,1,0
Gm7596,0,1
Gm7598,0,1
Gm7599,1,1
Gm7628,2,0
Gm7638,1,0
Gm7644,2,0
Gm7658,1,0
Gm7664,0,1
Gm7678,0,0
Gm7694,20,17
Gm7701,2,3
Gm7707,1,0
Gm7729,2,4
Gm7741,0,1
Gm7775,1,0
Gm7785,0,1
Gm7791,1,0
Gm7802,0,1
Gm7805,1,1
Gm7807,1,1
Gm7809,8,5
Gm7854,0,0
Gm7862,0,0
Gm7909,1,1
Gm7946,1,1
Gm7964,5,3
Gm7985,2,1
Gm7997,2,1
Gm8004,0,1
Gm8009,0,0
Gm8051,0,1
Gm8066,3,4
Gm8075,0,0
Gm8115,1,1
Gm8145,2,2
Gm8152,1,1
Gm8170,0,2
Gm8184,1,0
Gm8185,0,1
Gm8186,0,0
Gm8188,1,0
Gm8190,0,0
Gm8210,0,1
Gm8257,0,0
Gm826,0,1
Gm8275,1,1
Gm8276,1,0
Gm8290,2,3
Gm8378,1,2
Gm8412,1,0
Gm8425,0,1
Gm8428,1,2
Gm8437,1,1
Gm8451,1,0
Gm8468,1,0
Gm8483,0,0
Gm8543,1,0
Gm8565,0,0
Gm8566,1,1
Gm8580,0,0
Gm8642,1,0
Gm8667,0,1
Gm8738,0,0
Gm8807,1,0
Gm8813,1,0
Gm8818,0,0
Gm8850,6,4
Gm8883,0,0
Gm8894,0,0
Gm8899,1,1
Gm8974,0,2
Gm8983,1,0
Gm9054,0,1
Gm9064,2,1
Gm9086,0,0
Gm9259,1,1
Gm9311,2,1
Gm9316,6,5
Gm9353,1,1
Gm9364,1,0
Gm9378,0,1
Gm9403,3,1
Gm9432,0,0
Gm9456,0,0
Gm9474,4,2
Gm9506,0,0
Gm9509,0,1
Gm9530,0,2
Gm9625,1,0
Gm9710,3,1
Gm973,2,3
Gm9750,4,1
Gm9752,1,4
Gm9754,2,0
Gm9776,1,1
Gm9794,1,1
Gm9821,17,15
Gm9828,2,1
Gm9856,1,0
Gm9869,0,0
Gm9874,3,5
Gm9885,0,1
Gm9887,1,0
Gm9888,2,0
Gm9895,0,0
Gm9902,8,6
Gm9908,3,1
Gm9910,3,3
Gm9917,3,2
Gm9918,0,0
Gm9920,0,2
Gm9924,0,1
Gm9929,5,3
Gm9930,0,2
Gm9947,1,0
Gm9958,0,1
Gm9967,1,2
Gm9968,6,6
Gm9970,0,0
Gm9975,3,3
Gm9989,0,0
Gm9993,1,3
Gmcl1,3,2
Gmds,11,9
Gmeb1,20,18
Gmeb2,19,15
Gmfb,16,11
Gmfg,1,1
Gmip,28,23
Gmnn,5,2
Gmppa,21,23
Gmppb,10,7
Gmpr,4,4
Gmpr2,4,2
Gmps,9,13
Gna11,47,41
Gna12,19,18
Gna13,38,29
Gna14,4,4
Gna15,0,0
Gnai2,87,86
Gnai3,34,25
Gnao1,0,2
Gnaq,71,66
Gnas,171,158
Gnasas1,7,5
Gnaz,2,2
Gnb1,110,93
Gnb1l,4,5
Gnb2,66,65
Gnb3,1,0
Gnb4,2,4
Gnb5,4,5
Gne,44,41
Gng10,2,3
Gng11,0,2
Gng12,29,23
Gng2,0,1
Gng3,2,4
Gng5,8,10
Gng5c,0,1
Gng7,9,5
Gngt2,2,2
Gnl1,34,25
Gnl2,18,10
Gnl3,14,13
Gnl3l,12,14
Gnmt,2,1
Gnpat,23,29
Gnpda1,2,1
Gnpda2,3,3
Gnptab,15,7
Gnptg,2,2
Gnrh1,1,0
Gns,54,51
Golga1,36,25
Golga2,45,42
Golga3,48,48
Golga4,155,134
Golga5,16,16
Golga7,20,17
Golga7b,0,0
Golgb1,137,143
Golim4,58,45
Golm1,16,16
Golm2,6,7
Golph3,56,57
Golph3l,8,12
Golt1b,10,5
Gon4l,42,32
Gon7,2,1
Gopc,13,15
Gorab,5,3
Gorasp1,16,10
Gorasp2,40,41
Gosr1,20,18
Gosr2,17,19
Got1,22,16
Got2,11,11
Gp1ba,1,1
Gp5,1,2
Gpa33,3,2
Gpaa1,25,19
Gpalpp1,20,10
Gpam,26,15
Gpank1,1,2
Gpat2,3,2
Gpat3,0,1
Gpat4,67,59
Gpatch1,10,8
Gpatch11,11,4
Gpatch2,28,27
Gpatch2l,7,10
Gpatch3,1,0
Gpatch4,15,15
Gpatch8,41,49
Gpbp1,10,17
Gpbp1l1,38,34
Gpc1,4,5
Gpc3,2,0
Gpc4,24,21
Gpc6,2,4
Gpcpd1,17,15
Gpd1,12,4
Gpd1l,48,22
Gpd2,8,1
Gper1,5,4
Gpha2,1,1
Gphb5,0,0
Gphn,15,18
Gpi1,53,50
Gpihbp1,1,1
Gpkow,12,11
Gpld1,2,1
Gpm6b,4,4
Gpn1,4,7
Gpn2,8,2
Gpn3,4,2
Gpnmb,0,0
Gpr107,46,36
Gpr108,22,13
Gpr12,0,0
Gpr137,8,8
Gpr137b,0,1
Gpr137b-ps,1,4
Gpr137c,28,18
Gpr146,8,6
Gpr151,1,0
Gpr153,8,7
Gpr155,2,3
Gpr156,2,0
Gpr157,1,0
Gpr15lg,0,0
Gpr160,1,2
Gpr161,1,6
Gpr162,2,1
Gpr171,0,0
Gpr173,0,0
Gpr179,2,1
Gpr18,3,4
Gpr180,5,7
Gpr182,3,1
Gpr183,1,2
Gpr19,2,0
Gpr21,1,0
Gpr22,3,3
Gpr27,1,0
Gpr34,1,1
Gpr35,1,0
Gpr39,1,2
Gpr4,2,1
Gpr45,1,0
Gpr52,1,1
Gpr61,0,1
Gpr62,2,5
Gpr68,2,0
Gpr75,2,3
Gpr82,3,3
Gpr85,1,0
Gpr87,0,1
Gpr89,15,13
Gprasp1,19,10
Gprc5a,2,4
Gprc5b,30,22
Gprc5c,13,11
Gprc5d,0,0
Gprin1,2,2
Gprin2,2,0
Gprin3,1,0
Gps1,11,7
Gps2,13,15
Gpsm1,4,5
Gpsm2,14,10
Gpsm3,2,1
Gpt,3,3
Gpt2,27,30
Gpx1,18,9
Gpx2-ps1,0,1
Gpx3,3,1
Gpx4,10,10
Gramd1a,97,95
Gramd1b,15,20
Gramd1c,4,7
Gramd2a,1,1
Gramd2b,10,12
Gramd4,104,84
Grap,1,0
Grap2,0,0
Grb10,8,6
Grb14,3,1
Grb2,23,19
Grb7,13,12
Grcc10,1,4
Greb1,0,0
Greb1l,12,8
Grem1,0,0
Grem2,1,0
Grhl1,63,51
Grhl2,53,41
Grhl3,3,2
Grhpr,7,4
Gria1,1,0
Gria2,0,0
Gria3,0,0
Grid2,2,1
Grid2ip,0,0
Grik3,7,3
Grik4,0,0
Grik5,13,8
Grin1,8,6
Grin1os,4,4
Grin2b,0,0
Grin2c,0,0
Grin2d,10,9
Grin3a,3,0
Grin3b,0,1
Grina,51,33
Grip1,3,5
Grip1os2,3,0
Grip2,0,1
Gripap1,31,20
Grk2,59,60
Grk3,3,2
Grk4,1,1
Grk5,9,4
Grk6,25,20
Grn,46,38
Grpel1,8,9
Grpel2,20,13
Grsf1,21,21
Grtp1,7,11
Grwd1,4,4
Gsap,1,1
Gsc,0,1
Gsdma,0,0
Gsdmd,1,2
Gsdme,8,5
Gse1,52,50
Gsg1,1,1
Gsg1l,0,1
Gsk3a,24,17
Gsk3b,98,95
Gskip,2,3
Gsn,13,10
Gspt1,33,43
Gspt2,2,2
Gsr,17,13
Gss,12,8
Gsta3,1,2
Gsta4,2,2
Gstcd,14,12
Gstk1,0,0
Gstm1,3,1
Gstm2,0,0
Gstm5,1,2
Gstm7,0,0
Gsto1,4,5
Gstp1,2,3
Gstp2,1,1
Gstp3,0,0
Gstt1,1,1
Gstt2,2,3
Gstt3,8,5
Gstz1,9,11
Gt(ROSA)26Sor,15,17
Gtdc1,8,12
Gtf2a1,11,11
Gtf2a2,7,10
Gtf2b,5,4
Gtf2e1,15,9
Gtf2e2,6,2
Gtf2f1,19,20
Gtf2f2,5,3
Gtf2h1,14,16
Gtf2h2,6,6
Gtf2h3,9,8
Gtf2h4,2,2
Gtf2h5,4,3
Gtf2i,149,137
Gtf2ird1,22,15
Gtf2ird2,6,5
Gtf3a,4,4
Gtf3c1,78,77
Gtf3c2,27,15
Gtf3c3,16,13
Gtf3c4,18,21
Gtf3c5,16,15
Gtf3c6,5,5
Gtpbp1,12,14
Gtpbp10,3,5
Gtpbp2,65,49
Gtpbp3,12,9
Gtpbp4,18,13
Gtpbp6,4,5
Gtpbp8,6,7
Gtse1,5,7
Guca1b,0,0
Gucd1,11,16
Gucy1a1,0,1
Gucy1b2,0,1
Guf1,15,20
Guk1,7,11
Gulp1,1,0
Gusb,22,16
Gvin-ps1,1,1
Gvin-ps7,1,0
Gvin3,1,0
Gxylt1,27,23
Gyg1,2,3
Gypc,0,1
Gys1,23,15
Gzf1,9,12
Gzmm,1,0
H13,81,72
H19,7,8
H1f0,60,41
H1f1,24,15
H1f10,2,4
H1f2,34,37
H1f3,38,33
H1f4,53,38
H1f5,17,12
H1f7,3,2
H2-Aa,1,3
H2-Ab1,2,4
H2-D1,151,128
H2-DMa,3,2
H2-DMb2,0,0
H2-K1,43,49
H2-K2,1,2
H2-M3,1,1
H2-Q10,0,0
H2-Q2,10,10
H2-Q4,42,42
H2-Q5,0,0
H2-T10,3,8
H2-T11-ps,2,1
H2-T13,1,1
H2-T22,1,1
H2-T23,5,8
H2-T24,7,4
H2-T5,7,4
H2ac10,0,1
H2ac15,6,6
H2ac20,0,0
H2ac25,2,4
H2ac4,2,1
H2ac6,2,1
H2ac7,0,0
H2ac8,1,0
H2af-ps2,3,11
H2aj,6,1
H2ax,19,21
H2az1,14,8
H2az2,9,4
H2bc11,1,2
H2bc12,1,0
H2bc13,2,1
H2bc14,3,5
H2bc15,4,3
H2bc21,0,0
H2bc27,0,0
H2bc3,1,4
H2bc4,2,1
H2bc6,4,2
H2bc7,0,1
H2bc8,1,3
H2bc9,3,3
H3c1,5,5
H3c10,0,1
H3c11,2,1
H3c15,0,0
H3c2,2,1
H3c3,8,3
H3c4,3,5
H3c6,5,7
H3c7,10,7
H3f3a,12,9
H3f3aos,3,2
H3f3b,98,78
H3f4,1,0
H4c1,2,1
H4c11,3,3
H4c12,1,0
H4c14,6,5
H4c3,0,7
H4c4,12,10
H4c6,1,2
H4c9,1,2
H60b,1,0
H6pd,4,6
Habp4,21,12
Hacd1,1,0
Hacd2,8,6
Hacd3,22,17
Hacd4,2,1
Hace1,12,5
Hacl1,0,1
Hadh,24,26
Hadha,45,41
Hadhb,16,15
Hagh,6,7
Haghl,2,6
Hal,4,3
Halr1,0,0
Hand2os1,0,1
Hap1,19,12
Hapstr1,37,40
Harbi1,10,7
Hars1,17,16
Hars2,23,19
Has1,4,5
Has2,0,0
Has3,3,5
Haspin,5,5
Hat1,3,2
Haus1,5,2
Haus2,9,7
Haus3,9,7
Haus4,8,8
Haus5,1,1
Haus6,12,13
Haus7,6,3
Haus8,6,2
Havcr2,0,0
Hax1,3,7
Hba-a1,0,0
Hba-ps4,0,1
Hbb-bs,0,0
Hbb-bt,0,0
Hbegf,0,0
Hbp1,32,13
Hbs1l,19,26
Hc,1,1
Hcar2,0,1
Hccs,4,6
Hcfc1,95,75
Hcfc1r1,3,3
Hcfc2,13,13
Hck,0,0
Hcls1,2,2
Hcn1,0,0
Hcn4,1,1
Hcrtr1,0,0
Hdac1,10,9
Hdac10,11,17
Hdac11,7,3
Hdac2,10,9
Hdac3,49,53
Hdac4,37,30
Hdac5,66,68
Hdac6,22,24
Hdac7,30,27
Hdac8,8,11
Hdac9,0,0
Hddc2,10,10
Hddc3,0,0
Hdgf,84,76
Hdgfl2,28,22
Hdgfl3,1,2
Hdhd2,3,5
Hdhd3,3,2
Hdhd5,8,3
Hdlbp,277,237
Heatr1,20,13
Heatr3,16,18
Heatr5a,23,22
Heatr5b,13,21
Heatr6,21,23
Heatr9,0,1
Hebp1,3,8
Hebp2,1,3
Heca,23,23
Hectd1,158,136
Hectd2,6,4
Hectd2os,4,2
Hectd3,12,17
Hectd4,79,85
Hecw1,0,0
Hecw2,4,5
Heg1,35,32
Helb,11,6
Hells,13,12
Helq,7,3
Helz,86,59
Helz2,50,51
Hemk1,9,7
Henmt1,1,0
Hepacam2,1,1
Heph,1,0
Hephl1,0,0
Herc1,89,87
Herc2,129,119
Herc3,27,20
Herc4,25,19
Herc6,4,7
Herpud1,59,42
Herpud2,19,15
Hes1,12,9
Hes2,0,0
Hes6,11,10
Hexa,1,3
Hexb,10,6
Hexd,5,7
Hexim1,32,21
Hexim2,1,2
Hey1,22,20
Hey2,0,1
Heyl,1,0
Hfe,5,3
Hgd,0,0
Hgh1,5,5
Hgs,33,25
Hgsnat,16,10
Hhat,5,5
Hhipl1,5,4
Hhipl2,32,28
Hibadh,14,11
Hibch,8,11
Hic1,7,6
Hic2,7,6
Hid1,66,54
Hif1a,17,19
Hif1an,39,34
Higd1a,2,4
Higd1b,0,1
Higd2a,4,4
Hikeshi,4,6
Hilpda,1,1
Hinfp,30,25
Hint1,8,6
Hint2,2,3
Hint3,4,6
Hip1,7,10
Hip1r,28,45
Hipk1,87,93
Hipk2,38,26
Hipk3,55,43
Hipk4,1,3
Hira,6,3
Hirip3,14,9
Hivep1,39,41
Hivep2,43,26
Hivep3,103,99
Hjurp,35,36
Hk1,157,123
Hk1os,3,0
Hk2,20,13
Hlcs,17,14
Hlf,44,41
Hltf,17,18
Hlx,1,0
Hm629797,2,1
Hmbox1,39,45
Hmbs,19,22
Hmces,3,1
Hmcn1,11,7
Hmcn2,7,11
Hmg20a,27,35
Hmg20b,32,33
Hmga1,1,2
Hmga1b,0,0
Hmga2,2,1
Hmga2-ps1,1,2
Hmgb1,12,13
Hmgb1-ps6,1,3
Hmgb1-rs16,2,0
Hmgb2,16,11
Hmgb3,5,1
Hmgcl,14,13
Hmgcll1,1,1
Hmgcr,20,15
Hmgcs1,13,12
Hmgn1,34,38
Hmgn2,8,6
Hmgn3,1,2
Hmgn5,17,14
Hmgxb3,48,49
Hmgxb4,11,11
Hmmr,7,7
Hmox1,1,1
Hmox2,1,2
Hnrnpa0,87,78
Hnrnpa1,89,83
Hnrnpa2b1,269,228
Hnrnpa3,79,73
Hnrnpab,108,88
Hnrnpc,46,48
Hnrnpd,30,24
Hnrnpdl,51,44
Hnrnpf,7,6
Hnrnph1,143,130
Hnrnph2,8,8
Hnrnph3,18,11
Hnrnpk,87,91
Hnrnpl,128,133
Hnrnpll,46,34
Hnrnpm,84,63
Hnrnpr,56,55
Hnrnpu,287,257
Hnrnpul1,119,112
Hnrnpul2,123,114
Hoga1,1,3
Homer1,20,16
Homer2,26,15
Homer3,7,6
Homez,6,4
Hook1,20,28
Hook2,20,23
Hook3,70,65
Hopx,0,0
Hoxa1,0,0
Hoxa3,0,1
Hoxa4,15,20
Hoxa9,0,0
Hoxb13,0,1
Hoxb3,1,0
Hoxb3os,2,1
Hoxb4,1,4
Hoxb5os,0,0
Hoxb8,0,0
Hoxc13,0,0
Hoxc8,1,0
Hoxc9,2,0
Hoxd3os1,1,0
Hoxd8,1,0
Hoxd9,1,1
Hp,0,0
Hp1bp3,56,57
Hpca,3,1
Hpcal1,5,4
Hpdl,2,1
Hpf1,11,5
Hpgd,0,2
Hpgds,8,5
Hpn,10,8
Hprt1,4,1
Hps1,15,13
Hps3,13,17
Hps4,8,14
Hps5,26,32
Hps6,4,3
Hpse,0,0
Hpse2,1,0
Hr,33,23
Hras,8,13
Hrct1,6,6
Hrk,1,1
Hrnr,0,0
Hrob,5,3
Hs1bp3,3,4
Hs2st1,29,30
Hs3st1,4,2
Hs3st3a1,6,4
Hs3st3b1,24,15
Hs3st4,1,0
Hs6st1,41,31
Hsbp1,12,6
Hsbp1l1,1,0
Hscb,2,0
Hsd11b1,1,0
Hsd11b2,1,0
Hsd17b10,5,2
Hsd17b11,15,10
Hsd17b12,16,17
Hsd17b2,0,1
Hsd17b4,37,20
Hsd17b7,7,3
Hsdl1,13,7
Hsdl2,14,8
Hsf1,18,19
Hsf2,4,8
Hsf4,1,0
Hsf5,1,1
Hsp90aa1,38,33
Hsp90ab1,467,434
Hsp90b1,182,168
Hspa12b,0,1
Hspa13,13,10
Hspa14,4,3
Hspa1a,2,2
Hspa1b,20,17
Hspa2,4,4
Hspa4,59,54
Hspa4l,14,8
Hspa5,280,262
Hspa8,61,64
Hspa9,41,34
Hspa9-ps1,0,0
Hspb1,1,9
Hspb6,2,2
Hspb8,5,3
Hspb9,1,0
Hspbap1,4,9
Hspbp1,9,7
Hspd1,23,25
Hspe1,8,7
Hspe1-ps2,1,0
Hspe1-ps3,1,1
Hspe1-ps5,1,1
Hspg2,110,96
Hsph1,15,17
Htatip2,4,7
Htatsf1,16,12
Htr2b,0,2
Htra1,1,2
Htra2,15,12
Htra3,2,2
Htra4,0,1
Htt,122,85
Hunk,15,12
Hus1,5,5
Hus1b,0,0
Huwe1,311,293
Hyal1,0,0
Hyal2,3,2
Hyal3,1,1
Hycc1,8,13
Hycc2,19,14
Hyi,5,8
Hykk,4,5
Hyls1,10,6
Hyou1,150,134
Hypk,4,4
I830077J02Rik,2,1
Iah1,7,6
Iars1,30,39
Iars2,23,28
Iba57,6,4
Ibtk,39,32
Ica1,20,14
Ica1l,2,1
Icam1,0,1
Icam5,0,0
Ice1,55,53
Ice2,5,1
Icmt,16,15
Icos,0,1
Icosl,4,2
Ict1os,0,4
Id1,0,1
Id2,39,32
Id3,1,1
Id4,0,0
Ide,21,26
Idh1,13,11
Idh2,22,22
Idh3a,23,22
Idh3b,15,18
Idh3g,17,17
Idi1,4,5
Idi2,0,0
Idnk,8,10
Ids,14,13
Idua,4,2
Ier2,30,25
Ier3,15,18
Ier3ip1,5,8
Ier5,17,18
Ier5l,8,12
Iffo1,1,1
Iffo2,22,20
Ifi202b,0,1
Ifi205,0,2
Ifi207,1,0
Ifi27,25,15
Ifi30,17,17
Ifi35,8,10
Ifi44,9,7
Ifi47,2,0
Ifih1,15,18
Ifit1,4,7
Ifit1bl1,0,0
Ifit2,2,3
Ifit3,2,3
Ifit3b,1,0
Ifitm1,1,0
Ifitm10,4,1
Ifitm3,11,9
Ifnar1,27,31
Ifnar2,11,5
Ifngr1,10,16
Ifngr2,16,11
Ifnk,3,1
Ifnlr1,31,14
Ifrd1,31,32
Ifrd2,21,19
Ift122,5,3
Ift140,20,14
Ift172,24,15
Ift20,7,14
Ift22,2,4
Ift25,1,2
Ift27,1,1
Ift43,6,8
Ift46,21,33
Ift52,12,13
Ift56,1,1
Ift57,0,1
Ift70a1,1,0
Ift70b,3,0
Ift74,1,3
Ift80,8,9
Ift81,6,4
Ift88,12,6
Ift88os,0,1
Iftap,3,5
Igbp1,18,19
Igdcc4,0,1
Igf1,1,0
Igf1r,14,14
Igf2,0,0
Igf2bp1,0,0
Igf2bp2,0,0
Igf2bp3,4,4
Igf2r,184,142
Igfals,2,11
Igfbp1,0,0
Igfbp2,2,0
Igfbp3,2,4
Igfbp4,22,13
Igfbp5,3522,3390
Igfbp6,1,1
Igfbp7,7,10
Igha,0,1
Ighd,1,0
Ighm,2,1
Ighmbp2,9,6
Igip,9,5
Igkv14-111,2,2
Iglon5,0,1
Igsf10,2,0
Igsf11,1,1
Igsf3,63,69
Igsf5,5,5
Igsf6,4,2
Igsf8,44,35
Igsf9,12,11
Igsf9b,2,1
Igtp,6,5
Iigp1,12,12
Ik,31,28
Ikbip,3,3
Ikbkb,61,57
Ikbke,10,11
Ikbkg,21,26
Ikzf1,16,18
Ikzf2,8,7
Ikzf4,0,0
Il10,0,0
Il10ra,0,0
Il10rb,8,7
Il11,0,1
Il11ra1,6,11
Il12rb2,1,1
Il13ra1,5,6
Il15,8,3
Il15ra,54,44
Il16,4,4
Il17b,1,0
Il17d,0,0
Il17ra,12,8
Il17rb,2,1
Il17rc,9,8
Il17rd,4,8
Il17re,33,35
Il18bp,14,16
Il18r1,3,1
Il18rap,1,1
Il1b,0,0
Il1r1,7,7
Il1rap,14,23
Il1rl2,9,16
Il1rn,0,0
Il20,1,1
Il20ra,1,1
Il20rb,12,12
Il21r,0,0
Il22ra1,0,0
Il23a,1,1
Il23r,0,0
Il24,0,0
Il27ra,0,0
Il31ra,0,0
Il33,2,2
Il34,1,3
Il36rn,0,0
Il3ra,2,4
Il4ra,24,17
Il6ra,10,11
Il6st,44,32
Ildr1,19,22
Ildr2,2,1
Ilf2,16,16
Ilf3,37,42
Ilkap,30,24
Ilrun,84,66
Ilvbl,11,3
Immp2l,0,1
Immt,38,30
Imp3,8,3
Imp4,12,9
Impa1,9,4
Impa2,10,12
Impact,10,12
Impdh1,19,21
Impdh2,22,13
Impg2,2,1
Inafm1,4,3
Inafm2,24,13
Inava,7,5
Inca1,1,1
Incenp,37,33
Inf2,18,16
Ing1,12,11
Ing2,5,2
Ing3,8,6
Ing4,5,7
Ing5,10,7
Inhba,0,0
Inhbb,39,25
Inhca,1,1
Inip,7,9
Inka1,0,0
Inka2,5,5
Ino80,60,50
Ino80b,2,5
Ino80c,5,8
Ino80d,71,56
Ino80dos,18,18
Ino80e,13,11
Inpp1,13,11
Inpp4a,40,28
Inpp4b,1,1
Inpp5a,26,25
Inpp5b,7,12
Inpp5d,12,8
Inpp5e,23,16
Inpp5f,18,14
Inpp5j,10,12
Inpp5k,65,59
Inppl1,78,62
Insig1,10,9
Insig2,11,8
Insl6,1,0
Insm2,0,0
Insr,62,60
Insyn1,0,0
Insyn2a,11,16
Ints1,56,55
Ints10,19,15
Ints11,9,18
Ints12,5,10
Ints13,25,30
Ints14,6,5
Ints15,10,11
Ints2,25,21
Ints3,22,35
Ints4,39,34
Ints5,12,9
Ints6,44,31
Ints6l,46,45
Ints7,40,37
Ints8,34,31
Ints9,5,7
Intu,13,9
Invs,3,1
Ip6k1,41,46
Ip6k2,42,36
Ipcef1,1,1
Ipmk,14,10
Ipo11,15,11
Ipo13,11,9
Ipo4,17,9
Ipo5,24,21
Ipo7,28,23
Ipo8,46,40
Ipo9,38,40
Ipp,3,4
Ippk,21,16
Iqank1,3,3
Iqcb1,3,5
Iqcc,3,4
Iqcd,2,2
Iqce,7,10
Iqck,3,5
Iqcn,2,0
Iqgap1,228,217
Iqgap2,13,12
Iqgap3,22,29
Iqsec1,73,68
Iqsec2,16,15
Irag1,1,2
Irag2,0,3
Irak1,56,54
Irak1bp1,0,1
Irak2,11,11
Irak3,8,12
Irak4,6,8
Ireb2,50,38
Irf1,15,16
Irf2,28,26
Irf2bp1,29,23
Irf2bp2,123,116
Irf2bpl,71,81
Irf3,29,24
Irf5,3,3
Irf6,27,21
Irf7,11,11
Irf8,2,2
Irf9,20,24
Irgm1,7,9
Irgm2,6,3
Irgq,40,35
Irs1,74,72
Irs2,56,45
Irs4,0,1
Irx1,168,141
Irx2,183,188
Irx3,57,57
Irx3os,8,7
Irx4,1,1
Irx5,51,33
Isca1,24,13
Isca2,3,3
Iscu,6,4
Isg15,2,2
Isg20,1,0
Isg20l2,17,8
Ism1,0,1
Isoc1,20,24
Isoc2a,4,4
Isoc2b,2,1
Ist1,51,55
Isy1,7,9
Isyna1,15,10
Itch,57,54
Itfg1,6,14
Itfg2,11,12
Itga1,5,5
Itga10,4,1
Itga11,0,0
Itga2,6,5
Itga2b,3,1
Itga3,28,34
Itga4,1,1
Itga5,4,6
Itga6,104,91
Itga7,0,1
Itga8,22,24
Itga9,15,1
Itgae,3,0
Itgal,1,3
Itgam,1,0
Itgav,49,42
Itgax,2,1
Itgb1,90,79
Itgb1bp1,3,3
Itgb1bp2,2,3
Itgb2,1,0
Itgb2l,15,9
Itgb3,17,14
Itgb3bp,1,0
Itgb4,189,153
Itgb5,22,21
Itgb6,4,3
Itgb7,2,1
Itgb8,10,17
Itgbl1,2,1
Itih2,1,2
Itih4,1,1
Itih5,8,3
Itm2b,133,139
Itm2c,29,26
Itpa,4,4
Itpk1,29,19
Itpka,3,2
Itpkb,97,70
Itpkc,4,7
Itpr1,142,128
Itpr2,110,88
Itpr3,218,180
Itpr3os,6,3
Itprid1,17,22
Itprid2,35,45
Itprip,7,6
Itpripl1,7,9
Itpripl2,28,29
Itsn1,51,52
Itsn2,54,72
Ivd,19,20
Ivl,0,0
Ivns1abp,89,61
Iws1,28,28
Izumo1r,0,0
Izumo4,5,5
Jade1,41,33
Jade2,3,2
Jade3,3,2
Jag1,6,8
Jag2,6,10
Jagn1,0,1
Jak1,92,77
Jak2,23,24
Jak3,22,21
Jakmip1,0,1
Jakmip2,0,0
Jam2,3,2
Jam3,1,0
Jaml,1,1
Jarid2,61,49
Jazf1,0,1
Jcad,11,5
Jdp2,5,4
Jkamp,7,5
Jmjd1c,94,91
Jmjd4,10,14
Jmjd6,17,12
Jmjd7,1,1
Jmjd8,11,6
Jmy,75,72
Josd1,14,15
Josd1-ps,0,0
Josd2,21,17
Jph1,1,1
Jph2,0,0
Jph3,0,1
Jph4,1,0
Jpt1,18,20
Jpt2,20,20
Jpx,21,14
Jrk,4,4
Jrkl,4,3
Jtb,12,18
Jun,52,33
Junb,28,18
Jund,148,133
Junos,23,21
Jup,125,111
K230015D01Rik,0,0
Kalrn,2,3
Kank1,37,32
Kank2,17,14
Kank3,7,3
Kank4,21,16
Kank4os,1,2
Kansl1,67,44
Kansl1l,21,22
Kansl2,16,16
Kansl3,45,27
Kantr,6,7
Kars1,19,19
Kat14,19,16
Kat2a,25,25
Kat2b,31,22
Kat5,13,14
Kat6a,87,75
Kat6b,75,67
Kat7,26,22
Kat8,6,7
Katna1,4,6
Katnal1,6,2
Katnal2,1,0
Katnb1,13,10
Katnbl1,3,1
Katnip,32,26
Kazald1,1,1
Kazn,44,42
Kbtbd12,0,0
Kbtbd2,7,13
Kbtbd3,3,3
Kbtbd4,2,1
Kbtbd6,1,0
Kbtbd7,1,4
Kbtbd8,1,5
Kcmf1,20,31
Kcna3,0,1
Kcna7,0,0
Kcnab1,2,7
Kcnab2,2,1
Kcnab3,0,1
Kcnb1,1,2
Kcnc3,3,5
Kcnc4,0,0
Kcnd1,0,0
Kcne3,0,1
Kcne4,0,0
Kcng2,0,2
Kcng3,0,0
Kcnh1,1,0
Kcnh7,0,1
Kcnh8,1,3
Kcnip3,0,0
Kcnip4,2,1
Kcnj10,1,0
Kcnj13,1,3
Kcnj14,0,0
Kcnj15,6,3
Kcnj2,6,4
Kcnj8,1,1
Kcnj9,0,1
Kcnk1,22,20
Kcnk13,0,1
Kcnk2,2,2
Kcnk4,0,0
Kcnk5,35,35
Kcnk6,28,20
Kcnmb4,0,0
Kcnn1,1,1
Kcnn2,2,2
Kcnn3,0,0
Kcnn4,292,237
Kcnq1,1,0
Kcnq1ot1,261,226
Kcnq2,1,1
Kcnq4,1,1
Kcnrg,2,2
Kcns1,1,1
Kcnt1,0,1
Kcp,0,3
Kctd1,74,65
Kctd10,14,6
Kctd11,6,6
Kctd12,12,7
Kctd12b,4,4
Kctd13,0,1
Kctd14,15,16
Kctd15,3,5
Kctd17,15,11
Kctd18,9,6
Kctd2,14,13
Kctd20,18,25
Kctd21,2,6
Kctd3,30,27
Kctd4,2,1
Kctd5,10,6
Kctd6,4,4
Kctd7,0,1
Kctd9,10,8
Kdelr1,39,36
Kdelr2,32,33
Kdelr3,2,5
Kdf1,19,14
Kdm1a,49,32
Kdm1b,31,21
Kdm2a,120,101
Kdm2b,34,32
Kdm3a,61,47
Kdm3b,47,38
Kdm4a,47,44
Kdm4b,18,17
Kdm4c,20,22
Kdm5a,80,66
Kdm5b,64,47
Kdm5c,141,138
Kdm6a,52,57
Kdm6b,145,126
Kdm6bos,6,1
Kdm7a,20,17
Kdm8,0,1
Kdr,4,7
Kdsr,7,11
Keap1,23,15
Khdc4,43,41
Khdrbs1,34,28
Khdrbs3,8,11
Khk,0,1
Khnyn,39,24
Khsrp,112,108
Kics2,5,5
Kidins220,104,79
Kif11,13,12
Kif13a,33,27
Kif13b,71,73
Kif14,11,10
Kif15,9,10
Kif16b,56,63
Kif16bos,1,1
Kif17,21,16
Kif18a,3,2
Kif18b,6,11
Kif1b,201,173
Kif1c,155,139
Kif20a,4,7
Kif20b,11,13
Kif21a,53,42
Kif21b,16,16
Kif22,5,4
Kif23,7,6
Kif24,12,4
Kif26a,0,1
Kif26b,1,0
Kif27,1,0
Kif2a,14,8
Kif2c,4,3
Kif3a,11,12
Kif3b,19,16
Kif3c,6,9
Kif4,8,8
Kif5a,3,0
Kif5b,56,49
Kif5c,1,1
Kif7,1,0
Kif9,1,1
Kifap3,14,13
Kifbp,10,3
Kifc1,7,6
Kifc2,6,10
Kifc3,23,22
Kifc5b,7,5
Kin,4,4
Kirrel1,7,4
Kirrel3,4,0
Kirrel3os,0,1
Kiss1r,1,0
Kit,144,132
Kitl,22,19
Kiz,7,4
Kl,19,23
Klc1,65,76
Klc2,9,6
Klc3,26,20
Klc4,26,24
Klf1,0,2
Klf10,20,13
Klf11,21,20
Klf12,5,2
Klf13,72,76
Klf15,1,3
Klf16,10,5
Klf2,4,6
Klf3,68,44
Klf4,10,3
Klf5,23,26
Klf6,55,59
Klf7,27,36
Klf8,1,1
Klf9,52,44
Klhdc1,1,3
Klhdc10,34,32
Klhdc2,14,14
Klhdc3,22,19
Klhdc4,7,7
Klhdc7a,78,82
Klhdc8a,0,0
Klhdc8b,8,3
Klhdc9,1,0
Klhl11,5,5
Klhl12,19,13
Klhl13,3,2
Klhl15,9,6
Klhl17,19,12
Klhl18,18,32
Klhl2,7,10
Klhl20,15,12
Klhl21,22,21
Klhl22,6,6
Klhl23,7,6
Klhl24,52,48
Klhl25,11,8
Klhl26,6,8
Klhl28,15,11
Klhl29,1,1
Klhl3,3,1
Klhl32,5,1
Klhl33,3,1
Klhl35,2,1
Klhl36,4,6
Klhl38,0,0
Klhl41,1,0
Klhl42,7,5
Klhl5,15,17
Klhl6,3,0
Klhl7,4,6
Klhl8,3,5
Klhl9,32,27
Klk10,29,24
Klk11,3,2
Klk12,0,0
Klk13,0,0
Klk14,1,1
Klk1b3,1,1
Klk5,0,0
Klk6,0,0
Klk7,0,0
Klk8,0,0
Klk9,0,0
Klrb1b,1,1
Klre1,1,1
Klrg2,8,6
Kmt2a,202,175
Kmt2b,116,110
Kmt2c,153,128
Kmt2d,492,485
Kmt2e,95,91
Kmt5a,79,63
Kmt5b,55,53
Kmt5c,37,29
Kndc1,1,1
Kng2,0,0
Knl1,15,17
Knop1,34,31
Knstrn,9,8
Kntc1,11,10
Kplce,0,0
Kpna1,15,12
Kpna2,7,2
Kpna3,11,7
Kpna4,24,18
Kpna6,36,31
Kpnb1,54,59
Kprp,0,0
Kptn,3,6
Kras,20,19
Krba1,36,33
Krcc1,16,11
Kremen1,9,11
Kremen2,0,0
Kri1,16,12
Krit1,32,28
Krr1,6,6
Krt1,0,0
Krt10,0,0
Krt14,4,4
Krt15,5,2
Krt16,0,0
Krt17,2,4
Krt18,193,162
Krt19,124,93
Krt222,1,1
Krt23,0,1
Krt25,0,0
Krt26,0,0
Krt27,0,0
Krt28,0,0
Krt31,0,0
Krt33a,0,0
Krt33b,0,0
Krt34,0,0
Krt35,0,0
Krt36,0,0
Krt4,0,1
Krt42,0,0
Krt5,22,18
Krt6a,0,0
Krt6b,0,0
Krt7,29,24
Krt71,0,0
Krt72,0,0
Krt73,0,0
Krt75,0,0
Krt78,1,1
Krt79,1,1
Krt8,166,143
Krt80,4,4
Krt81,0,0
Krt83,0,0
Krt84,0,0
Krt85,0,0
Krt86,0,0
Krt87,0,0
Krt9,0,0
Krt90,0,0
Krtap1-3,0,0
Krtap1-4,0,0
Krtap1-5,0,0
Krtap10-10,0,0
Krtap11-1,0,0
Krtap13-1,0,0
Krtap13-20,0,0
Krtap14,0,0
Krtap15-1,0,0
Krtap16-1,0,0
Krtap17-1,0,0
Krtap19-9b,0,0
Krtap2-20,0,0
Krtap2-22,0,0
Krtap2-4,0,0
Krtap21-1,0,0
Krtap3-1,0,0
Krtap3-2,0,0
Krtap3-3,0,0
Krtap4-1,0,0
Krtap4-16,0,0
Krtap4-22,0,0
Krtap4-23,0,0
Krtap4-24,0,0
Krtap4-25,0,0
Krtap4-26,0,0
Krtap4-6,0,0
Krtap4-8,0,0
Krtap4-9,0,0
Krtap5-2,0,0
Krtap5-23,0,0
Krtap5-3,0,0
Krtap5-5,0,0
Krtap6-1,0,0
Krtap6-2,0,0
Krtap7-1,0,0
Krtap8-1,0,0
Krtap9-1,0,0
Krtap9-21,0,0
Krtap9-22,0,0
Krtap9-3,0,0
Krtcap2,7,9
Krtcap3,21,22
Krtdap,0,0
Ksr1,12,10
Kti12,10,14
Ktn1,57,52
Kxd1,8,6
Kyat1,16,14
Kyat3,3,1
L1cam,29,21
L2hgdh,5,6
L3hypdh,3,3
L3mbtl2,8,3
L3mbtl3,21,14
LTO1,9,8
Lacc1,5,2
Lactb,5,3
Lactb2,5,4
Lad1,46,46
Lag3,0,1
Lage3,8,3
Lair1,0,0
Lalba,580,524
Lama1,21,20
Lama2,5,12
Lama3,5,6
Lama4,41,38
Lama5,119,107
Lamb1,9,17
Lamb2,53,53
Lamb3,39,28
Lamc1,39,42
Lamc2,9,13
Lamp1,60,45
Lamp2,52,43
Lamtor1,20,14
Lamtor2,7,6
Lamtor3,9,9
Lamtor4,4,10
Lamtor5,4,3
Lancl1,6,4
Lancl2,3,1
Lao1,256,232
Lap3,32,23
Laptm4a,25,18
Laptm4b,3,1
Laptm5,3,7
Large1,16,15
Large2,55,48
Larp1,126,133
Larp1b,34,34
Larp4,49,37
Larp4b,87,63
Larp7,13,12
Lars1,43,38
Lars2,493,480
Las1l,22,32
Lasp1,71,53
Lat,0,1
Lat2,1,1
Lats1,47,55
Lats2,4,2
Lbh,5,7
Lbhd1,2,2
Lbp,128,122
Lbr,21,15
Lca5,0,3
Lca5l,3,2
Lce1a1,0,0
Lce1f,0,0
Lce1g,0,0
Lce1i,0,0
Lce3c,0,0
Lce3d,0,0
Lce3f,0,0
Lck,0,0
Lclat1,10,10
Lcmt1,5,3
Lcmt2,1,2
Lcn2,703,662
Lcor,42,35
Lcorl,22,19
Lcp1,53,58
Lcp2,0,2
Ldaf1,2,2
Ldah,15,10
Ldb1,100,84
Ldb2,2,1
Ldb3,17,10
Ldha,115,107
Ldha-ps,1,0
Ldhb,10,8
Ldhb-ps,0,0
Ldhd,11,8
Ldlr,30,27
Ldlrad1,0,1
Ldlrad3,14,21
Ldlrad4,34,34
Ldlrap1,22,16
Leap2,1,1
Lef1,0,1
Lefty1,1,2
Lekr1,0,0
Lemd2,23,23
Lemd3,11,12
Leng1,6,3
Leng8,174,149
Leng9,1,0
Leo1,27,20
Lepr,21,28
Leprot,18,16
Leprotl1,5,5
Letm1,18,11
Letm2,7,2
Letmd1,23,15
Lfng,4,4
Lgals1,2,6
Lgals12,4,8
Lgals2,1,1
Lgals3,7,7
Lgals3bp,2,6
Lgals4,4,2
Lgals7,1,1
Lgals8,16,17
Lgals9,12,6
Lgalsl,35,32
Lgi2,0,0
Lgi4,1,1
Lgmn,8,9
Lgr4,24,24
Lgr5,0,1
Lgr6,51,37
Lhcgr,1,0
Lhfpl2,7,3
Lhfpl5,1,0
Lhfpl6,10,7
Lhpp,1,1
Lhx1os,0,1
Lhx5,0,1
Lhx6,0,0
Lhx9,0,0
Lias,17,11
Liat1,1,1
Lif,1,1
Lifr,32,37
Lig1,19,14
Lig3,84,78
Lig4,3,1
Lilrb4a,3,1
Lilrb4b,0,0
Lima1,46,39
Limch1,10,5
Limd1,50,45
Limd2,19,17
Lime1,1,0
Limk1,5,1
Limk2,24,30
Lims1,36,28
Lims2,0,0
Lin37,7,8
Lin52,0,2
Lin54,5,8
Lin7a,2,0
Lin7c,11,19
Lin9,8,8
Lingo3,0,0
Lingo4,4,3
Lins1,4,2
Lipa,126,87
Lipe,8,8
Lipg,6,2
Liph,9,2
Lipm,0,1
Lipt1,1,3
Lipt2,2,2
Litaf,65,51
Lix1l,3,4
Llgl1,39,37
Llgl2,35,24
Llph,3,3
Lman1,56,43
Lman2,71,64
Lman2l,15,18
Lmbr1,13,16
Lmbr1l,6,6
Lmbrd1,9,12
Lmbrd2,32,22
Lmf1,25,23
Lmf2,19,25
Lmln,3,8
Lmna,176,147
Lmnb1,27,23
Lmnb2,6,3
Lmntd2,6,5
Lmo1,1,0
Lmo2,7,5
Lmo4,68,68
Lmo7,20,18
Lmod1,10,11
Lmod2,2,0
Lmtk2,70,55
Lmtk3,3,4
Lmx1b,5,2
Lncbate3,4,2
Lncbate6,5,2
Lncpint,19,18
Lncppara,160,141
Lnpep,69,61
Lnpk,12,13
Lnx1,3,5
Lnx2,7,13
Lockd,4,7
Lonp1,27,34
Lonp2,13,16
Lonrf1,26,22
Lonrf3,2,1
Loricrin,0,1
Lox,5,5
Loxl1,2,5
Loxl2,4,2
Loxl3,1,3
Loxl4,3,1
Lpar1,0,1
Lpar2,9,5
Lpar5,0,0
Lpar6,16,9
Lpcat1,15,15
Lpcat2,10,5
Lpcat3,11,10
Lpcat4,10,9
Lpgat1,29,27
Lpin1,112,116
Lpin2,20,14
Lpin3,15,8
Lpl,8,9
Lpo,9,7
Lpp,155,130
Lppos,7,3
Lpxn,0,1
Lrat,0,0
Lratd1,9,10
Lratd2,26,19
Lrba,82,84
Lrch1,32,22
Lrch3,18,30
Lrch4,0,0
Lrfn1,4,5
Lrfn4,25,22
Lrg1,0,1
Lrguk,0,3
Lrif1,8,10
Lrig1,62,53
Lrig2,23,27
Lrig3,8,3
Lrit3,0,0
Lrmda,0,1
Lrp1,67,69
Lrp10,51,46
Lrp11,0,0
Lrp12,2,3
Lrp2bp,0,0
Lrp3,1,0
Lrp4,18,15
Lrp5,121,129
Lrp6,113,76
Lrp8,22,20
Lrp8os1,0,0
Lrp8os2,1,2
Lrp8os3,0,1
Lrpap1,23,21
Lrpprc,26,28
Lrr1,0,0
Lrrc1,32,21
Lrrc14,14,12
Lrrc15,3,5
Lrrc19,2,1
Lrrc20,1,3
Lrrc25,0,2
Lrrc26,9,5
Lrrc27,0,1
Lrrc28,1,2
Lrrc3,0,3
Lrrc32,7,5
Lrrc36,21,12
Lrrc39,1,1
Lrrc4,15,17
Lrrc40,2,5
Lrrc41,13,11
Lrrc42,2,3
Lrrc45,31,27
Lrrc47,20,14
Lrrc49,2,0
Lrrc51,1,2
Lrrc56,1,1
Lrrc57,3,2
Lrrc58,65,46
Lrrc59,57,46
Lrrc61,4,3
Lrrc7,1,1
Lrrc73,3,2
Lrrc74b,1,1
Lrrc75a,2,1
Lrrc75b,52,50
Lrrc8a,14,11
Lrrc8b,28,23
Lrrc8c,2,4
Lrrc8d,54,42
Lrrc8dos,0,1
Lrrc8e,1,1
Lrrc9,1,1
Lrrcc1,3,5
Lrrfip1,44,47
Lrrfip2,26,14
Lrriq1,3,0
Lrrk1,22,16
Lrrk2,1,1
Lrrn2,0,0
Lrrn3,0,1
Lrrn4,3,3
Lrrn4cl,0,0
Lrrtm2,10,8
Lrsam1,12,14
Lrwd1,16,13
Lsg1,11,11
Lsm1,4,12
Lsm10,1,1
Lsm11,10,9
Lsm12,22,15
Lsm14a,30,32
Lsm14b,15,16
Lsm2,6,9
Lsm3,2,3
Lsm4,6,11
Lsm6,6,6
Lsm7,2,3
Lsm8,3,3
Lsmem2,3,2
Lsp1,5,7
Lsr,19,12
Lss,22,28
Lta,0,0
Lta4h,17,21
Ltb4r2,0,1
Ltbp1,20,15
Ltbp2,49,50
Ltbp3,136,132
Ltbp4,5,7
Ltbr,18,16
Ltf,560,481
Ltk,1,5
Ltn1,21,31
Ltv1,11,8
Luc7l,46,54
Luc7l2,120,117
Luc7l3,88,80
Lum,0,3
Lurap1,39,27
Lurap1l,53,32
Luzp1,48,41
Luzp2,1,2
Lvrn,0,2
Lxn,13,12
Ly6a,15,13
Ly6d,4,1
Ly6e,630,535
Ly6g2,0,1
Ly6g6c,0,1
Ly6g6d,3,0
Ly6g6e,2,2
Ly6k,1,0
Ly75,2,2
Ly86,2,0
Ly9,1,0
Ly96,1,3
Lyar,9,9
Lyg1,0,0
Lyg2,0,1
Lyl1,2,2
Lyn,27,26
Lynx1,2,3
Lypd3,7,2
Lypd5,0,0
Lypd6b,0,1
Lypd8l,16,11
Lypla1,8,11
Lypla2,34,20
Lyplal1,3,3
Lyrm1,1,0
Lyrm2,0,0
Lyrm4,6,6
Lyrm9,7,7
Lyset,4,7
Lysmd1,3,1
Lysmd2,4,4
Lysmd3,3,5
Lysmd4,3,1
Lyst,50,36
Lyz2,1,3
Lyzl4,0,0
Lyzl4os,1,1
Lzic,16,15
Lztfl1,5,6
Lztr1,31,37
Lzts1,1,0
Lzts2,75,70
Lzts3,8,8
M1ap,1,1
M6pr,35,27
Mab21l1,3,2
Mab21l2,1,0
Mab21l3,0,1
Mab21l4,0,0
Macc1,6,6
Macf1,289,268
Macir,12,9
Maco1,37,27
Macrod1,3,7
Macrod2,1,4
Macrod2os1,0,1
Macroh2a1,36,45
Macroh2a2,0,0
Macroh2a3,1,0
Mad1l1,36,26
Mad2l1,7,5
Mad2l1bp,3,5
Mad2l2,2,6
Madd,39,35
Maea,19,22
Maf,4,4
Maf1,15,16
Mafa,1,0
Mafb,61,48
Maff,0,1
Mafg,53,61
Mafk,14,17
Magea9,0,0
Maged1,45,56
Maged2,8,5
Magee1,1,2
Magef1,4,2
Mageh1,3,2
Magi1,34,38
Magi2,0,0
Magi3,48,63
Magix,1,1
Magoh,4,3
Magohb,0,0
Magt1,50,34
Maip1,3,2
Majin,1,0
Mak16,4,4
Mal,0,0
Mal2,5,4
Malat1,6121,6018
Mall,0,0
Malsu1,5,6
Malt1,14,14
Mamdc2,1,0
Mamdc4,9,11
Maml1,15,9
Maml2,24,19
Maml3,36,29
Mamld1,0,1
Man1a,10,12
Man1a2,56,60
Man1b1,25,26
Man1c1,26,36
Man2a1,50,43
Man2a2,27,23
Man2b1,27,30
Man2b2,9,9
Man2c1,22,27
Man2c1os,3,2
Manba,6,7
Manbal,5,6
Manea,2,3
Maneal,1,2
Manf,23,30
Mansc1,52,39
Mansc4,1,0
Maoa,8,4
Map10,0,1
Map1a,1,1
Map1b,65,54
Map1lc3a,18,15
Map1lc3b,22,22
Map1s,6,12
Map2,38,26
Map2k1,19,20
Map2k2,35,33
Map2k3,23,25
Map2k3os,0,1
Map2k4,15,13
Map2k5,18,17
Map2k6,5,7
Map2k7,24,25
Map3k1,137,141
Map3k10,10,12
Map3k11,19,16
Map3k12,9,14
Map3k13,15,20
Map3k14,14,13
Map3k15,1,2
Map3k19,0,0
Map3k2,39,39
Map3k20,12,12
Map3k21,10,9
Map3k3,19,12
Map3k4,29,30
Map3k5,33,31
Map3k6,10,7
Map3k7,25,25
Map3k8,12,8
Map3k9,25,14
Map4,51,51
Map4k1,1,0
Map4k2,13,13
Map4k3,39,34
Map4k4,153,129
Map4k5,15,21
Map6,0,0
Map6d1,0,0
Map7,41,52
Map7d1,41,63
Mapk1,49,53
Mapk11,3,3
Mapk12,1,0
Mapk13,9,17
Mapk14,36,32
Mapk15,0,0
Mapk1ip1,7,4
Mapk1ip1l,37,30
Mapk3,44,45
Mapk4,0,0
Mapk6,24,24
Mapk7,6,8
Mapk8,13,12
Mapk8ip1,18,13
Mapk8ip3,84,71
Mapk9,17,18
Mapkap1,16,14
Mapkapk2,38,39
Mapkapk3,11,13
Mapkapk5,2,0
Mapkbp1,49,50
Mapre1,27,27
Mapre2,7,8
Mapre3,0,3
Mapt,3,2
Marchf1,2,1
Marchf10,0,0
Marchf11,0,0
Marchf2,13,11
Marchf3,7,9
Marchf5,10,9
Marchf6,39,35
Marchf7,57,54
Marchf8,49,38
Marchf9,7,4
Marcks,49,42
Marcksl1,46,42
Marf1,67,45
Mark1,0,1
Mark2,72,75
Mark3,57,55
Mark4,40,43
Mars1,24,17
Mars2,15,9
Marveld1,31,34
Marveld2,16,10
Marveld3,40,42
Mas1,1,1
Maskbp3,1,0
Masp1,0,1
Mast1,12,15
Mast2,51,41
Mast3,15,23
Mast4,112,99
Mastl,4,5
Mat2a,68,58
Mat2b,11,12
Matcap1,6,8
Matk,4,2
Matn2,4,3
Matr3,33,28
Mau2,73,69
Mavs,10,15
Max,25,40
Maz,42,36
Mb,0,0
Mb21d2,6,1
Mbd1,50,35
Mbd2,46,28
Mbd3,30,33
Mbd4,2,1
Mbd5,36,31
Mbd6,70,56
Mbip,1,1
Mblac1,1,1
Mblac2,1,5
Mbnl1,30,23
Mbnl2,154,135
Mbnl3,5,2
Mboat1,11,12
Mboat2,19,23
Mboat7,18,15
Mbp,11,7
Mbtd1,37,34
Mbtps1,83,84
Mbtps2,13,10
Mc5r,1,0
Mcam,24,19
Mcat,5,6
Mcc,64,50
Mccc1,11,15
Mccc2,13,10
Mcee,0,1
Mcf2l,21,17
Mcfd2,45,37
Mcl1,108,100
Mcm10,5,5
Mcm2,10,13
Mcm3,11,10
Mcm3ap,28,45
Mcm4,10,11
Mcm5,18,22
Mcm6,13,10
Mcm7,25,14
Mcm8,5,1
Mcm9,17,7
Mcmbp,25,31
Mcmdc2,3,1
Mcoln1,25,25
Mcph1,21,15
Mcrip1,21,16
Mcrip2,3,7
Mcrs1,11,13
Mctp1,1,1
Mctp2,14,10
Mcts1,4,3
Mcts2,3,3
Mcu,11,4
Mcur1,16,13
Mdc1,26,20
Mdfi,10,13
Mdfic,15,9
Mdga1,1,2
Mdga2,0,1
Mdh1,25,24
Mdh2,33,24
Mdk,1,1
Mdm1,3,2
Mdm2,26,22
Mdm4,92,79
Mdn1,64,61
Mdp1,7,5
Me1,37,22
Me2,1,3
Mea1,8,8
Meaf6,12,14
Meak7,7,10
Mecom,2,4
Mecomos,1,0
Mecp2,37,39
Mecr,12,11
Med1,64,52
Med10,6,6
Med11,5,5
Med12,49,39
Med12l,8,6
Med13,69,66
Med13l,100,101
Med14,54,48
Med15,42,33
Med16,21,14
Med17,15,13
Med18,5,2
Med19,6,2
Med20,9,8
Med21,1,4
Med22,21,11
Med23,21,21
Med24,30,39
Med25,29,31
Med26,12,10
Med27,4,5
Med28,4,7
Med29,3,1
Med30,1,2
Med31,1,0
Med4,9,7
Med6,7,2
Med7,6,4
Med8,7,8
Med9,5,6
Medag,0,0
Mef2a,18,26
Mef2c,8,7
Mef2d,83,70
Mefv,1,1
Meg3,29,27
Megf10,0,1
Megf11,7,11
Megf6,61,46
Megf8,122,103
Megf9,5,4
Meiosin,1,0
Meis1,22,28
Meis2,0,0
Meis3,5,6
Melk,6,8
Meltf,14,19
Memo1,15,15
Men1,10,17
Meox1,0,2
Meox2,0,1
Mepce,25,24
Mertk,6,9
Mesd,13,5
Mest,3,2
Met,53,32
Metap1,21,16
Metap1d,7,6
Metap2,39,30
Metrn,7,2
Metrnl,2,3
Mettl1,10,11
Mettl13,13,11
Mettl14,14,13
Mettl15,1,2
Mettl16,19,16
Mettl17,24,20
Mettl18,0,0
Mettl2,16,14
Mettl21a,2,3
Mettl21c,0,1
Mettl22,4,7
Mettl23,0,2
Mettl25,2,3
Mettl25b,18,13
Mettl26,4,4
Mettl27,5,4
Mettl3,10,9
Mettl4,10,2
Mettl5,0,4
Mettl5os,1,0
Mettl6,14,13
Mettl8,3,3
Mettl9,9,14
Mex3a,31,35
Mex3b,0,1
Mex3c,24,24
Mex3d,24,13
Mexis,1,2
Mfap1a,8,5
Mfap1b,1,0
Mfap2,1,0
Mfap3,20,17
Mfap3l,7,3
Mfap4,3,2
Mfap5,7,2
Mff,27,23
Mfge8,251,242
Mfhas1,7,6
Mfn1,32,22
Mfn2,28,21
Mfng,2,0
Mfrp,1,0
Mfsd1,19,13
Mfsd10,11,16
Mfsd11,26,23
Mfsd12,20,20
Mfsd13a,7,7
Mfsd14a,15,9
Mfsd14b,22,19
Mfsd2a,3,1
Mfsd2b,5,9
Mfsd3,2,1
Mfsd4a,34,29
Mfsd4b4,5,6
Mfsd4b5,0,1
Mfsd5,5,5
Mfsd6,101,78
Mfsd6l,0,0
Mfsd8,5,2
Mfsd9,0,1
Mga,84,79
Mgam,6,4
Mgat1,19,15
Mgat2,15,18
Mgat3,0,2
Mgat4a,38,31
Mgat4b,12,12
Mgat5,16,19
Mgl2,1,0
Mgll,27,18
Mgme1,2,2
Mgmt,1,0
Mgp,1,4
Mgrn1,42,38
Mgst1,42,52
Mgst2,0,0
Mgst3,1,2
Mia2,46,43
Mia3,127,127
Miat,0,0
Mib1,106,104
Mib2,24,25
Mical1,4,2
Mical2,25,26
Mical3,127,124
Micall1,78,64
Micall2,14,9
Micos10,10,11
Micos13,3,1
Micu1,15,9
Micu2,21,20
Micu3,3,1
Mid1,5,4
Mid1ip1,5,4
Mid2,31,26
Mideas,37,33
Midn,81,60
Mief1,22,32
Mief2,1,3
Mien1,10,2
Mier1,45,40
Mier2,17,19
Mier3,17,14
Mif,5,4
Mif4gd,12,11
Miga1,27,23
Miga2,15,20
Miip,18,19
Mill2,0,2
Milr1,1,0
Mindy1,26,29
Mindy2,42,34
Mindy3,12,8
Mindy4,3,2
Mindy4b-ps,0,1
Mink1,55,41
Minpp1,11,9
Mios,10,11
Mipep,7,4
Mipepos,1,1
Mipol1,3,3
Mir100hg,5,4
Mir103-2,1,0
Mir1190,0,0
Mir1191b,1,0
Mir1192,1,1
Mir1195,1,1
Mir1198,0,0
Mir1291,0,1
Mir133a-1hg,6,5
Mir142hg,1,1
Mir145a,2,0
Mir146b,1,4
Mir148b,1,0
Mir17hg,15,7
Mir181a-1hg,29,27
Mir181a-2,1,2
Mir186,0,0
Mir1898,0,0
Mir1907,4,1
Mir190a,1,0
Mir1927,1,1
Mir1938,0,0
Mir193b,1,1
Mir194-1,2,1
Mir1942,0,0
Mir1943,0,1
Mir1957a,1,1
Mir195a,1,0
Mir200b,1,3
Mir205hg,7,5
Mir223hg,2,1
Mir22hg,13,4
Mir26b,0,0
Mir27a,1,2
Mir296,0,0
Mir297c,0,0
Mir3058,0,0
Mir3060,3,2
Mir3081,0,1
Mir3091,2,0
Mir3109,0,0
Mir329,0,1
Mir343,2,3
Mir3473d,1,0
Mir3473g,1,1
Mir365-1,0,1
Mir365-2,0,1
Mir376c,0,1
Mir378b,1,1
Mir467f,1,1
Mir500,1,0
Mir503hg,3,4
Mir5099,1,1
Mir5100,2,0
Mir5110,1,0
Mir5123,1,1
Mir5125,7,12
Mir5618,0,1
Mir5623,1,1
Mir6236,5824,6315
Mir6240,4,2
Mir6352,0,0
Mir6374,2,2
Mir6386,0,1
Mir6538,66,50
Mir6546,0,0
Mir669n,1,1
Mir670hg,0,0
Mir6904,0,0
Mir6910,1,1
Mir6917,1,0
Mir6939,1,0
Mir6940,0,2
Mir6942,1,0
Mir6961,2,0
Mir697,1,0
Mir6979,1,1
Mir6995,0,1
Mir6998,0,0
Mir7-1,3,1
Mir7001,2,1
Mir7005,0,0
Mir7013,0,1
Mir7022,0,1
Mir7027,0,0
Mir703,1,1
Mir7052,0,1
Mir7063,2,2
Mir7212,0,0
Mir7227,0,0
Mir7239,0,0
Mir7651,0,0
Mir7664,0,1
Mir8094,0,1
Mir8103,1,1
Mir8116,1,1
Mir9-2hg,6,1
Mir92b,1,0
Mir99ahg,21,16
Mir99b,3,3
Mirc35hg,6,4
Mirg,2,0
Mirlet7c-1,0,1
Mirt1,2,2
Mis12,8,5
Mis18a,2,1
Mis18bp1,8,5
Misp,2,0
Misp3,2,4
Mitd1,8,4
Mitf,2,2
Mix23,4,3
Mki67,188,160
Mkks,0,0
Mkln1,96,70
Mkln1os,3,2
Mknk1,16,15
Mknk2,81,75
Mkrn1,27,18
Mkrn2,8,7
Mks1,1,2
Mkx,1,2
Mlec,237,205
Mlf2,41,38
Mlh1,13,14
Mlh3,10,8
Mlkl,10,4
Mllt1,31,31
Mllt10,48,37
Mllt11,8,10
Mllt3,37,33
Mllt6,106,98
Mlph,107,80
Mlst8,15,12
Mlx,7,8
Mlxip,135,117
Mlxipl,7,6
Mlycd,8,3
Mmaa,11,10
Mmab,9,6
Mmachc,1,2
Mmadhc,10,8
Mmd,1,2
Mme,8,3
Mmgt1,13,17
Mmgt2,7,4
Mmp11,4,2
Mmp12,0,0
Mmp13,0,0
Mmp14,9,8
Mmp15,153,163
Mmp16,8,10
Mmp19,3,1
Mmp2,1,3
Mmp23,1,0
Mmp24,3,1
Mmp24os1,4,2
Mmp25,2,2
Mmp28,0,0
Mmp3,1,0
Mmp7,0,0
Mmp9,0,0
Mmrn2,6,5
Mms19,27,23
Mms22l,8,11
Mmut,11,9
Mn1,1,1
Mnat1,9,6
Mns1,0,1
Mnt,19,21
Mnx1,1,1
Mob1a,26,22
Mob1b,26,20
Mob2,26,15
Mob3a,18,12
Mob3b,25,26
Mob3c,7,9
Mob4,11,8
Mocos,17,15
Mocs1,25,26
Mocs2,9,4
Mocs3,3,2
Mogat1,0,1
Mogs,43,30
Mok,0,1
Mon1a,14,12
Mon1b,20,10
Mon2,65,68
Morc2a,44,48
Morc3,15,17
Morc4,14,14
Morf4l1,49,46
Morf4l2,42,41
Morn1,4,5
Morn2,0,1
Morn3,1,0
Morn4,3,5
Morrbid,7,19
Mosmo,15,12
Mospd1,3,2
Mospd2,27,20
Mospd3,16,16
Mospd4,0,0
Mov10,19,26
Moxd1,0,2
Mpc1,1,0
Mpc2,15,11
Mpdu1,12,19
Mpdz,11,7
Mpeg1,16,11
Mpg,3,5
Mphosph10,8,9
Mphosph6,6,2
Mphosph8,9,11
Mphosph9,18,17
Mpi,10,11
Mpig6b,1,1
Mplkip,9,5
Mpnd,34,29
Mpp1,8,6
Mpp2,0,1
Mpp3,0,1
Mpp4,1,0
Mpp7,27,19
Mppe1,3,3
Mpped2,0,0
Mprip,141,150
Mpst,12,9
Mpv17,3,1
Mpv17l,1,2
Mpv17l2,8,8
Mpzl1,36,35
Mpzl2,9,5
Mpzl3,22,19
Mr1,3,4
Mrap2,0,1
Mras,2,2
Mrc1,5,9
Mrc2,7,8
Mre11a,18,15
Mreg,1,1
Mrfap1,37,44
Mrgbp,16,11
Mrgpre,0,0
Mrgprf,1,1
Mri1,7,5
Mrln,1,1
Mrm1,3,1
Mrm2,5,3
Mrm3,2,3
Mrnip,1,1
Mroh1,62,53
Mroh2a,5,6
Mroh3,1,3
Mroh5,0,0
Mroh6,1,3
Mroh8,0,0
Mrpl1,4,4
Mrpl10,5,2
Mrpl11,9,6
Mrpl12,14,16
Mrpl13,7,7
Mrpl14,3,2
Mrpl15,11,4
Mrpl16,1,2
Mrpl17,13,17
Mrpl18,8,4
Mrpl19,7,6
Mrpl2,8,2
Mrpl20,4,7
Mrpl21,1,1
Mrpl22,2,1
Mrpl23,7,4
Mrpl24,15,8
Mrpl27,1,0
Mrpl27-ps,3,1
Mrpl28,5,2
Mrpl3,13,13
Mrpl30,6,5
Mrpl32,5,6
Mrpl33,10,11
Mrpl35,1,2
Mrpl36,7,7
Mrpl37,17,16
Mrpl38,8,8
Mrpl39,6,5
Mrpl4,16,20
Mrpl40,4,5
Mrpl41,4,4
Mrpl42,4,4
Mrpl43,3,3
Mrpl44,2,7
Mrpl45,9,8
Mrpl46,1,1
Mrpl47,0,1
Mrpl48,5,4
Mrpl48-ps,1,0
Mrpl49,9,7
Mrpl50,6,7
Mrpl51,6,4
Mrpl52,4,4
Mrpl53,4,5
Mrpl54,11,11
Mrpl55,4,5
Mrpl57,8,6
Mrpl58,10,5
Mrpl9,6,10
Mrps10,10,5
Mrps11,2,4
Mrps12,4,4
Mrps14,5,3
Mrps15,15,5
Mrps16,5,5
Mrps17,9,9
Mrps18a,8,3
Mrps18b,1,0
Mrps2,8,5
Mrps21,8,2
Mrps22,2,3
Mrps23,10,6
Mrps24,6,3
Mrps25,7,5
Mrps26,11,9
Mrps27,3,2
Mrps28,3,2
Mrps30,4,3
Mrps31,3,4
Mrps34,7,1
Mrps35,11,10
Mrps5,6,7
Mrps6,15,20
Mrps7,12,12
Mrps9,11,8
Mrrf,3,4
Mrs2,18,18
Mrtfa,35,30
Mrtfb,45,50
Mrto4,11,7
Ms4a1,1,0
Ms4a14,1,2
Ms4a4d,0,0
Ms4a6b,1,3
Ms4a6d,0,1
Ms4a7,1,1
Msantd1,2,1
Msantd2,7,9
Msantd3,3,3
Msantd4,5,5
Msantd7,5,4
Msc,0,1
Msh2,9,6
Msh3,11,12
Msh4,1,1
Msh5,4,3
Msh6,18,14
Msi1,0,0
Msi2,82,69
Msl1,68,72
Msl2,36,27
Msl3,12,12
Msl3l2,0,1
Msln,0,0
Msmo1,7,7
Msn,57,46
Msr1,0,1
Msra,2,4
Msrb1,21,24
Msrb2,3,5
Msrb3,5,4
Mss51,6,4
Mst1,2,2
Mst1r,1,1
Msto1,6,5
Msx1,0,0
Msx2,0,0
Msx3,1,2
Mt1,17,11
Mt2,0,0
Mt4,0,0
Mta1,18,13
Mta2,39,30
Mta3,32,18
Mtap,3,1
Mtarc1,0,1
Mtarc2,20,17
Mtbp,5,7
Mtch1,28,22
Mtch2,23,17
Mtcl1,7,6
Mtcl2,7,7
Mtcl3,3,1
Mtcp1,2,6
Mtdh,70,58
Mterf1a,2,3
Mterf1b,1,1
Mterf2,1,0
Mterf3,5,3
Mterf4,8,3
Mtf1,11,16
Mtf2,20,15
Mtfmt,5,2
Mtfp1,0,1
Mtfr1,21,15
Mtfr1l,16,11
Mtfr2,0,2
Mtg1,3,1
Mtg2,6,7
Mthfd1,14,6
Mthfd1l,5,7
Mthfd2,4,2
Mthfd2l,1,3
Mthfr,20,16
Mthfs,3,2
Mthfsd,31,32
Mthfsl,4,4
Mtif2,24,21
Mtif3,7,6
Mtln,2,0
Mtm1,11,8
Mtmr1,20,17
Mtmr10,21,14
Mtmr11,3,2
Mtmr12,38,41
Mtmr14,18,13
Mtmr2,26,18
Mtmr3,26,29
Mtmr4,25,18
Mtmr6,9,9
Mtmr7,5,5
Mtmr9,9,10
Mtnap1,8,7
Mto1,9,7
Mtor,44,40
Mtpap,12,12
Mtpn,27,39
Mtr,21,17
Mtres1,5,3
Mtrex,9,9
Mtrf1,1,1
Mtrf1l,2,10
Mtrfr,1,2
Mtrr,10,5
Mtss1,101,110
Mtss2,188,169
Mttp,5,5
Mturn,2,7
Mtus1,74,69
Mtus2,0,0
Mtx1,10,5
Mtx2,5,5
Mtx3,19,16
Muc1,21,20
Muc12,1,0
Muc15,148,144
Muc2,2,2
Muc20,13,9
Muc4,30,27
Muc5b,3,0
Muc6,8,10
Mul1,6,7
Mup4,0,1
Mus81,6,11
Mustn1,0,1
Mvb12a,9,5
Mvb12b,21,8
Mvd,4,3
Mvk,4,6
Mvp,33,32
Mx1,6,3
Mx2,3,0
Mxd1,10,13
Mxd3,2,1
Mxd4,127,120
Mxi1,9,8
Mxra7,1,2
Mxra8,0,5
Myadm,106,98
Myb,2,1
Mybbp1a,36,40
Mybl1,6,4
Mybl2,3,3
Mybpc2,1,1
Mybph,1,1
Myc,33,34
Mycbp,4,4
Mycbp2,104,76
Mycbpap,1,4
Mycl,0,0
Mycn,1,0
Myct1,1,1
Myd88,10,12
Mydgf,11,15
Myef2,12,7
Myef2l,0,0
Myg1,7,6
Myh10,13,7
Myh11,3,5
Myh14,37,81
Myh7b,1,2
Myh9,613,580
Myl12a,5,4
Myl12b,0,0
Myl6,60,54
Myl6b,1,1
Myl9,2,2
Mylip,30,26
Mylk,8,12
Mylk2,1,1
Mylk4,1,0
Mylpf,1,0
Mymk,0,1
Mynn,10,10
Myo10,178,151
Myo15b,2,0
Myo18a,127,113
Myo19,17,13
Myo1a,1,2
Myo1b,22,26
Myo1c,89,65
Myo1d,31,20
Myo1e,52,45
Myo1f,1,1
Myo1g,3,1
Myo3b,0,0
Myo5a,15,10
Myo5b,37,29
Myo5c,89,74
Myo6,53,57
Myo7a,2,2
Myo9a,62,45
Myo9b,76,64
Myoc,0,1
Myof,97,92
Myom1,1,0
Myorg,6,9
Myoz3,0,0
Mypop,2,4
Mypopos,5,3
Myrf,7,2
Myrfl,1,0
Myrip,1,0
Mysm1,22,30
Myzap,10,9
Mzf1,5,5
Mzt1,7,8
Mzt2,3,2
N4bp1,28,25
N4bp2,32,27
N4bp2l1,2,2
N4bp2l2,41,39
N4bp2os,3,4
N4bp3,19,21
N6amt1,5,4
Naa10,6,7
Naa12,24,34
Naa15,37,27
Naa16,17,20
Naa20,3,0
Naa25,27,31
Naa30,12,12
Naa35,18,20
Naa38,0,1
Naa40,24,22
Naa50,31,32
Naa60,14,9
Naa80,4,1
Naalad2,3,2
Naaladl1,1,3
Naaladl2,22,20
Nab1,38,26
Nab2,10,13
Nabp1,24,29
Nabp2,8,12
Naca,26,34
Nacad,1,3
Nacc1,42,35
Nacc2,24,18
Nadk,40,32
Nadk2,5,8
Nadsyn1,5,6
Nae1,8,8
Naf1,6,5
Naga,10,10
Nagk,9,10
Naglu,6,10
Nagpa,4,10
Naif1,5,3
Naip2,4,7
Naip5,4,4
Naip6,1,1
Nampt,17,9
Nanos1,0,1
Nanos3,0,1
Nans,36,42
Nap1l1,23,28
Nap1l3,2,2
Nap1l4,19,27
Nap1l5,0,1
Napa,29,21
Napb,5,5
Napepld,4,4
Napg,25,15
Naprt,0,1
Narf,24,25
Nars1,70,49
Nars2,10,6
Nasp,23,15
Nat10,27,22
Nat14,1,0
Nat2,1,1
Nat8f1,2,2
Nat8f2,5,5
Nat8f4,3,4
Nat8l,1,1
Nat9,4,5
Natd1,18,13
Nav1,20,20
Nav2,28,30
Nav3,69,75
Naxd,19,20
Naxe,4,1
Nbas,30,28
Nbdy,3,5
Nbea,134,137
Nbeal1,41,46
Nbeal2,69,59
Nbl1,3,1
Nbn,10,11
Nbr1,95,94
Ncald,44,51
Ncam1,0,1
Ncapd2,35,27
Ncapd3,14,16
Ncapg,4,7
Ncapg2,5,9
Ncaph,8,8
Ncaph2,46,50
Ncbp1,12,16
Ncbp2,6,5
Ncbp2as2,0,1
Ncbp3,19,19
Nccrp1,1,0
Ncdn,29,18
Nceh1,3,3
Ncf1,0,2
Ncf2,2,0
Ncf4,3,1
Nck1,11,10
Nck2,62,40
Nckap1,24,35
Nckap1l,4,6
Nckap5,1,4
Nckap5l,5,6
Nckipsd,1,5
Ncl,246,229
Ncln,40,45
Ncmap,2,0
Ncoa1,41,46
Ncoa2,45,43
Ncoa3,67,61
Ncoa4,8,10
Ncoa5,30,26
Ncoa6,57,52
Ncoa7,17,9
Ncor1,152,138
Ncor2,179,199
Ncr3-ps,0,0
Ncs1,0,0
Ncstn,40,45
Ndc1,5,8
Ndc80,3,1
Nde1,13,8
Ndel1,28,32
Ndfip1,21,22
Ndfip2,30,32
Ndn,0,1
Ndor1,7,4
Ndp,0,0
Ndrg1,39,37
Ndrg2,3,2
Ndrg3,9,7
Ndrg4,0,1
Ndst1,209,174
Ndst2,23,21
Ndufa1,0,0
Ndufa10,24,15
Ndufa11,3,2
Ndufa12,2,1
Ndufa13,20,18
Ndufa2,8,8
Ndufa3,8,9
Ndufa4,8,6
Ndufa4l2,1,1
Ndufa5,1,1
Ndufa6,13,7
Ndufa7,11,9
Ndufa8,8,3
Ndufa9,3,6
Ndufab1,11,12
Ndufaf1,11,8
Ndufaf2,1,0
Ndufaf3,2,2
Ndufaf4,3,1
Ndufaf5,3,1
Ndufaf6,2,0
Ndufaf7,4,2
Ndufaf8,5,2
Ndufb1,1,2
Ndufb10,9,12
Ndufb11,14,9
Ndufb2,14,5
Ndufb3,3,4
Ndufb4,4,2
Ndufb5,8,10
Ndufb6,1,2
Ndufb7,16,13
Ndufb8,5,4
Ndufb9,7,6
Ndufc1,3,0
Ndufc2,7,5
Ndufs1,17,16
Ndufs2,19,19
Ndufs3,15,14
Ndufs4,7,4
Ndufs5,0,1
Ndufs5-ps,3,2
Ndufs6,2,2
Ndufs7,7,4
Ndufs8,6,3
Ndufv1,18,14
Ndufv2,7,9
Ndufv3,17,12
Neat1,3643,3683
Neb,3,3
Nebl,1,0
Necab2,1,1
Necab3,1,2
Necap1,8,7
Necap2,18,19
Nectin1,51,39
Nectin2,22,22
Nectin3,3,2
Nectin4,27,24
Nedd1,11,4
Nedd4,261,266
Nedd4l,108,104
Nedd8,10,6
Nedd9,42,34
Nefh,1,0
Neil1,2,1
Neil2,2,1
Neil3,13,8
Nek1,25,22
Nek2,16,16
Nek3,3,3
Nek4,8,15
Nek6,27,30
Nek7,29,19
Nek8,3,3
Nek9,40,40
Nelfa,6,1
Nelfb,22,21
Nelfcd,14,15
Nelfe,15,11
Nemf,41,32
Nemp1,8,8
Nemp2,9,4
Nenf,2,1
Neo1,23,32
Nepro,6,5
Nes,144,128
Net1,12,6
Neto2,3,1
Neu1,24,15
Neu2,0,2
Neu3,1,0
Neurl1a,2,0
Neurl1b,3,2
Neurl3,4,3
Neurl4,33,33
Neurod2,0,0
Nexmif,5,5
Nexn,6,3
Nf1,268,246
Nf2,40,46
Nfam1,3,4
Nfasc,0,1
Nfat5,160,128
Nfatc1,15,5
Nfatc2,13,11
Nfatc2ip,2,3
Nfatc3,34,31
Nfatc4,3,1
Nfe2,2,2
Nfe2l1,147,140
Nfe2l2,17,15
Nfe2l3,5,9
Nfia,77,85
Nfib,642,600
Nfic,169,129
Nfil3,4,5
Nfix,429,407
Nfkb1,54,41
Nfkb2,22,19
Nfkbia,29,30
Nfkbib,2,4
Nfkbid,4,3
Nfkbie,2,3
Nfkbil1,7,10
Nfkbiz,29,26
Nfrkb,34,25
Nfs1,7,7
Nfu1,5,4
Nfx1,49,53
Nfxl1,27,24
Nfya,41,21
Nfyb,11,10
Nfyc,18,12
Nfyc-ps,0,0
Ngdn,8,10
Ngef,2,0
Ngly1,18,12
Ngp,0,1
Ngrn,8,10
Nhej1,2,2
Nherf1,36,30
Nherf2,30,19
Nherf4,1,1
Nhlh2,1,0
Nhlrc1,0,0
Nhlrc2,19,16
Nhlrc3,15,15
Nhp2,9,4
Nhs,6,5
Nhsl1,165,165
Nhsl2,0,3
Nhsl3,102,86
Niban1,1,2
Niban2,118,106
Niban3,4,4
Nicn1,2,2
Nid1,10,5
Nid2,3,1
Nif3l1,4,4
Nifk,11,11
Nim1k,1,1
Nin,36,36
Ninj1,11,12
Ninl,5,6
Nip7,4,4
Nipa1,0,2
Nipa2,7,11
Nipal1,0,0
Nipal2,34,32
Nipal3,10,10
Nipal4,0,1
Nipbl,87,97
Nipsnap1,3,6
Nipsnap2,3,4
Nipsnap3b,4,3
Nisch,265,230
Nit1,8,8
Nit2,4,6
Nkain1,0,0
Nkap,12,9
Nkapd1,7,9
Nkapl,0,0
Nkd1,0,1
Nkd2,5,4
Nkiras1,4,2
Nkiras2,8,8
Nkpd1,1,0
Nkrf,7,2
Nktr,282,253
Nkx2-1,0,4
Nkx3-1,7,1
Nkx6-2,1,1
Nkx6-3,2,1
Nle1,5,7
Nlgn2,12,13
Nlgn4l,10,11
Nlk,11,14
Nln,14,11
Nlrc3,4,4
Nlrc4,3,2
Nlrc5,8,6
Nlrp10,0,0
Nlrp12,1,1
Nlrp1b,1,1
Nlrp3,0,2
Nlrp9b,4,4
Nlrx1,25,24
Nmb,1,1
Nmd3,12,9
Nme1,1,3
Nme2,2,4
Nme4,1,2
Nme5,0,1
Nme6,3,4
Nme7,6,5
Nmi,1,0
Nmnat1,3,8
Nmnat3,4,3
Nmral1,1,4
Nmrk1,5,4
Nmt1,43,36
Nmt2,25,19
Nnat,19,17
Nnt,2,0
Noa1,5,7
Nob1,12,12
Noc2l,38,35
Noc3l,11,7
Noc4l,6,6
Noct,5,3
Nod1,22,14
Nod2,5,5
Nodal,0,0
Nog,2,3
Nol10,9,11
Nol11,12,1
Nol12,15,10
Nol3,2,1
Nol4l,49,49
Nol6,26,21
Nol7,15,22
Nol8,10,12
Nol9,22,16
Nolc1,24,18
Nom1,25,31
Nomo1,39,33
Nono,62,57
Nop10,4,3
Nop14,10,10
Nop16,10,9
Nop2,12,13
Nop53,37,25
Nop56,15,14
Nop58,25,19
Nop9,11,4
Nopchap1,31,43
Norad,19,18
Nos1,1,0
Nos1ap,29,27
Nos2,1,0
Nos3,0,2
Nosip,11,10
Nostrin,0,3
Notch1,134,112
Notch2,80,60
Notch3,62,58
Notch4,7,12
Notum,0,0
Notumos,1,0
Nova2,5,3
Nox4,0,2
Noxa1,0,0
Noxo1,0,0
Noxred1,1,1
Npas1,1,0
Npas2,11,8
Npas3,5,2
Npat,14,14
Npc1,20,27
Npc2,23,23
Npdc1,48,45
Npepl1,25,15
Npepps,41,52
Npff,4,2
Nphp1,2,5
Nphp3,3,7
Nphp4,1,1
Npl,1,0
Nploc4,40,27
Npm1,44,43
Npm2,0,2
Npm3,7,9
Npn2,1,0
Npnt,109,107
Npr1,3,0
Npr2,8,4
Npr3,2,0
Nprl2,5,7
Nprl3,4,6
Nps,1,1
Nptn,30,28
Nptxr,0,1
Npy,0,1
Nqo1,5,6
Nqo2,6,3
Nr1d1,4,0
Nr1d2,9,8
Nr1h2,38,34
Nr1h3,0,2
Nr1h5,6,3
Nr1i3,1,0
Nr2c1,9,10
Nr2c2,35,43
Nr2c2ap,5,4
Nr2f1,2,1
Nr2f2,2,2
Nr2f6,13,9
Nr3c1,54,33
Nr3c2,10,9
Nr4a1,31,28
Nr4a2,2,2
Nr4a3,2,0
Nr6a1,13,13
Nr6a1os,4,1
Nradd,0,0
Nrap,0,0
Nras,50,42
Nrbf2,2,2
Nrbp1,23,16
Nrbp2,115,96
Nrdc,62,40
Nrde2,16,16
Nrep,54,39
Nrf1,19,28
Nrg1,4,4
Nrg2,17,13
Nrg4,1,0
Nrip1,64,65
Nrip2,8,5
Nrip3,1,0
Nrk,1,2
Nrm,0,0
Nron,0,1
Nrp1,3,5
Nrp2,6,7
Nrros,2,0
Nrtn,11,13
Nrxn2,2,1
Nsa2,5,2
Nscme3l,2,1
Nsd1,266,226
Nsd2,76,61
Nsd3,80,71
Nsdhl,3,4
Nsf,14,17
Nsfl1c,15,3
Nsg1,3,4
Nsl1,4,2
Nsmaf,24,26
Nsmce1,3,2
Nsmce2,7,5
Nsmce3,11,5
Nsmce4a,9,8
Nsmf,52,50
Nsrp1,12,9
Nsun2,33,34
Nsun3,2,6
Nsun4,7,6
Nsun5,7,7
Nsun6,4,2
Nt5c,11,20
Nt5c2,60,61
Nt5c3,2,3
Nt5c3b,2,5
Nt5dc1,3,8
Nt5dc2,5,2
Nt5dc3,11,10
Nt5e,13,9
Nt5m,14,9
Ntan1,11,9
Ntaq1,7,7
Ntf5,1,1
Nthl1,4,2
Ntmt1,7,7
Ntn1,82,83
Ntn3,9,8
Ntn4,7,6
Ntng1,1,1
Ntng2,2,0
Ntpcr,5,2
Ntrk1,2,3
Ntrk2,2,2
Ntrk3,3,2
Nuak1,1,4
Nuak2,6,5
Nub1,11,12
Nubp1,6,3
Nubp2,3,1
Nubpl,1,0
Nucb1,78,52
Nucb2,34,40
Nucks1,72,49
Nudc,17,18
Nudc-ps1,0,0
Nudcd1,11,10
Nudcd2,3,7
Nudcd3,47,29
Nudt1,1,0
Nudt12,1,2
Nudt13,21,18
Nudt14,2,1
Nudt15,1,0
Nudt16l1,10,11
Nudt18,7,14
Nudt19,1,1
Nudt2,4,1
Nudt21,9,6
Nudt22,1,5
Nudt3,34,28
Nudt4,46,45
Nudt5,8,13
Nudt6,3,1
Nudt7,3,4
Nudt9,5,2
Nuf2,5,7
Nufip1,4,5
Nufip2,52,48
Numa1,196,193
Numb,52,35
Numbl,2,1
Nup107,10,11
Nup133,16,10
Nup153,36,34
Nup155,17,23
Nup160,26,22
Nup188,16,28
Nup205,26,20
Nup210,20,17
Nup210l,2,2
Nup214,33,30
Nup35,3,1
Nup37,1,1
Nup42,0,2
Nup43,3,4
Nup50,20,14
Nup54,4,5
Nup62,8,12
Nup85,16,15
Nup88,22,21
Nup93,10,7
Nup98,44,40
Nupr1,31,17
Nus1,35,29
Nusap1,8,4
Nutf2,2,5
Nvl,21,26
Nxf1,88,67
Nxf7,1,2
Nxn,15,11
Nxpe3,0,0
Nxpe5,1,1
Nxph4,0,0
Nxt1,1,0
Nxt2,1,3
Nynrin,5,3
Nyx,0,0
Oacyl,0,2
Oaf,6,5
Oard1,7,7
Oas1a,5,0
Oas1b,8,5
Oas1c,1,2
Oas1g,3,3
Oas2,11,19
Oas3,1,1
Oasl1,4,3
Oasl2,10,15
Oat,4,9
Oaz1,34,25
Oaz2,16,13
Obi1,1,2
Obscn,0,0
Obsl1,2,4
Ocel1,23,11
Ociad1,31,26
Ociad2,2,1
Ocln,8,8
Ocrl,23,20
Ocstamp,1,1
Odad1,2,3
Odad2,1,0
Odad4,6,7
Odaph,0,0
Odc1,3,3
Odf2,22,26
Odf2l,22,18
Odr4,31,26
Ofd1,6,6
Oga,91,91
Ogdh,64,47
Ogfod1,16,17
Ogfod2,9,5
Ogfod3,2,2
Ogfr,33,20
Ogfrl1,28,26
Ogg1,10,5
Ogn,1,2
Ogt,215,219
Oip5,1,1
Oip5os1,46,35
Oit3,0,1
Ola1,9,12
Olah,9,6
Olfm1,1,0
Olfm2,1,2
Olfml2a,0,1
Olfml2b,2,0
Olfml3,4,6
Oma1,7,9
Omd,0,1
Omg,6,5
Omp,8,9
Opa1,35,29
Opa3,17,7
Opcml,0,0
Ophn1,26,17
Oplah,12,13
Opn1sw,2,1
Opn3,1,0
Optn,10,10
Or10aa1,1,0
Or10ag59,0,1
Or10ak14,1,0
Or10k2,0,1
Or11m3,1,2
Or12j5,1,0
Or13c7,0,0
Or2h1b,1,0
Or2r2,1,0
Or2v2,1,0
Or2y1g,1,0
Or4d1,1,1
Or4f14b,0,1
Or4f62,1,0
Or51b17,0,0
Or51e2,1,1
Or51q1b-ps1,1,0
Or52i2,0,2
Or52p2,1,0
Or55b10,0,0
Or5b113,0,1
Or5bs2,1,1
Or5g9,1,1
Or5p1,0,0
Or5p80,0,0
Or5v1,1,0
Or5v1b,1,1
Or6x1,1,1
Or8j3c,0,1
Or8s8,0,1
Or9a7,1,0
Or9s14,0,0
Orai1,36,32
Orai2,1,0
Orai3,19,11
Orc1,4,5
Orc2,10,4
Orc3,6,14
Orc4,24,20
Orc5,7,3
Orc6,8,5
Ormdl1,2,5
Ormdl2,3,4
Ormdl3,43,39
Os9,81,82
Osbp,56,48
Osbp2,2,0
Osbpl10,11,11
Osbpl11,12,11
Osbpl1a,31,18
Osbpl2,18,20
Osbpl3,30,21
Osbpl5,14,13
Osbpl6,5,9
Osbpl7,49,42
Osbpl8,28,14
Osbpl9,34,31
Oscp1,1,1
Oser1,5,2
Osgep,6,9
Osgepl1,3,1
Osgin1,9,8
Osgin2,3,9
Osm,2,2
Osmr,45,45
Osr1,3,2
Osr2,1,0
Ost4,4,3
Ostc,15,18
Ostf1,12,5
Ostm1,13,6
Otoa,1,1
Otop1,2,3
Otop2,0,0
Otub1,18,22
Otub2,3,2
Otud1,1,1
Otud3,8,7
Otud4,37,44
Otud5,54,48
Otud6b,11,6
Otud7a,5,3
Otud7b,33,27
Otulin,9,11
Otulinl,1,1
Ovca2,4,2
Ovgp1,5,2
Ovol1,2,5
Ovol2,0,1
Ovol3,0,1
Oxa1l,23,13
Oxct1,37,30
Oxct1as,1,1
Oxct2a,0,0
Oxld1,0,1
Oxnad1,5,5
Oxr1,46,38
Oxsm,7,5
Oxsr1,31,31
Oxtr,0,3
P2rx3,0,1
P2rx4,36,38
P2rx5,2,1
P2rx7,33,26
P2ry1,1,3
P2ry12,3,0
P2ry13,1,1
P2ry14,1,2
P2ry2,2,2
P2ry6,1,0
P3h1,7,6
P3h2,18,12
P3h3,3,3
P3h4,4,4
P4ha1,1,2
P4ha2,4,1
P4hb,249,222
P4htm,0,1
Pa2g4,49,43
Pabir1,2,2
Pabir2,5,5
Pabpc1,173,144
Pabpc1l,1,2
Pabpc4,24,29
Pabpc4l,0,1
Pabpc6,0,0
Pabpn1,32,40
Pacc1,5,4
Pacs1,60,63
Pacs2,33,22
Pacsin1,0,0
Pacsin2,26,25
Pacsin3,17,17
Padi1,1,5
Padi2,21,22
Padi3,0,0
Padi4,7,3
Paf1,29,33
Pafah1b1,69,74
Pafah1b2,15,21
Pafah1b3,5,3
Pafah2,23,22
Pag1,9,9
Paics,17,15
Paip1,23,18
Paip2,23,24
Paip2b,43,41
Pak1,52,42
Pak1ip1,13,8
Pak2,47,52
Pak3,0,0
Pak4,35,29
Pak6,19,22
Pakap,1,1
Palb2,6,2
Pald1,12,11
Palld,14,14
Palm,2,4
Palmd,31,28
Pals1,19,17
Pals2,19,17
Pam,38,34
Pam16,0,0
Pamr1,1,1
Pan2,38,41
Pan3,102,101
Pank1,8,6
Pank2,10,10
Pank3,28,18
Pank4,26,17
Panx1,1,0
Panx2,2,3
Paox,1,1
Papln,124,122
Papola,82,61
Papolg,11,9
Pappa,114,100
Papss1,64,65
Papss2,1,0
Paqr3,3,2
Paqr4,2,4
Paqr6,7,2
Paqr7,2,1
Paqr8,0,0
Pard3,70,84
Pard3b,3,6
Pard3bos1,1,0
Pard6a,0,4
Pard6b,7,8
Pard6g,1,1
Parg,19,22
Park7,19,12
Parl,6,9
Parm1,19,18
Parn,9,9
Parp1,30,32
Parp10,19,18
Parp11,3,4
Parp12,9,6
Parp14,44,41
Parp16,6,8
Parp2,13,9
Parp3,3,5
Parp4,24,32
Parp6,24,24
Parp8,13,19
Parp9,17,14
Parpbp,3,2
Pars2,2,4
Particl,2,0
Parva,43,43
Parvaos,0,0
Parvb,4,4
Parvg,3,3
Pasd1,1,0
Pask,18,11
Patj,93,78
Patl1,20,18
Patl2,0,0
Patz1,14,12
Pawr,6,2
Pax6,1,0
Pax7,0,1
Paxbp1,47,31
Paxip1,23,27
Paxx,6,2
Pbdc1,15,5
Pbk,6,5
Pbp2,0,0
Pbrm1,62,59
Pbx1,91,66
Pbx2,22,19
Pbx3,4,2
Pbxip1,39,54
Pcbd1,0,1
Pcbd2,0,1
Pcbp2,90,104
Pcbp3,1,1
Pcbp4,13,5
Pcca,15,10
Pccb,7,15
Pcdh1,33,31
Pcdh10,2,1
Pcdh11x,0,1
Pcdh12,1,0
Pcdh18,40,40
Pcdh19,3,4
Pcdh7,3,0
Pcdha3,1,0
Pcdha6,0,0
Pcdhac2,1,2
Pcdhb10,1,0
Pcdhb11,1,1
Pcdhb12,1,1
Pcdhb13,0,1
Pcdhb14,2,2
Pcdhb15,1,3
Pcdhb16,0,2
Pcdhb17,1,2
Pcdhb19,3,2
Pcdhb20,3,2
Pcdhb22,1,2
Pcdhb4,0,0
Pcdhb5,1,1
Pcdhb7,1,1
Pcdhb8,1,0
Pcdhb9,2,2
Pcdhga1,1,0
Pcdhga11,1,1
Pcdhga12,2,3
Pcdhga3,0,2
Pcdhga4,1,1
Pcdhga5,4,1
Pcdhga6,3,3
Pcdhga7,4,3
Pcdhga8,2,0
Pcdhga9,4,4
Pcdhgb1,4,2
Pcdhgb4,2,5
Pcdhgb5,6,4
Pcdhgb6,8,6
Pcdhgb7,3,1
Pcdhgb8,7,4
Pcdhgc3,4,2
Pcdhgc4,7,6
Pcdhgc5,2,1
Pced1a,13,8
Pced1b,11,4
Pcf11,58,44
Pcgf1,4,3
Pcgf2,20,20
Pcgf3,47,45
Pcgf5,12,10
Pcgf6,9,7
Pcid2,7,11
Pcif1,28,29
Pck2,21,12
Pclaf,10,11
Pclo,1,1
Pcm1,45,35
Pcmt1,9,7
Pcmtd1,25,29
Pcmtd2,16,16
Pcna,3,4
Pcnp,2,6
Pcnt,48,57
Pcnx1,49,39
Pcnx2,1,1
Pcnx3,72,77
Pcnx4,2,4
Pcolce,8,4
Pcp2,0,0
Pcsk4,2,2
Pcsk5,10,8
Pcsk6,3,3
Pcsk7,44,55
Pcsk9,1,0
Pctp,1,0
Pcx,34,44
Pcyox1,38,23
Pcyox1l,6,7
Pcyt1a,21,14
Pcyt1b,0,1
Pcyt2,24,21
Pdap1,41,35
Pdcd10,2,0
Pdcd11,37,35
Pdcd2l,2,2
Pdcd4,36,35
Pdcd5,8,3
Pdcd5-ps,1,0
Pdcd6,4,8
Pdcd6ip,101,91
Pdcd7,14,8
Pdcl,9,8
Pdcl3,9,9
Pde10a,2,1
Pde11a,1,0
Pde12,9,8
Pde1a,0,0
Pde1b,3,6
Pde3a,2,2
Pde3b,1,1
Pde4a,14,14
Pde4b,22,22
Pde4c,15,7
Pde4d,32,32
Pde4dip,73,62
Pde5a,4,4
Pde6a,1,0
Pde6b,1,4
Pde6d,2,2
Pde7a,31,23
Pde7b,12,8
Pde8a,2,2
Pde8b,4,3
Pde9a,26,34
Pdf,1,1
Pdgfa,8,5
Pdgfb,8,5
Pdgfc,18,11
Pdgfd,1,1
Pdgfra,8,4
Pdgfrb,9,6
Pdgfrl,0,3
Pdha1,23,25
Pdhb,23,16
Pdhx,5,12
Pdia2,4,2
Pdia3,153,134
Pdia4,64,54
Pdia5,3,2
Pdia6,83,79
Pdik1l,7,5
Pdk1,17,18
Pdk2,26,23
Pdk3,1,2
Pdlim1,14,16
Pdlim2,1,1
Pdlim3,3,1
Pdlim4,33,20
Pdlim5,43,38
Pdlim7,10,12
Pdp1,0,1
Pdp2,8,11
Pdpk1,47,41
Pdpn,0,1
Pdpr,15,14
Pdrg1,11,13
Pds5a,77,60
Pds5b,40,25
Pdss1,10,4
Pdss2,9,6
Pdxdc1,40,29
Pdxk,32,29
Pdxp,1,3
Pdzd11,10,7
Pdzd2,86,102
Pdzd4,11,10
Pdzd7,5,5
Pdzd8,31,29
Pdzd9,0,1
Pdzk1ip1,3,6
Pdzrn3,35,32
Pdzrn4,2,4
Pea15a,31,26
Peak1,37,36
Peak1os,0,0
Pear1,5,5
Pebp1,7,7
Pecam1,13,11
Pecr,0,4
Peds1,14,14
Pef1,12,14
Peg10,0,0
Peg13,10,8
Peg3,201,180
Peli1,19,18
Peli2,1,5
Peli3,2,2
Pelo,5,2
Pelp1,33,27
Pemt,0,2
Pepd,15,18
Per1,198,199
Per2,114,89
Per3,34,28
Perm1,19,19
Perp,28,25
Pes1,21,16
Pet100,4,4
Pex1,17,5
Pex10,11,15
Pex11a,10,9
Pex11b,2,6
Pex11g,15,12
Pex12,7,3
Pex13,6,6
Pex14,16,13
Pex16,7,9
Pex19,19,14
Pex2,8,10
Pex26,22,22
Pex3,1,4
Pex5,36,41
Pex5l,1,0
Pex6,24,18
Pex7,12,12
Pf4,0,0
Pfas,29,27
Pfdn1,14,6
Pfdn2,4,2
Pfdn4,3,3
Pfdn5,24,17
Pfdn6,7,4
Pfkfb1,1,2
Pfkfb2,22,16
Pfkfb3,10,8
Pfkfb4,2,0
Pfkl,109,86
Pfkm,13,18
Pfkp,54,44
Pfn1,57,46
Pfn2,6,6
Pfn4,0,0
Pgam1,4,1
Pgam2,2,2
Pgam5,7,8
Pgap1,6,6
Pgap2,6,8
Pgap3,6,8
Pgap4,1,2
Pgap6,2,3
Pgbd1,2,1
Pgbd5,2,2
Pgd,73,62
Pgf,7,6
Pgghg,22,22
Pggt1b,27,20
Pgk1,7,7
Pgls,12,15
Pglyrp1,6,7
Pglyrp2,2,1
Pglyrp4,0,0
Pgm1,7,6
Pgm2,6,6
Pgm2l1,28,31
Pgm3,10,10
Pgp,74,66
Pgpep1,45,31
Pgpep1l,1,1
Pgrmc1,8,14
Pgrmc2,17,29
Pgs1,19,20
Phactr1,15,14
Phactr2,11,16
Phactr4,37,45
Phaf1,9,8
Phax,10,13
Phb1,7,3
Phb2,29,19
Phc1,10,14
Phc2,31,31
Phc3,71,69
Pheta1,12,10
Pheta2,1,2
Phex,0,0
Phf1,19,18
Phf10,7,8
Phf11c,1,3
Phf11d,17,15
Phf12,43,34
Phf13,10,16
Phf14,33,36
Phf19,6,10
Phf2,48,45
Phf20,32,44
Phf20l1,57,50
Phf21a,34,35
Phf21b,3,1
Phf23,17,17
Phf2os1,2,2
Phf3,52,59
Phf5a,16,9
Phf6,6,7
Phf7,3,3
Phf8,43,43
Phgdh,5,1
Phip,75,74
Phka1,6,7
Phka2,18,15
Phkb,24,22
Phkg1,0,1
Phkg2,24,15
Phlda1,105,85
Phlda2,0,0
Phlda3,4,3
Phldb1,20,17
Phldb2,14,10
Phldb3,18,22
Phlpp1,58,60
Phlpp2,10,10
Phospho2,5,5
Phox2b,0,0
Phpt1,1,1
Phrf1,44,53
Phtf1,18,12
Phtf1os,2,1
Phtf2,19,7
Phxr4,6,4
Phyh,5,1
Phyhd1,2,2
Phyhipl,2,1
Phykpl,34,33
Pi16,3,5
Pi4k2a,18,23
Pi4k2b,17,14
Pi4ka,23,22
Pi4kb,19,19
Pianp,1,2
Pias1,24,24
Pias2,22,20
Pias3,17,9
Pias4,12,7
Pibf1,12,17
Picalm,62,53
Pick1,23,23
Pid1,0,2
Pidd1,5,4
Pierce2,0,2
Piezo1,88,76
Piezo2,6,10
Pif1,2,4
Piga,11,9
Pigb,10,16
Pigbos1,3,1
Pigc,13,13
Pigg,11,7
Pigh,4,3
Pigk,12,7
Pigl,2,2
Pigm,13,12
Pign,26,26
Pigo,32,24
Pigp,2,0
Pigq,27,25
Pigr,169,132
Pigs,31,19
Pigt,32,27
Pigu,13,11
Pigv,4,5
Pigw,3,8
Pigx,3,2
Pigyl,4,1
Pigz,2,1
Pih1d1,7,9
Pik3ap1,21,16
Pik3c2a,42,41
Pik3c2b,54,53
Pik3c2g,1,0
Pik3c3,16,13
Pik3ca,26,28
Pik3cb,23,21
Pik3cd,7,3
Pik3cg,11,9
Pik3ip1,4,4
Pik3r1,316,259
Pik3r2,27,26
Pik3r3,33,30
Pik3r4,21,21
Pik3r5,5,4
Pik3r6,2,1
Pikfyve,33,29
Pilra,0,1
Pim1,10,5
Pim2,1,4
Pim3,21,16
Pimreg,2,4
Pin1,5,9
Pinc,27,17
Pink1,16,12
Pinlyp,0,0
Pinx1,1,3
Pip,1,2
Pip4k2a,4,8
Pip4k2b,33,22
Pip4k2c,39,27
Pip4p1,7,5
Pip4p2,9,5
Pip5k1a,19,23
Pip5k1b,9,8
Pip5k1bos,3,2
Pip5k1c,71,51
Pip5kl1,0,1
Pipox,1,1
Pirb,0,0
Pisd,17,11
Pithd1,11,6
Pitpna,54,62
Pitpnb,8,15
Pitpnc1,15,21
Pitpnm1,41,31
Pitpnm2,13,10
Pitpnm2os2,1,2
Pitpnm3,16,19
Pitrm1,19,25
Pja1,14,11
Pja2,43,40
Pkd1,88,84
Pkd1l1,0,1
Pkd1l3,1,4
Pkd2,16,14
Pkd2l2,5,5
Pkdcc,0,0
Pkia,1,1
Pkib,1,1
Pkig,19,34
Pkm,77,68
Pkmyt1,8,3
Pkn1,75,53
Pkn2,38,25
Pkn3,5,4
Pknox1,13,12
Pknox2,1,2
Pkp1,16,9
Pkp2,16,20
Pkp3,31,24
Pkp4,29,28
Pla1a,1,3
Pla2g12a,4,4
Pla2g15,7,5
Pla2g2e,0,0
Pla2g3,1,0
Pla2g4a,8,5
Pla2g4b,2,0
Pla2g4c,2,2
Pla2g4d,0,0
Pla2g4e,1,2
Pla2g4f,3,2
Pla2g6,14,19
Pla2g7,0,1
Pla2r1,2,3
Plaa,16,14
Plaat3,8,6
Plagl1,9,10
Plagl2,12,12
Plat,1,0
Platr1,1,1
Platr15,1,0
Platr22,0,1
Platr25,1,2
Platr27,1,1
Platr4,47,39
Platr7,0,0
Platr8,1,1
Plau,0,1
Plaur,3,4
Plb1,1,2
Plbd1,0,0
Plbd2,18,22
Plcb1,11,5
Plcb2,0,1
Plcb3,68,42
Plcb4,37,28
Plcd1,9,9
Plcd3,8,9
Plce1,5,6
Plcg1,41,33
Plcg2,49,39
Plch1,1,2
Plch2,17,18
Plcl1,1,2
Plcl2,2,1
Plcxd1,2,2
Plcxd2,5,1
Pld1,7,12
Pld2,27,20
Pld3,24,24
Pld4,4,6
Pld6,0,0
Plec,396,371
Plek,0,0
Plek2,3,2
Plekha1,22,16
Plekha2,10,14
Plekha3,10,7
Plekha4,2,0
Plekha5,28,29
Plekha6,115,110
Plekha7,37,37
Plekha8,11,7
Plekhb1,11,11
Plekhb2,8,5
Plekhd1,0,0
Plekhf1,47,38
Plekhf2,10,12
Plekhg1,16,14
Plekhg2,39,26
Plekhg3,107,93
Plekhg4,0,1
Plekhg5,12,16
Plekhg6,9,11
Plekhh1,36,34
Plekhh2,37,34
Plekhh3,10,13
Plekhj1,5,6
Plekhm1,40,36
Plekhm2,21,16
Plekhm3,5,3
Plekhn1,51,47
Plekho1,10,9
Plekho2,10,12
Plekhs1,4,4
Plet1,151,127
Plet1os,31,23
Plg,1,0
Plgrkt,7,4
Plin1,2,1
Plin2,39,31
Plin3,41,24
Plin4,2,3
Plin5,3,1
Plk-ps1,4,3
Plk1,10,10
Plk2,12,9
Plk3,11,6
Plk4,8,9
Pln,2,0
Plod1,23,24
Plod2,10,3
Plod3,23,26
Plp1,0,1
Plp2,6,4
Plpbp,17,20
Plpp1,0,1
Plpp2,46,33
Plpp3,14,11
Plpp5,31,18
Plpp6,9,6
Plpp7,0,1
Plppr2,4,6
Plppr3,26,23
Plppr4,1,2
Plrg1,5,4
Pls1,1,1
Pls3,13,12
Plscr1,6,5
Plscr2,3,3
Plscr3,29,23
Plscr4,0,0
Pltp,3,2
Plut,0,1
Plvap,3,4
Plxdc1,2,1
Plxdc2,11,15
Plxna1,43,47
Plxna2,9,5
Plxna3,39,27
Plxna4,0,2
Plxna4os2,1,0
Plxnb1,89,84
Plxnb2,93,90
Plxnb3,5,3
Plxnc1,4,3
Plxnd1,34,29
Pm20d2,3,1
Pmaip1,1,0
Pmel,2,1
Pmepa1,107,97
Pmepa1os,2,0
Pmf1,10,8
Pml,30,23
Pmm1,3,6
Pmm2,38,41
Pmp22,1,3
Pmpca,20,24
Pmpcb,9,14
Pms1,3,4
Pms2,10,4
Pmvk,22,17
Pnck,57,41
Pnisr,129,127
Pnkd,4,3
Pnkp,12,7
Pnldc1,1,0
Pnma1,2,0
Pnma2,0,0
Pnma8b,2,0
Pnn,65,68
Pno1,3,4
Pnoc,0,3
Pnp,2,1
Pnpla1,0,0
Pnpla2,51,57
Pnpla3,0,0
Pnpla6,63,40
Pnpla7,13,16
Pnpla8,24,29
Pnpo,8,10
Pnpt1,13,6
Pnrc1,40,34
Pnrc2,31,36
Poc1a,4,5
Poc1b,5,2
Poc5,4,4
Podn,1,4
Podnl1,1,1
Podxl,15,17
Podxl2,5,4
Pof1b,4,8
Pofut1,19,14
Pofut2,24,27
Pogk,13,19
Poglut1,7,7
Poglut2,4,6
Poglut3,4,5
Pogz,39,38
Pola1,18,15
Pola2,15,16
Polb,15,13
Pold1,19,10
Pold2,1,5
Pold3,10,13
Pold4,1,3
Poldip2,19,24
Poldip3,42,38
Pole,14,8
Pole2,1,2
Pole3,19,17
Pole4,1,3
Polg,53,43
Polg2,9,6
Polh,15,12
Poli,4,6
Polk,7,7
Poll,7,5
Polm,12,20
Polq,8,8
Polr1a,32,29
Polr1b,10,7
Polr1c,8,7
Polr1d,14,10
Polr1e,4,3
Polr1f,7,6
Polr1g,8,11
Polr1h,2,4
Polr1has,3,4
Polr2a,106,88
Polr2b,21,16
Polr2c,14,9
Polr2d,7,5
Polr2e,12,6
Polr2f,14,8
Polr2g,7,5
Polr2h,0,2
Polr2i,2,1
Polr2j,2,1
Polr2k-ps,1,2
Polr2l,4,2
Polr2m,44,29
Polr3a,16,13
Polr3b,11,13
Polr3c,16,25
Polr3d,16,14
Polr3e,9,9
Polr3f,10,10
Polr3g,12,7
Polr3gl,4,8
Polr3h,7,8
Polr3k,5,6
Polrmt,25,20
Pom121,28,35
Pomgnt1,46,44
Pomgnt2,6,2
Pomk,7,8
Pomp,19,17
Pomt1,11,15
Pomt2,10,14
Pon2,16,17
Pon3,8,4
Pop1,11,5
Pop4,8,6
Pop5,12,5
Pop7,2,1
Por,11,9
Porcn,5,2
Postn,52,36
Pot1a,11,5
Pot1b,6,7
Potegl,0,0
Pou2af1,1,1
Pou2af2,1,0
Pou2af3,0,0
Pou2f1,17,15
Pou2f2,9,3
Pou3f1,7,5
Pou3f3,0,0
Pou4f1,0,0
Pou4f3,0,2
Pou5f1-rs13,1,2
Pou5f2,3,0
Pou6f1,16,23
Ppa1,4,3
Ppa2,9,8
Ppan,22,24
Ppara,1,1
Ppard,33,16
Pparg,1,0
Ppargc1a,1,4
Ppargc1b,5,13
Ppat,8,5
Ppcdc,8,12
Ppcs,3,3
Ppdpf,5,5
Ppfia1,54,49
Ppfia3,7,6
Ppfia4,1,0
Ppfibp1,43,42
Ppfibp2,28,31
Pphln1,11,8
Pphln1-ps1,0,1
Ppia,28,22
Ppib,10,15
Ppic,2,4
Ppid,11,8
Ppie,8,4
Ppif,14,11
Ppig,45,36
Ppih,6,8
Ppil1,2,4
Ppil2,30,31
Ppil3,2,1
Ppil4,9,7
Ppil6,1,4
Ppip5k1,27,25
Ppip5k2,28,19
Ppl,24,32
Ppm1a,29,32
Ppm1b,31,27
Ppm1d,6,6
Ppm1e,3,0
Ppm1f,14,14
Ppm1g,19,18
Ppm1h,52,37
Ppm1j,6,6
Ppm1k,7,8
Ppm1l,8,5
Ppm1m,8,3
Ppme1,16,7
Ppnr,40,35
Ppox,10,7
Ppp1ca,16,22
Ppp1cb,160,124
Ppp1cc,13,15
Ppp1r10,45,40
Ppp1r11,8,8
Ppp1r12a,62,47
Ppp1r12b,31,26
Ppp1r12c,47,49
Ppp1r13b,35,27
Ppp1r13l,27,23
Ppp1r14b,13,15
Ppp1r14c,2,1
Ppp1r15a,7,6
Ppp1r15b,73,60
Ppp1r16a,16,14
Ppp1r18,6,6
Ppp1r2,7,13
Ppp1r21,14,11
Ppp1r26,7,4
Ppp1r35,2,0
Ppp1r36,3,0
Ppp1r37,67,48
Ppp1r3c,2,4
Ppp1r3e,2,1
Ppp1r3f,2,1
Ppp1r7,14,21
Ppp1r8,15,5
Ppp1r9a,21,17
Ppp1r9b,117,92
Ppp2ca,60,41
Ppp2cb,24,19
Ppp2r1a,43,36
Ppp2r1b,17,19
Ppp2r2a,23,21
Ppp2r2c,1,0
Ppp2r2d,22,18
Ppp2r3a,56,52
Ppp2r3c,9,13
Ppp2r3d,31,28
Ppp2r5a,19,20
Ppp2r5b,17,15
Ppp2r5c,43,32
Ppp2r5d,23,18
Ppp2r5e,24,24
Ppp3ca,56,46
Ppp3cb,24,24
Ppp3cc,9,5
Ppp3r1,11,9
Ppp4c,41,39
Ppp4r1,37,32
Ppp4r1l-ps,24,21
Ppp4r2,14,20
Ppp4r3a,28,23
Ppp4r3b,46,36
Ppp4r4,0,0
Ppp5c,22,15
Ppp6c,2,4
Ppp6r1,48,59
Ppp6r2,34,28
Ppp6r3,64,47
Pprc1,47,29
Ppt1,18,14
Ppt2,6,5
Pptc7,13,7
Ppwd1,5,2
Pqbp1,10,11
Pradc1,6,6
Praf2,0,1
Prag1,10,11
Pram1,1,0
Pramel12,7,10
Pramel25,0,1
Prap1,1,0
Prc1,20,15
Prcc,25,29
Prcp,1,0
Prdm1,3,4
Prdm10,15,14
Prdm11,15,9
Prdm12,1,0
Prdm15,26,20
Prdm16,0,0
Prdm2,60,60
Prdm4,12,16
Prdm9,5,3
Prdx1,20,27
Prdx2,27,24
Prdx2-ps1,0,0
Prdx3,11,9
Prdx4,9,12
Prdx5,8,6
Prdx6,18,17
Preb,50,46
Prelid1,48,44
Prelid2,0,0
Prelid3b,10,5
Prelp,1,1
Prep,15,17
Prepl,10,8
Prex1,9,9
Prex2,4,5
Prg4,1,1
Prickle1,15,14
Prickle2,19,19
Prickle3,7,8
Prickle4,0,0
Prim1,5,1
Prim2,18,15
Primpol,8,8
Prkaa1,15,7
Prkaa2,42,29
Prkab1,18,11
Prkab2,10,6
Prkaca,21,21
Prkacb,24,23
Prkag1,4,2
Prkag2,4,9
Prkag3,0,0
Prkar1a,85,73
Prkar1b,0,0
Prkar2a,32,33
Prkar2b,4,3
Prkca,44,46
Prkcb,1,1
Prkcd,61,48
Prkce,10,7
Prkcg,1,1
Prkch,16,21
Prkci,31,31
Prkcq,0,1
Prkcsh,56,38
Prkcz,9,10
Prkcz2,5,2
Prkd1,1,5
Prkd2,20,24
Prkd3,33,32
Prkdc,11,14
Prkg1,2,2
Prkg2,46,50
Prkn,3,4
Prkra,10,7
Prkrip1,5,5
Prkx,11,7
Prl6a1,0,0
Prlr,80,72
Prmt1,14,10
Prmt2,11,10
Prmt3,9,8
Prmt5,15,11
Prmt6,2,1
Prmt7,12,8
Prmt8,3,0
Prmt9,17,12
Prnp,5,4
Prob1,10,16
Proca1,3,2
Prodh,3,4
Prom1,12,10
Prom2,3,5
Prorp,8,8
Prorsd1,4,3
Pros1,20,13
Proser1,22,26
Proser2,31,30
Proser3,3,6
Prox1,0,1
Prox1os,1,0
Prox2,2,5
Prox2os,1,1
Proz,1,2
Prpf18,16,19
Prpf19,26,30
Prpf3,17,20
Prpf31,21,15
Prpf38a,6,5
Prpf38b,91,85
Prpf39,36,36
Prpf4,13,13
Prpf40a,53,40
Prpf40b,31,31
Prpf4b,80,81
Prpf6,17,31
Prpf8,99,85
Prps1,1,3
Prps1l3,3,0
Prps2,6,7
Prpsap1,22,10
Prpsap2,5,5
Prr11,6,10
Prr12,65,67
Prr13,14,11
Prr14,22,22
Prr14l,71,63
Prr15,4,7
Prr15l,24,23
Prr16,0,0
Prr18,1,0
Prr22,2,2
Prr3,8,9
Prr36,0,0
Prr5,15,10
Prr5l,0,0
Prr7,3,0
Prr9,0,0
Prrc1,40,38
Prrc2a,360,334
Prrc2b,217,185
Prrc2c,280,276
Prrg1,2,3
Prrg2,11,13
Prrg3,0,1
Prrg4,7,10
Prrt3,3,2
Prrx1,1,3
Prrx2,0,1
Prss12,3,3
Prss16,12,11
Prss22,1,0
Prss23,1,1
Prss30,0,0
Prss32,0,0
Prss36,2,3
Prss41,1,0
Prss48,1,1
Prss8,28,21
Prtn3,3,3
Prune1,9,6
Prune2,4,1
Prx,4,4
Prxl2a,19,32
Prxl2b,0,0
Prxl2c,10,9
Psap,338,306
Psapl1,2,2
Psat1,29,27
Psd,8,9
Psd2,2,0
Psd3,21,24
Psd4,8,8
Psen1,23,20
Psen2,3,2
Psenen,5,7
Psip1,26,20
Pskh1,13,7
Psma1,9,10
Psma2,4,6
Psma3,9,4
Psma4,15,13
Psma5,6,5
Psma6,5,8
Psma7,17,17
Psmb1,15,19
Psmb10,2,2
Psmb2,8,9
Psmb3,5,4
Psmb4,11,12
Psmb5,4,3
Psmb6,14,12
Psmb7,11,9
Psmb8,8,4
Psmb9,3,3
Psmc1,15,16
Psmc2,16,21
Psmc3,34,18
Psmc3ip,4,0
Psmc4,14,11
Psmc5,17,10
Psmc6,25,19
Psmd1,32,34
Psmd10,2,1
Psmd11,45,42
Psmd12,26,19
Psmd13,16,15
Psmd14,10,9
Psmd2,31,24
Psmd3,45,44
Psmd4,26,17
Psmd5,11,12
Psmd6,7,6
Psmd7,28,35
Psmd8,25,22
Psmd9,16,8
Psme1,16,13
Psme2,11,11
Psme3,26,20
Psme3ip1,15,16
Psme4,92,83
Psmf1,10,10
Psmg1,6,5
Psmg2,0,2
Psmg3,4,1
Psmg4,0,0
Psors1c2,0,1
Pspc1,11,9
Psph,0,2
Psrc1,28,26
Pstk,1,4
Pstpip1,3,0
Pstpip2,6,2
Ptafr,11,7
Ptar1,16,16
Ptbp1,55,50
Ptbp2,21,22
Ptbp3,61,58
Ptcd1,9,12
Ptcd2,9,5
Ptcd3,25,17
Ptch1,17,6
Ptch2,2,0
Ptchd1,1,0
Ptdss1,17,14
Ptdss2,8,11
Pten,58,35
Pter,1,0
Ptger1,3,4
Ptger2,4,4
Ptger4,3,4
Ptges,20,16
Ptges2,16,19
Ptges3,11,9
Ptges3l,0,1
Ptgfrn,45,32
Ptgr1,0,6
Ptgr2,8,6
Ptgr3,24,27
Ptgs1,3,3
Ptgs2,1,2
Ptgs2os2,1,0
Pth1r,0,0
Ptk2,56,51
Ptk2b,18,13
Ptk6,0,0
Ptk7,78,76
Ptma,279,269
Ptms,167,148
Ptn,0,1
Ptov1,42,39
Ptp4a1,6,4
Ptp4a2,39,31
Ptp4a3,8,8
Ptpa,66,55
Ptpdc1,1,2
Ptpmt1,4,5
Ptpn1,31,25
Ptpn11,54,43
Ptpn12,9,12
Ptpn13,3,7
Ptpn14,34,31
Ptpn18,35,33
Ptpn2,20,6
Ptpn21,27,26
Ptpn22,2,7
Ptpn23,45,41
Ptpn3,32,21
Ptpn4,39,33
Ptpn5,0,0
Ptpn6,9,9
Ptpn7,0,2
Ptpn9,20,19
Ptpra,45,37
Ptprb,9,11
Ptprc,4,6
Ptpre,7,14
Ptprf,369,336
Ptprg,33,36
Ptprj,70,57
Ptprjos1,14,17
Ptprk,68,68
Ptprm,6,3
Ptprn,0,0
Ptpro,2,1
Ptprs,38,44
Ptprt,1,1
Ptpru,2,5
Ptprv,9,7
Ptprz1,3,2
Ptrh1,0,0
Ptrh2,9,5
Ptrhd1,2,0
Pts,11,12
Pttg1,5,2
Pttg1ip,26,20
Ptx3,2,1
Puf60,26,27
Pum1,81,78
Pum2,75,68
Pum3,21,17
Pura,35,30
Purb,92,83
Purg,3,1
Pus1,8,9
Pus10,11,14
Pus7,26,24
Pus7l,2,1
Pusl1,14,10
Pvr,15,16
Pvt1,20,19
Pwp1,11,9
Pwp2,5,8
Pwwp2a,22,21
Pwwp2b,12,14
Pwwp3a,21,15
Pwwp3b,1,1
Pxdc1,6,8
Pxdn,30,32
Pxk,13,18
Pxmp2,0,2
Pxmp4,13,9
Pxn,75,52
Pxylp1,11,9
Pycard,3,7
Pycr1,9,6
Pycr2,15,10
Pycr3,2,1
Pygb,45,36
Pygl,1,1
Pygm,2,3
Pygo1,1,1
Pygo2,25,22
Pym1,9,8
Pyroxd1,5,5
Pyroxd2,22,13
Pyurf,0,0
Pzp,0,1
Qars1,71,80
Qdpr,5,5
Qki,25,31
Qng1,11,5
Qpct,1,0
Qpctl,11,13
Qrfp,2,2
Qrich1,47,49
Qrsl1,3,1
Qser1,52,50
Qsox1,67,57
Qsox2,13,12
Qtrt1,17,9
Qtrt2,7,11
R3hcc1,20,8
R3hcc1l,12,14
R3hdm1,61,62
R3hdm2,53,46
R3hdm4,71,54
R74862,11,5
Rab10,33,37
Rab10os,26,19
Rab11a,11,6
Rab11b,11,10
Rab11bos1,1,2
Rab11fip1,63,62
Rab11fip2,11,10
Rab11fip3,26,29
Rab11fip4,96,87
Rab11fip5,59,55
Rab12,14,14
Rab13,2,1
Rab14,52,62
Rab15,106,102
Rab17,8,8
Rab18,23,24
Rab19,2,0
Rab1a,74,61
Rab1b,61,42
Rab20,3,1
Rab21,26,30
Rab22a,37,23
Rab23,6,3
Rab24,10,8
Rab25,9,14
Rab26,3,5
Rab26os,4,1
Rab27a,7,2
Rab27b,4,2
Rab28,12,9
Rab29,12,15
Rab2a,25,15
Rab2b,1,1
Rab30,11,5
Rab31,7,4
Rab32,1,0
Rab33b,7,3
Rab34,5,5
Rab35,38,23
Rab37,0,1
Rab38,1,0
Rab39,0,1
Rab39b,0,0
Rab3a,11,5
Rab3d,52,40
Rab3gap1,47,49
Rab3gap2,56,51
Rab3il1,6,1
Rab3ip,6,10
Rab40b,0,2
Rab40c,11,8
Rab43,3,1
Rab4a,18,20
Rab4b,2,2
Rab5a,14,9
Rab5b,11,19
Rab5c,23,26
Rab5if,9,9
Rab6a,16,18
Rab7,27,25
Rab7b,7,5
Rab8a,19,12
Rab8b,10,7
Rab9,8,4
Rabac1,14,9
Rabep1,28,28
Rabep2,16,19
Rabepk,4,9
Rabgap1,53,43
Rabgap1l,42,43
Rabgef1,19,31
Rabggta,29,18
Rabggtb,34,23
Rabif,15,12
Rabl2,8,11
Rabl3,4,5
Rabl6,63,73
Rac1,53,29
Rac2,1,1
Rac3,5,5
Racgap1,17,10
Rack1,155,128
Rad1,1,2
Rad17,7,7
Rad18,4,2
Rad21,55,49
Rad23a,15,16
Rad23b,64,49
Rad50,20,19
Rad51,6,6
Rad51ap1,3,1
Rad51ap2,1,1
Rad51b,4,1
Rad51c,1,3
Rad51d,11,9
Rad52,9,11
Rad54b,3,5
Rad54l,8,5
Rad54l2,37,34
Rad9a,5,8
Rad9b,2,2
Radil,0,0
Rae1,14,15
Raet1e,0,0
Raf1,22,21
Rai1,76,75
Rai14,8,10
Rai2,0,0
Rala,13,6
Ralb,26,26
Ralbp1,67,62
Ralgapa1,74,65
Ralgapa2,73,59
Ralgapb,33,43
Ralgds,79,68
Ralgps1,10,10
Ralgps2,0,0
Raly,38,22
Ramac,1,1
Ramacl,1,0
Ramp1,1,0
Ramp2,1,0
Ran,24,17
Ranbp1,7,6
Ranbp10,36,33
Ranbp17,13,13
Ranbp2,94,82
Ranbp3,41,42
Ranbp6,11,9
Ranbp9,31,15
Rangap1,36,43
Rap1a,7,6
Rap1b,42,33
Rap1gap,99,82
Rap1gap2,32,29
Rap1gapos,2,2
Rap1gds1,20,25
Rap2a,13,12
Rap2b,11,11
Rap2c,11,7
Rapgef1,40,47
Rapgef2,16,24
Rapgef3,15,8
Rapgef3os1,0,1
Rapgef4,1,0
Rapgef5,43,42
Rapgef6,29,32
Rapgefl1,8,8
Raph1,87,81
Rara,40,44
Rarg,28,32
Rarres1,0,0
Rarres2,0,2
Rars1,16,19
Rars2,4,11
Rasa1,36,47
Rasa2,10,12
Rasa3,3,4
Rasa4,1,2
Rasal1,85,78
Rasal2,6,12
Rasal3,4,5
Rasd1,4,3
Rasef,20,20
Rasgef1a,2,1
Rasgef1b,10,4
Rasgef1c,3,0
Rasgrf2,0,0
Rasgrp2,1,0
Rasgrp3,0,1
Rasgrp4,1,0
Rasl10a,1,1
Rasl10b,0,1
Rasl11a,1,1
Rasl11b,8,6
Rasl12,1,0
Rassf1,21,21
Rassf10,9,7
Rassf2,7,6
Rassf3,106,106
Rassf4,50,44
Rassf5,12,14
Rassf6,2,3
Rassf7,10,10
Rassf8,15,10
Rassf9,4,1
Raver2,2,4
Rb1,82,63
Rb1cc1,47,33
Rbak,11,10
Rbbp4,52,50
Rbbp5,15,16
Rbbp6,64,78
Rbbp7,23,22
Rbbp8,4,10
Rbbp8nl,3,4
Rbbp9,3,5
Rbck1,54,53
Rbfa,1,1
Rbfaos,0,1
Rbfox1,0,0
Rbfox2,48,48
Rbis,7,7
Rbks,1,0
Rbl1,16,11
Rbl2,19,24
Rbm10,21,12
Rbm11,0,0
Rbm12,9,11
Rbm12b1,11,10
Rbm12b2,6,6
Rbm14,18,22
Rbm15,25,20
Rbm15b,34,25
Rbm17,15,13
Rbm18,9,11
Rbm19,13,7
Rbm20,1,0
Rbm22,14,15
Rbm24,0,2
Rbm25,192,155
Rbm26,59,53
Rbm27,15,11
Rbm28,24,28
Rbm3,47,45
Rbm33,75,71
Rbm34,12,11
Rbm38,6,4
Rbm39,126,124
Rbm3os,1,3
Rbm4,8,8
Rbm41,2,4
Rbm43,4,5
Rbm45,6,8
Rbm47,181,115
Rbm48,3,0
Rbm4b,21,20
Rbm5,131,92
Rbm6,73,78
Rbm7,17,18
Rbm8a,13,14
Rbms1,38,38
Rbms2,24,25
Rbms3,7,5
Rbmx,60,39
Rbmx2,0,0
Rbmxl1,3,0
Rbmxl2,0,1
Rbp1,9,8
Rbp7,6,5
Rbpj,7,13
Rbpj-ps3,1,0
Rbpjl,0,1
Rbpms,36,43
Rbpms2,0,0
Rbsn,12,21
Rbx1,19,16
Rc3h1,67,53
Rc3h2,62,51
Rcan1,8,8
Rcan3,18,15
Rcbtb1,15,8
Rcbtb2,1,8
Rcc1,11,14
Rcc1l,4,2
Rcc2,72,91
Rccd1,9,5
Rce1,9,11
Rchy1,8,12
Rcl1,11,8
Rcn1,14,13
Rcn2,1,4
Rcn3,2,3
Rcor1,63,50
Rcor2,2,2
Rcor3,28,20
Rcsd1,3,3
Rdh10,8,6
Rdh11,10,5
Rdh12,2,0
Rdh13,9,8
Rdh14,1,2
Rdh16f2,0,1
Rdh5,0,0
Rdh9,1,0
Rdm1,3,3
Rdx,39,58
Rec114,1,1
Rec8,2,1
Reck,5,5
Recql,3,6
Recql4,4,2
Recql5,15,17
Reep1,0,0
Reep2,1,0
Reep3,15,18
Reep4,20,17
Reep5,33,33
Reep6,1,1
Rel,9,9
Rela,36,28
Relb,12,7
Relch,69,58
Rell1,19,21
Rell2,0,2
Reln,0,1
Relt,2,3
Rem1,0,1
Rem2,6,5
Renbp,1,1
Rep15,1,1
Repin1,9,9
Reps1,22,22
Reps2,11,16
Rer1,20,12
Rere,197,183
Rerg,2,2
Resf1,54,60
Rest,38,35
Ret,2,2
Retreg1,11,18
Retreg2,26,19
Retreg3,30,35
Retsat,3,4
Rev1,14,11
Rev3l,48,37
Rex1bd,12,14
Rexo1,47,51
Rexo2,21,14
Rexo4,25,21
Rexo5,8,9
Rfc1,29,22
Rfc2,7,9
Rfc3,2,3
Rfc4,4,5
Rfc5,15,12
Rfesd,2,0
Rffl,25,15
Rfk,23,19
Rflna,1,5
Rflnb,23,15
Rfng,16,19
Rft1,10,9
Rftn1,6,5
Rftn2,4,2
Rfwd3,23,15
Rfx1,27,23
Rfx2,8,11
Rfx3,13,11
Rfx5,12,9
Rfx7,22,18
Rfxank,2,3
Rfxap,4,6
Rgcc,2,3
Rgl1,7,3
Rgl2,44,41
Rgl3,34,22
Rgma,34,23
Rgmb,23,24
Rgp1,30,22
Rgs10,1,2
Rgs11,8,9
Rgs12,14,12
Rgs14,2,1
Rgs16,0,1
Rgs19,4,4
Rgs2,3,2
Rgs20,13,13
Rgs3,15,11
Rgs4,1,1
Rgs5,8,5
Rgs7bp,0,1
Rhbdd1,7,9
Rhbdd2,8,13
Rhbdd3,11,19
Rhbdf1,40,38
Rhbdf2,31,32
Rhbdl1,0,0
Rhbdl2,2,2
Rhbdl3,1,0
Rhd,1,0
Rheb,27,17
Rhebl1,0,1
Rhno1,14,7
Rhoa,43,35
Rhob,39,33
Rhobtb1,0,4
Rhobtb2,17,12
Rhobtb3,14,14
Rhoc,27,38
Rhod,8,5
Rhof,3,2
Rhog,5,10
Rhoh,0,0
Rhoj,5,9
Rhoq,54,62
Rhot1,19,16
Rhot2,11,16
Rhou,70,59
Rhov,0,1
Rhox1,0,0
Rhpn2,52,48
Rian,13,8
Ribc1,1,0
Ric1,27,35
Ric3,0,1
Ric8a,25,18
Ric8b,10,6
Rictor,33,34
Rida,0,2
Rif1,57,35
Rigi,42,43
Rilp,7,4
Rilpl1,6,3
Rilpl2,9,9
Rimklb,0,0
Rimoc1,22,32
Rims3,21,19
Rin1,3,3
Rin2,150,133
Rin3,12,5
Ring1,12,11
Rinl,0,0
Rint1,27,32
Riok1,16,12
Riok2,7,5
Riok3,51,39
Riox1,4,5
Riox2,6,7
Ripk1,14,12
Ripk2,1,0
Ripk3,0,1
Ripk4,26,20
Ripor1,7,5
Ripor2,1,0
Ripor3,0,0
Ripply3,1,2
Rit1,16,10
Rita1,6,6
Rlf,29,24
Rlig1,0,2
Rlim,54,50
Rln1,0,1
Rmc1,25,19
Rmdn1,7,5
Rmdn2,4,1
Rmdn3,9,8
Rmi1,6,6
Rmi2,1,1
Rmnd1,7,7
Rmnd5a,32,37
Rmnd5b,14,15
Rn7s2,1,0
Rn7sk,182,173
Rnase4,2,4
Rnaseh1,4,4
Rnaseh2a,8,6
Rnaseh2b,8,2
Rnaseh2c,6,8
Rnasek,1,1
Rnasel,6,5
Rnaset2b,1,0
Rnd2,2,4
Rnd3,4,7
Rnf10,94,91
Rnf103,12,17
Rnf11,33,28
Rnf111,39,34
Rnf113a1,3,2
Rnf113a2,5,9
Rnf114,34,27
Rnf115,11,11
Rnf121,12,9
Rnf122,12,11
Rnf123,17,29
Rnf125,1,1
Rnf126,22,11
Rnf128,10,8
Rnf13,14,9
Rnf130,20,20
Rnf135,3,3
Rnf138,9,7
Rnf139,7,3
Rnf14,27,23
Rnf141,16,10
Rnf144a,4,5
Rnf144b,5,11
Rnf145,58,49
Rnf146,6,10
Rnf149,19,16
Rnf150,2,1
Rnf151,0,0
Rnf152,1,0
Rnf157,1,1
Rnf166,3,4
Rnf167,41,40
Rnf168,20,6
Rnf169,33,29
Rnf170,6,2
Rnf180,0,3
Rnf181,16,15
Rnf183,4,3
Rnf185,23,16
Rnf187,40,33
Rnf19a,25,14
Rnf19b,14,10
Rnf2,13,5
Rnf20,49,39
Rnf207,22,21
Rnf208,2,1
Rnf213,394,360
Rnf214,36,28
Rnf215,8,7
Rnf216,28,27
Rnf217,12,7
Rnf220,25,23
Rnf225,3,1
Rnf227,0,0
Rnf24,2,5
Rnf25,16,12
Rnf26,2,1
Rnf26rt,0,1
Rnf31,25,18
Rnf32,1,2
Rnf34,7,7
Rnf38,56,44
Rnf39,0,0
Rnf4,32,26
Rnf40,56,46
Rnf41,32,30
Rnf43,35,28
Rnf44,51,46
Rnf5,7,8
Rnf6,34,19
Rnf7,8,4
Rnf8,17,14
Rnft1,20,12
Rnft2,1,4
Rngtt,13,6
Rnh1,30,19
Rnmt,14,7
Rnpc3,14,13
Rnpep,36,27
Rnpepl1,45,48
Rnps1,10,14
Rnu12,1,1
Ro60,4,2
Robo1,0,1
Robo2,0,1
Robo3,1,0
Robo4,3,4
Rock1,40,35
Rock2,53,45
Rogdi,20,19
Romo1,2,1
Ror1,4,3
Ror2,1,0
Rora,31,26
Rorb,1,2
Rorc,65,67
Rp2,9,9
Rp9,18,16
Rpa1,22,24
Rpa2,6,7
Rpa3,1,1
Rpain,5,7
Rpap1,31,28
Rpap2,8,11
Rpap3,6,7
Rpe,16,13
Rpf1,4,5
Rpf2,1,4
Rpgr,1,2
Rpgrip1,1,1
Rpgrip1l,9,4
Rph3al,6,10
Rpia,8,4
Rpl10,59,52
Rpl10-ps6,0,1
Rpl10a,49,57
Rpl11,20,25
Rpl12,85,68
Rpl13,62,73
Rpl13a,8,8
Rpl14,78,75
Rpl14-ps1,8,3
Rpl15,14,13
Rpl15-ps2,0,1
Rpl15-ps5,1,0
Rpl17,57,53
Rpl17-ps4,0,0
Rpl17-ps9,0,0
Rpl18,11,19
Rpl18a,119,112
Rpl19,27,29
Rpl21,68,68
Rpl21-ps6,0,0
Rpl22,36,24
Rpl22l1,4,2
Rpl23,24,22
Rpl23a,4,1
Rpl24,0,0
Rpl26,38,32
Rpl26-ps4,1,0
Rpl27,9,12
Rpl27a,19,22
Rpl27a-ps4,0,1
Rpl28,22,30
Rpl29,3,3
Rpl29-ps1,1,0
Rpl3,52,45
Rpl3-ps1,7,2
Rpl30,5,6
Rpl30-ps2,0,2
Rpl30-ps3,0,1
Rpl31,23,21
Rpl31-ps5,0,1
Rpl32,40,46
Rpl34,9,11
Rpl35,28,31
Rpl35a,10,12
Rpl35rt,0,0
Rpl36,11,14
Rpl36-ps12,0,1
Rpl36a,18,12
Rpl36a-ps4,1,0
Rpl36al,3,0
Rpl37,11,13
Rpl37a,50,45
Rpl37rt,2,2
Rpl38,6,9
Rpl38-ps2,0,0
Rpl39,14,12
Rpl4,212,182
Rpl41,84,63
Rpl5,49,34
Rpl6,50,55
Rpl7,54,70
Rpl7a,78,76
Rpl7l1,20,16
Rpl8,100,83
Rpl9,62,57
Rpl9-ps6,1,0
Rplp0,17,16
Rplp1,141,134
Rplp2,34,18
Rpn1,71,66
Rpn2,68,51
Rpp14,1,0
Rpp21,7,8
Rpp25l,11,11
Rpp30,8,3
Rpp38,0,1
Rpp40,2,1
Rpph1,1,1
Rprd1a,9,12
Rprd1b,17,26
Rprd2,48,39
Rprl2,1,1
Rprl3,289,267
Rps10,7,4
Rps10-ps4,1,3
Rps11,12,7
Rps11-ps1,1,1
Rps12,50,67
Rps12-ps19,0,1
Rps13,24,20
Rps14,101,120
Rps15,88,75
Rps15a,15,10
Rps16,28,23
Rps16-ps2,0,0
Rps17,17,12
Rps18,5,5
Rps19,22,24
Rps19-ps11,4,0
Rps19-ps3,1,0
Rps19-ps4,0,0
Rps19-ps6,0,1
Rps19bp1,7,5
Rps2,39,31
Rps2-ps11,1,0
Rps20,40,36
Rps21,49,27
Rps23,0,1
Rps24,80,74
Rps24-ps3,0,1
Rps25,23,14
Rps25-ps1,1,0
Rps26,64,58
Rps27,24,26
Rps27a,20,28
Rps27l,5,3
Rps28,35,25
Rps29,15,13
Rps3,85,71
Rps3a1,23,17
Rps3a3,0,0
Rps4l,0,1
Rps4x,44,34
Rps5,50,54
Rps6,55,43
Rps6-ps4,0,0
Rps6ka1,73,57
Rps6ka2,6,11
Rps6ka3,25,20
Rps6ka4,7,12
Rps6ka5,16,14
Rps6ka6,4,8
Rps6kb1,26,33
Rps6kb2,14,11
Rps6kc1,21,22
Rps6kl1,10,6
Rps7,19,25
Rps7-ps2,0,1
Rps8,53,54
Rps9,74,49
Rpsa,97,71
Rpsa-ps5,0,0
Rptn,0,0
Rptor,42,34
Rptoros,1,1
Rpusd1,5,1
Rpusd2,3,3
Rpusd4,3,2
Rrad,1,1
Rraga,5,4
Rragc,16,11
Rragd,2,1
Rras,9,3
Rras2,9,10
Rrbp1,225,215
Rreb1,123,119
Rrh,1,0
Rrm1,25,29
Rrm2,12,15
Rrm2b,3,1
Rrn3,21,18
Rrp1,37,34
Rrp12,11,12
Rrp15,9,10
Rrp1b,26,29
Rrp36,8,9
Rrp7a,26,22
Rrp8,6,5
Rrp9,8,6
Rrs1,3,6
Rs1,1,1
Rsad1,2,1
Rsad2,7,8
Rsbn1,19,14
Rsbn1l,18,9
Rsf1,53,46
Rsf1os1,1,1
Rsf1os2,1,1
Rskr,1,0
Rsl1,0,1
Rsl1d1,19,13
Rsl24d1,5,6
Rslcan18,2,0
Rsph1,1,0
Rsph3a,0,0
Rsph3b,1,1
Rspo1,0,1
Rspry1,18,18
Rsrc1,9,10
Rsrc2,36,28
Rsrp1,187,169
Rsu1,10,9
Rtbdn,0,0
Rtca,5,2
Rtcb,23,19
Rtel1,14,18
Rtf1,31,29
Rtf2,15,11
Rtkn,32,18
Rtl1,1,2
Rtl10,4,0
Rtl5,4,8
Rtl6,0,1
Rtn1,10,8
Rtn2,1,0
Rtn3,86,91
Rtn4,77,78
Rtn4ip1,6,3
Rtn4r,0,1
Rtn4rl1,0,1
Rtp4,6,5
Rtraf,3,5
Rttn,11,11
Rubcn,28,22
Rufy1,15,15
Rufy2,14,14
Rufy3,18,14
Rundc1,13,10
Rundc3a,3,3
Rundc3b,0,0
Runx1,97,86
Runx2,6,5
Runx3,3,1
Rusc1,4,3
Rusc2,6,4
Rusf1,16,12
Ruvbl1,8,6
Ruvbl2,15,11
Rwdd1,2,4
Rwdd2a,0,0
Rwdd2b,4,4
Rwdd3,2,3
Rwdd4a,11,10
Rxfp4,0,0
Rxra,49,51
Rxrb,33,29
Rxylt1,2,1
Rybp,6,8
Ryk,23,22
Ryr1,0,2
Ryr2,0,2
Ryr3,0,0
S100a1,14,16
S100a10,9,9
S100a11,15,16
S100a13,5,4
S100a14,2,1
S100a16,8,5
S100a3,0,0
S100a6,6,6
S100a7a,0,0
S100a8,0,0
S100a9,0,0
S100b,1,0
S100pbp,31,31
S1pr1,2,2
S1pr2,22,19
S1pr4,1,1
S1pr5,0,0
S2bpcox16,1,3
SMIM46,1,0
Saa1,3,2
Saa2,10,7
Saa3,0,0
Saal1,6,9
Sac3d1,6,4
Sacm1l,11,8
Sacs,1,1
Sae1,15,13
Safb,77,63
Safb2,119,96
Sall2,4,2
Samd1,8,11
Samd10,12,11
Samd11,4,4
Samd12,9,5
Samd13,0,1
Samd14,12,5
Samd4,2,1
Samd4b,69,54
Samd5,4,2
Samd8,12,15
Samd9l,5,6
Samhd1,39,40
Samm50,26,22
Sanbr,8,11
Sap130,28,23
Sap18,21,15
Sap30,2,3
Sap30bp,19,15
Sap30bpos,3,2
Sap30l,8,4
Sapcd2,13,8
Sar1a,32,26
Sar1b,2,2
Saraf,18,20
Sardh,21,15
Sarm1,0,1
Sarnp,6,3
Sars1,44,44
Sars2,8,5
Sart1,40,35
Sart3,37,26
Sash1,49,55
Sass6,8,9
Sat1,58,55
Sat2,2,1
Satb1,33,25
Satb2,1,1
Sav1,14,11
Saxo2,1,1
Saysd1,4,1
Sbds,18,14
Sbf1,47,52
Sbf2,45,39
Sbk1,5,6
Sbk3,1,1
Sbno1,91,79
Sbno2,113,89
Sbsn,8,5
Sc5d,14,12
Scaf1,72,69
Scaf11,64,58
Scaf4,39,37
Scaf8,59,37
Scai,6,8
Scamp1,22,16
Scamp2,26,29
Scamp3,11,6
Scamp5,1,1
Scand1,10,12
Scap,42,44
Scaper,28,17
Scara3,0,1
Scara5,32,19
Scarb1,25,22
Scarb2,46,57
Scarf1,7,9
Scarf2,3,2
Scarletltr,1,2
Scarna3a,0,1
Scarna9,8,4
Sccpdh,2,1
Scd1,223,189
Scd2,247,222
Scd3,1,2
Scel,0,0
Scfd1,25,23
Scfd2,13,16
Scgb2b27,12,11
Scgb3a1,2,2
Scin,4,5
Sclt1,7,8
Scly,15,9
Scmh1,18,19
Scml2,0,1
Scml4,32,36
Scn1b,2,0
Scn2a,1,0
Scn4b,0,0
Scn5a,5,3
Scn7a,2,3
Scn8a,4,2
Scnm1,4,6
Scnn1a,5,1
Scnn1b,6,6
Scnn1g,2,2
Sco1,1,3
Scoc,0,0
Scp2,18,20
Scpep1,16,16
Scrg1,1,0
Scrib,66,68
Scrn1,1,1
Scrn2,3,3
Scrn3,5,6
Scrt2,0,0
Scube1,5,4
Scube2,14,12
Scube3,1,0
Scx,0,0
Scyl1,34,32
Scyl2,18,18
Scyl3,24,20
Sdad1,14,11
Sdc1,24,17
Sdc2,10,6
Sdc3,23,15
Sdc4,140,138
Sdcbp,48,44
Sdcbp2,0,1
Sdccag8,11,7
Sde2,13,15
Sdf2,8,13
Sdf2l1,24,19
Sdf4,22,22
Sdha,28,34
Sdhaf1,2,0
Sdhaf2,8,7
Sdhaf3,2,1
Sdhaf4,0,0
Sdhb,13,21
Sdhc,14,14
Sdhd,8,7
Sdk1,0,1
Sdk2,4,1
Sdr16c6,0,0
Sdr39u1,3,3
Sdr42e1,14,7
Sdr9c7,0,0
Sec11a,16,16
Sec11c,47,36
Sec13,11,10
Sec14l1,106,113
Sec14l2,27,13
Sec14l4,1,1
Sec16a,120,83
Sec16b,34,30
Sec22a,11,12
Sec22b,14,12
Sec22c,3,6
Sec23a,17,15
Sec23b,22,20
Sec23ip,28,26
Sec24a,26,33
Sec24b,22,25
Sec24c,78,60
Sec24d,33,33
Sec31a,90,66
Sec31b,11,7
Sec61a1,76,64
Sec61a2,7,8
Sec61b,12,7
Sec61g,1,1
Sec62,33,36
Sec63,73,63
Secisbp2,22,26
Secisbp2l,180,157
Sectm1a,22,14
Sectm1b,6,6
Seh1l,9,14
Sel1l,121,102
Sel1l3,4,7
Selenbp1,7,5
Selenbp2,0,0
Selenof,28,22
Selenoh,5,4
Selenoi,20,17
Selenok,9,7
Selenok-ps1,1,0
Selenom,2,2
Selenon,17,16
Selenoo,4,4
Selenop,23,18
Selenos,18,7
Selenot,18,7
Selenow,31,29
Selplg,0,0
Sem1,20,19
Sema3b,1,1
Sema3c,10,10
Sema3d,0,1
Sema3e,0,1
Sema3f,9,11
Sema3g,3,2
Sema4a,7,4
Sema4b,33,19
Sema4c,13,23
Sema4d,35,36
Sema4g,18,24
Sema5a,4,3
Sema6a,26,34
Sema6b,5,3
Sema6c,1,1
Sema6d,9,9
Sema7a,8,8
Senp1,23,23
Senp2,32,34
Senp3,31,18
Senp5,21,31
Senp6,42,29
Senp7,22,17
Senp8,1,0
Sephs1,13,9
Sephs2,8,10
Sepsecs,9,12
Septin1,0,0
Septin10,1,0
Septin11,57,56
Septin2,45,48
Septin3,1,3
Septin4,8,4
Septin5,3,4
Septin6,6,11
Septin7,27,23
Septin8,40,33
Septin9,77,72
Serac1,8,7
Serbp1,113,118
Serf1,1,3
Serf2,7,9
Sergef,0,0
Serhl,2,2
Serinc1,27,32
Serinc2,35,22
Serinc3,333,296
Serinc5,46,42
Serp1,109,94
Serpina12,0,0
Serpina3h,1,1
Serpina3i,0,0
Serpina3n,3,2
Serpinb11,0,0
Serpinb1a,1,1
Serpinb5,5,7
Serpinb6a,12,10
Serpinb6e,0,1
Serpinb8,2,2
Serpinb9,1,1
Serpinc1,5,8
Serpind1,0,0
Serpine1,5,5
Serpine2,11,9
Serpinf1,3,4
Serping1,0,0
Serpinh1,28,37
Serpini1,1,1
Sertad1,2,1
Sertad2,38,29
Sertad3,0,3
Sertad4,26,23
Sesn1,8,9
Sesn2,9,8
Sesn3,62,48
Sestd1,48,44
Set,69,58
Setbp1,35,39
Setd1a,23,17
Setd1b,108,100
Setd2,88,82
Setd3,22,25
Setd4,4,6
Setd5,166,175
Setd6,11,8
Setd7,97,78
Setdb1,45,30
Setdb2,7,3
Setmar,0,1
Setx,39,43
Sez6l2,0,0
Sf1,97,112
Sf3a1,34,30
Sf3a2,17,15
Sf3a3,12,15
Sf3b1,155,138
Sf3b2,76,80
Sf3b3,65,62
Sf3b4,4,6
Sf3b5,13,9
Sf3b6,4,3
Sfi1,12,9
Sfmbt1,22,20
Sfmbt2,4,5
Sfn,14,15
Sfpq,165,141
Sfr1,16,7
Sfrp1,7,6
Sfrp2,2,1
Sfswap,57,56
Sft2d1,9,7
Sft2d2,102,72
Sft2d3,8,3
Sftpd,0,0
Sfxn1,34,25
Sfxn2,2,3
Sfxn3,57,43
Sfxn4,2,1
Sfxn5,24,21
Sgcb,7,6
Sgcg,0,0
Sgf29,4,3
Sgip1,0,1
Sgk1,47,44
Sgk3,2,2
Sgms1,21,22
Sgms1os1,4,6
Sgms2,7,7
Sgo1,3,1
Sgo2a,2,3
Sgpl1,22,16
Sgpp1,15,10
Sgpp2,0,1
Sgsh,7,7
Sgsm1,3,3
Sgsm2,27,24
Sgsm3,24,23
Sgta,20,18
Sgtb,3,2
Sh2b1,48,39
Sh2b2,4,1
Sh2b3,26,31
Sh2d2a,2,1
Sh2d3c,6,4
Sh2d4a,8,11
Sh2d4b,4,5
Sh2d5,0,1
Sh3bgrl,20,21
Sh3bgrl2,24,18
Sh3bgrl3,2,4
Sh3bp1,4,4
Sh3bp2,16,14
Sh3bp4,62,65
Sh3bp5,20,18
Sh3bp5l,26,20
Sh3d19,40,36
Sh3d21,2,2
Sh3gl1,19,15
Sh3gl2,1,1
Sh3glb1,29,22
Sh3glb2,42,26
Sh3kbp1,11,15
Sh3pxd2a,62,56
Sh3pxd2b,43,40
Sh3rf1,24,26
Sh3rf2,3,2
Sh3rf3,0,0
Sh3tc1,1,0
Sh3tc2,17,14
Sh3yl1,7,5
Shank1,0,0
Shank2,70,66
Shank3,7,8
Sharpin,29,19
Shb,18,17
Shc1,35,38
Shc2,0,0
Shc3,1,1
Shc4,3,3
Shcbp1,5,2
Shd,0,1
Shf,107,70
Shfl,19,15
Shisa2,7,9
Shisa4,2,0
Shisa5,48,37
Shisa7,0,1
Shisa8,2,1
Shisal1,0,0
Shisal2b,0,0
Shkbp1,9,6
Shld1,0,0
Shld2,1,1
Shld3,1,0
Shmt1,13,13
Shmt2,19,20
Shoc2,23,22
Shox2,0,0
Shpk,4,5
Shprh,29,22
Shq1,2,2
Shroom1,47,36
Shroom2,22,20
Shroom3,141,115
Shroom4,12,8
Shtn1,43,37
Siae,3,8
Siah1a,2,4
Siah1b,3,4
Siah2,5,5
Sidt1,55,56
Sidt2,92,74
Sigirr,16,12
Siglec1,4,1
Siglece,1,1
Sigmar1,5,11
Sik1,317,254
Sik2,35,26
Sik3,43,47
Sike1,18,14
Sil1,12,11
Sim2,0,0
Simc1,2,6
Sin3a,43,29
Sin3b,32,27
Sinhcaf,3,4
Sipa1,18,9
Sipa1l1,31,24
Sipa1l2,36,22
Sipa1l3,91,86
Sirpa,25,15
Sirt1,5,7
Sirt2,17,12
Sirt3,6,8
Sirt4,6,4
Sirt5,13,11
Sirt6,9,13
Sirt7,17,20
Siva1,2,6
Six2,1,1
Six4,14,16
Six5,5,3
Six6,0,1
Ska1,3,1
Ska2,4,6
Ska3,5,2
Skap2,10,12
Ski,122,98
Skic2,28,30
Skic3,36,23
Skic8,12,10
Skida1,12,9
Skil,38,31
Skint1,1,1
Skint8,1,2
Skor2,0,1
Skp1,33,14
Skp2,5,4
Sla,5,4
Slain1,1,3
Slain1os,2,1
Slain2,18,14
Slbp,12,18
Slc10a1,9,2
Slc10a3,2,1
Slc10a7,28,18
Slc11a1,2,2
Slc11a2,17,22
Slc12a2,182,181
Slc12a3,0,2
Slc12a4,7,5
Slc12a5,3,3
Slc12a6,10,12
Slc12a7,18,17
Slc12a8,0,0
Slc12a9,10,10
Slc13a2,4,2
Slc13a3,3,2
Slc15a2,79,86
Slc15a3,0,0
Slc15a4,11,13
Slc16a1,11,14
Slc16a10,4,3
Slc16a12,7,4
Slc16a2,21,14
Slc16a3,2,3
Slc16a4,2,2
Slc16a6,6,8
Slc16a7,6,7
Slc16a8,2,1
Slc16a9,0,0
Slc17a5,13,12
Slc17a7,0,0
Slc17a8,1,2
Slc17a9,4,6
Slc18a1,1,1
Slc18a2,5,2
Slc18b1,9,8
Slc19a1,3,2
Slc19a2,4,4
Slc19a3,0,1
Slc1a1,6,4
Slc1a2,3,2
Slc1a4,8,8
Slc1a5,7,10
Slc20a1,45,42
Slc20a2,24,28
Slc22a12,1,0
Slc22a13,0,1
Slc22a13b,0,0
Slc22a15,6,3
Slc22a17,34,33
Slc22a18,1,2
Slc22a21,2,1
Slc22a23,4,10
Slc22a4,8,5
Slc22a5,2,0
Slc23a1,3,3
Slc23a2,7,7
Slc23a3,0,0
Slc23a4,1,2
Slc24a1,0,1
Slc24a3,0,0
Slc25a1,16,13
Slc25a10,39,45
Slc25a11,25,14
Slc25a12,15,21
Slc25a13,8,14
Slc25a14,2,5
Slc25a15,5,2
Slc25a16,8,11
Slc25a17,15,13
Slc25a18,6,5
Slc25a19,6,8
Slc25a20,5,3
Slc25a22,12,13
Slc25a23,37,19
Slc25a24,9,8
Slc25a25,5,11
Slc25a26,8,5
Slc25a27,1,2
Slc25a28,17,14
Slc25a29,11,11
Slc25a3,69,64
Slc25a30,5,5
Slc25a32,9,8
Slc25a33,0,1
Slc25a34,0,1
Slc25a35,6,4
Slc25a36,31,23
Slc25a37,18,13
Slc25a38,3,4
Slc25a39,48,43
Slc25a4,20,18
Slc25a40,7,3
Slc25a42,6,5
Slc25a43,3,3
Slc25a44,13,10
Slc25a45,9,6
Slc25a46,16,12
Slc25a47,4,5
Slc25a48,6,4
Slc25a5,28,20
Slc25a51,47,40
Slc25a53,4,2
Slc26a1,4,1
Slc26a10,2,6
Slc26a11,6,3
Slc26a2,71,54
Slc26a6,0,0
Slc26a8,2,3
Slc26a9,5,3
Slc27a1,33,35
Slc27a2,0,0
Slc27a3,3,9
Slc27a4,26,25
Slc28a3,360,342
Slc29a1,87,65
Slc29a2,1,2
Slc29a3,30,33
Slc29a4,6,7
Slc2a1,45,36
Slc2a10,2,1
Slc2a12,1,1
Slc2a3,0,0
Slc2a4,1,0
Slc2a4rg-ps,5,4
Slc2a6,6,5
Slc2a8,3,7
Slc2a9,47,42
Slc30a1,8,2
Slc30a2,13,16
Slc30a4,31,22
Slc30a5,18,15
Slc30a6,9,9
Slc30a7,41,31
Slc30a9,34,34
Slc31a1,16,22
Slc31a2,41,40
Slc33a1,6,5
Slc34a2,72,67
Slc35a1,12,12
Slc35a2,18,14
Slc35a3,39,36
Slc35a4,14,12
Slc35a5,6,6
Slc35b1,10,9
Slc35b2,30,33
Slc35b3,15,13
Slc35b4,13,14
Slc35c1,21,16
Slc35c2,42,40
Slc35d1,12,15
Slc35d2,2,2
Slc35d3,2,4
Slc35e1,32,28
Slc35e2,27,26
Slc35e3,12,7
Slc35e4,6,16
Slc35f1,1,0
Slc35f3,0,2
Slc35f5,23,14
Slc35f6,14,12
Slc35g1,0,4
Slc36a1,13,12
Slc36a4,9,5
Slc37a1,25,25
Slc37a2,4,6
Slc37a3,16,15
Slc37a4,7,9
Slc38a1,35,27
Slc38a10,90,76
Slc38a2,149,133
Slc38a3,29,25
Slc38a6,8,8
Slc38a7,14,15
Slc38a9,18,13
Slc39a1,27,23
Slc39a10,8,4
Slc39a11,13,16
Slc39a13,14,7
Slc39a14,139,139
Slc39a2,1,0
Slc39a3,7,13
Slc39a4,0,0
Slc39a6,7,6
Slc39a7,2,2
Slc39a8,3,2
Slc39a9,26,37
Slc3a2,55,67
Slc40a1,3,2
Slc41a1,42,39
Slc41a2,9,12
Slc43a1,0,1
Slc43a2,20,15
Slc43a3,5,5
Slc44a1,40,23
Slc44a2,36,33
Slc44a3,16,18
Slc45a1,1,2
Slc45a3,11,14
Slc45a4,17,19
Slc46a1,8,5
Slc46a3,9,10
Slc48a1,9,9
Slc49a3,11,7
Slc49a4,3,1
Slc4a11,4,0
Slc4a1ap,18,19
Slc4a2,63,42
Slc4a3,6,5
Slc4a4,3,3
Slc4a7,16,19
Slc4a8,0,1
Slc4a9,0,1
Slc50a1,2,5
Slc52a2,13,7
Slc52a3,5,3
Slc5a1,29,19
Slc5a3,139,114
Slc5a5,9,8
Slc5a6,2,5
Slc5a8,20,14
Slc5a9,40,33
Slc66a1,1,3
Slc66a2,37,34
Slc66a3,4,6
Slc6a12,0,0
Slc6a14,3,0
Slc6a15,1,2
Slc6a17,0,0
Slc6a2,0,0
Slc6a20b,0,2
Slc6a4,0,0
Slc6a6,73,60
Slc6a8,36,33
Slc6a9,2,3
Slc7a1,21,20
Slc7a11,0,0
Slc7a2,2,4
Slc7a3,2,1
Slc7a4,9,10
Slc7a5,144,123
Slc7a6,8,5
Slc7a6os,10,12
Slc7a7,3,6
Slc7a8,2,1
Slc8a1,2,2
Slc8a2,0,0
Slc8b1,24,19
Slc9a1,47,36
Slc9a2,1,1
Slc9a5,13,8
Slc9a6,6,3
Slc9a7,1,1
Slc9a8,30,31
Slc9a9,1,0
Slco1a5,6,2
Slco1a6,0,0
Slco2a1,70,67
Slco2b1,3,2
Slco3a1,1,3
Slco4a1,3,0
Slco5a1,0,0
Slf1,9,9
Slf2,26,28
Slfn2,1,3
Slfn4,0,2
Slfn5,2,0
Slfn8,1,1
Slfn9,11,4
Slfnl1,2,4
Slfnlnc,1,0
Slit1,0,0
Slit2,2,3
Slit3,5,5
Slitrk1,1,0
Slitrk2,2,0
Slitrk4,5,8
Slitrk6,0,0
Slk,98,100
Slmap,160,140
Slmapos2,7,5
Slpi,2,1
Sltm,51,61
Slu7,16,14
Slx1b,4,5
Slx4,17,16
Slx4ip,2,1
Slx9,8,9
Smad1,15,15
Smad2,27,24
Smad3,46,29
Smad4,21,19
Smad5,38,33
Smad6,6,4
Smad7,8,12
Smad9,0,1
Smagp,13,17
Smap1,7,5
Smap2,28,22
Smarca2,55,55
Smarca4,98,102
Smarca5,18,15
Smarcad1,26,30
Smarcal1,6,9
Smarcb1,25,27
Smarcc1,47,44
Smarcc2,164,152
Smarcd1,19,16
Smarcd2,57,55
Smarcd3,3,1
Smarce1,21,14
Smc1a,65,46
Smc2,11,16
Smc3,49,41
Smc4,27,21
Smc5,27,27
Smc6,24,17
Smchd1,36,32
Smco3,1,0
Smco4,2,3
Smcr8,41,32
Smdt1,6,6
Smg1,167,157
Smg5,44,32
Smg6,65,50
Smg7,46,51
Smg8,8,4
Smg9,16,13
Smim1,5,6
Smim10l1,18,10
Smim10l2a,0,0
Smim11,0,2
Smim12,3,2
Smim13,5,3
Smim14,61,53
Smim15,7,4
Smim18,2,0
Smim19,3,3
Smim20,5,4
Smim22,8,5
Smim24,1,0
Smim26,0,2
Smim29,0,1
Smim3,8,7
Smim30,2,1
Smim32,0,0
Smim35,1,0
Smim43,1,3
Smim45,0,0
Smim5,0,2
Smim6,0,1
Smim7,19,7
Smn1,7,8
Smndc1,7,5
Smo,18,15
Smoc1,22,23
Smoc2,11,3
Smok4a,0,2
Smox,27,26
Smpd1,7,8
Smpd2,13,11
Smpd3,1,1
Smpd4,14,12
Smpd5,0,0
Smpdl3a,4,3
Smpdl3b,4,8
Sms,8,4
Smtn,45,36
Smtnl2,2,2
Smu1,21,11
Smug1,13,5
Smurf1,34,37
Smurf2,22,31
Smyd2,13,14
Smyd3,7,4
Smyd4,2,2
Smyd5,30,17
Snai1,3,1
Snai2,2,0
Snai3,0,0
Snap23,26,23
Snap29,6,4
Snap47,4,2
Snap91,3,2
Snapc1,10,13
Snapc2,8,3
Snapc3,26,25
Snapc4,24,23
Snapc5,4,4
Snapin,11,7
Sncaip,1,2
Snd1,136,144
Sned1,8,8
Snf8,18,19
Snhg1,11,9
Snhg10,1,2
Snhg11,3,3
Snhg12,12,14
Snhg14,10,10
Snhg15,7,9
Snhg16,7,6
Snhg17,30,22
Snhg18,4,2
Snhg20,1,2
Snhg4,10,11
Snhg5,15,13
Snhg6,6,1
Snhg7,11,9
Snhg7os,0,0
Snhg8,11,9
Snip1,62,54
Snn,9,9
Snora21,4,4
Snora23,3,2
Snora30,0,0
Snora31,2,1
Snora41,1,0
Snora47,1,1
Snora62,0,0
Snord110,1,1
Snord111,1,0
Snord118,2,1
Snord15a,0,0
Snord17,82,60
Snord23,1,0
Snord32a,3,1
Snord34,0,1
Snord37,1,1
Snord43,1,0
Snord53,1,0
Snord55,2,2
Snord58b,1,0
Snord59a,0,0
Snord70,1,2
Snord73b,1,0
Snord82,0,1
Snord83b,2,1
Snord85,0,1
Snord91a,0,1
Snord98,0,0
Snph,4,3
Snrk,26,30
Snrnp200,67,61
Snrnp25,5,4
Snrnp27,4,7
Snrnp35,3,3
Snrnp40,7,10
Snrnp48,22,22
Snrnp70,368,345
Snrpa,18,17
Snrpa1,10,9
Snrpb,29,20
Snrpb2,3,5
Snrpc,10,10
Snrpd1,3,1
Snrpd2,7,4
Snrpd3,6,4
Snrpe,6,3
Snrpg,0,1
Snrpn,0,2
Snta1,17,11
Sntb1,49,45
Sntb2,126,104
Sntg1,1,1
Sntg2,2,1
Snu13,2,2
Snupn,2,3
Snw1,8,8
Snx1,28,15
Snx10,2,3
Snx11,10,9
Snx12,19,16
Snx13,30,33
Snx14,22,19
Snx15,9,11
Snx16,3,6
Snx17,47,32
Snx18,20,15
Snx19,21,26
Snx2,8,10
Snx21,13,9
Snx22,4,2
Snx24,0,2
Snx25,18,11
Snx27,48,30
Snx29,19,18
Snx3,16,17
Snx30,6,9
Snx32,8,1
Snx33,32,33
Snx4,14,10
Snx5,44,39
Snx6,21,8
Snx7,7,3
Snx8,19,18
Snx9,19,16
Soat1,11,4
Soat2,1,0
Sobp,0,0
Socs2,17,17
Socs3,2,1
Socs4,15,17
Socs5,22,14
Socs6,13,11
Socs7,29,40
Sod1,20,18
Sod2,17,19
Sod3,3,2
Son,270,274
Sorbs1,11,11
Sorbs2,508,474
Sorbs2os,13,16
Sorbs3,11,10
Sorcs1,3,3
Sorcs2,12,8
Sorcs3,0,0
Sord,5,5
Sorl1,45,36
Sort1,60,50
Sos1,26,32
Sos2,33,19
Sostdc1,0,0
Sowaha,5,3
Sowahb,20,16
Sowahc,7,7
Sox1,2,0
Sox10,245,207
Sox11,1,1
Sox12,8,8
Sox13,21,18
Sox14,0,0
Sox15,1,0
Sox17,1,1
Sox18,2,1
Sox21,3,3
Sox4,112,102
Sox5,30,26
Sox5os1,1,0
Sox6,12,12
Sox7,1,1
Sox8,2,4
Sox9,37,36
Sp1,68,68
Sp100,9,8
Sp110,3,2
Sp140,1,2
Sp140l1,1,1
Sp2,10,9
Sp3,33,26
Sp3os,0,1
Sp4,2,4
Sp6,0,0
Sp9,0,1
Spaar,21,15
Spaca6,70,67
Spag1,14,8
Spag17,0,1
Spag4,3,2
Spag5,13,23
Spag6,1,1
Spag7,5,4
Spag8,0,1
Spag9,63,60
Sparc,62,60
Sparcl1,37,31
Spart,19,17
Spast,21,11
Spata1,1,2
Spata13,100,85
Spata2,10,10
Spata21,0,0
Spata24,1,1
Spata2l,6,8
Spata3,1,1
Spata31g1,1,1
Spata33,0,1
Spata46,1,0
Spata6,6,3
Spata6l,1,0
Spata7,6,9
Spata9,0,0
Spats1,0,1
Spats2,14,11
Spats2l,7,3
Spc24,7,3
Spc25,6,4
Spcs1,10,14
Spcs2,30,26
Spcs3,33,31
Spdef,2,4
Spdl1,4,6
Specc1,26,22
Specc1l,41,42
Spef1,1,2
Speg,1,1
Spehd,0,0
Spen,109,91
Spg11,33,31
Spg21,6,7
Spg7,14,18
Sphk1,3,2
Sphk2,23,27
Spi1,1,0
Spice1,13,9
Spidr,5,7
Spin1,29,27
Spin2c,0,1
Spin4,2,3
Spindoc,9,7
Spink12,0,0
Spink4,0,0
Spink5,7,6
Spint1,30,31
Spint2,157,159
Spire1,14,19
Spire2,2,3
Spmip1,1,0
Spmip4,1,2
Spn,2,0
Spns1,26,25
Spns2,139,138
Spns3,19,14
Spock2,1,0
Spon1,11,9
Spop,45,45
Spopl,17,14
Spout1,10,12
Spp1,76,72
Sppl2a,50,52
Sppl2b,28,21
Sppl3,31,31
Spr,6,0
Spred1,55,45
Spred2,28,28
Spred3,5,9
Spring1,23,15
Sprr1a,0,0
Sprr1b,0,0
Sprr2b,0,0
Sprr2d,0,0
Sprr2h,0,0
Sprr5,0,0
Sprtn,20,22
Spry1,9,3
Spry2,19,17
Spry4,11,11
Spryd3,19,13
Spryd4,2,2
Spryd7,6,3
Spsb1,5,5
Spsb2,9,5
Spsb3,3,5
Spsb4,1,2
Sptan1,262,246
Sptb,70,52
Sptbn1,198,189
Sptbn2,97,86
Sptbn4,3,2
Sptbn5,5,6
Sptlc1,16,6
Sptlc2,19,9
Sptssa,4,6
Spty2d1,19,16
Sqle,23,16
Sqor,0,1
Sqstm1,51,48
Sra1,7,6
Srbd1,14,6
Src,47,46
Srcap,33,22
Srcin1,62,46
Srd5a1,4,4
Srd5a3,11,8
Srebf1,359,327
Srebf2,78,85
Srek1,114,105
Srek1ip1,2,5
Srf,20,20
Srfbp1,5,3
Srgap1,4,4
Srgap2,36,30
Srgap3,93,78
Srgn,0,0
Sri,18,19
Srl,3,2
Srm,17,11
Srms,1,0
Srp14,9,12
Srp19,11,7
Srp54a,6,4
Srp54c,2,2
Srp68,38,40
Srp72,49,38
Srp9,8,8
Srpk1,45,44
Srpk2,42,35
Srpk3,4,6
Srpra,53,42
Srprb,21,16
Srpx2,0,0
Srr,4,1
Srrd,1,0
Srrm1,113,90
Srrm2,756,717
Srrm4,6,5
Srrt,87,92
Srsf1,72,46
Srsf10,25,29
Srsf11,120,118
Srsf2,97,88
Srsf3,68,75
Srsf4,9,9
Srsf5,142,143
Srsf6,107,110
Srsf7,38,40
Srsf9,9,8
Srxn1,5,4
Ss18,20,31
Ss18l1,5,8
Ss18l2,12,11
Ssb,26,23
Ssbp1,14,15
Ssbp2,0,0
Ssbp3,57,38
Ssbp4,45,34
Ssc4d,4,0
Ssc5d,1,3
Ssh1,10,19
Ssh2,31,24
Ssh3,46,42
Ssna1,9,14
Sspn,3,1
Ssr1,57,55
Ssr2,41,35
Ssr3,67,50
Ssr4,23,19
Ssrp1,38,45
Ssu72,12,15
Ssx2ip,20,28
St13,42,34
St14,142,144
St18,1,0
St3gal1,41,30
St3gal2,4,3
St3gal3,6,2
St3gal4,5,3
St3gal5,11,7
St3gal6,2,2
St6gal1,6,5
St6galnac2,16,17
St6galnac4,32,23
St6galnac5,1,0
St6galnac6,65,65
St7,2,5
St7l,19,21
St8sia2,0,0
St8sia4,1,0
St8sia6,30,22
Stab1,13,18
Stab2,1,0
Stac,0,0
Stac2,45,35
Stac3,5,3
Stag1,42,46
Stag2,55,48
Stag3,7,5
Stam,10,9
Stam2,19,13
Stambp,15,12
Stambp-ps1,0,1
Stambpl1,17,15
Stap1,0,0
Stap2,42,37
Star,9,5
Stard10,25,22
Stard13,6,2
Stard3,9,6
Stard3nl,11,4
Stard4,13,11
Stard5,95,73
Stard7,38,42
Stard8,4,3
Stard9,50,38
Stat1,7,7
Stat2,32,27
Stat3,135,132
Stat5a,78,53
Stat5b,62,55
Stat6,45,44
Stau1,31,27
Stau2,12,10
Stbd1,2,0
Stc1,4,3
Stc2,5,6
Steap2,0,1
Steap3,11,7
Steap4,11,12
Steep1,22,16
Stfa3,0,0
Stil,6,7
Stim1,9,14
Stim2,37,41
Stimate,22,12
Sting1,11,11
Stip1,12,15
Stk10,10,8
Stk11,67,69
Stk11ip,16,19
Stk16,10,8
Stk17b,5,9
Stk19,10,9
Stk24,85,64
Stk25,57,50
Stk26,17,14
Stk3,5,6
Stk35,20,14
Stk35os1,2,0
Stk36,3,6
Stk38,77,69
Stk38l,12,10
Stk39,126,106
Stk4,18,20
Stk40,50,43
Stkld1,1,2
Stmn1,5,6
Stmn1-rs1,1,1
Stmn3,1,0
Stmp1,6,7
Stn1,0,2
Stom,14,17
Stoml1,12,10
Stoml2,10,10
Ston1,4,3
Ston2,8,3
Stox2,68,52
Stpg2,0,1
Stpg4,1,0
Stra6,0,0
Stra6l,1,2
Strada,4,2
Stradb,1,1
Strap,22,20
Strbp,56,48
Strip1,24,25
Strip2,1,2
Strn,40,36
Strn3,36,26
Strn4,34,46
Sts,3,4
Stt3a,50,47
Stt3b,73,69
Stub1,8,13
Stum,1,0
Stx11,0,2
Stx12,13,9
Stx16,56,42
Stx17,17,16
Stx18,9,15
Stx19,5,5
Stx1a,1,4
Stx1b,10,10
Stx2,3,3
Stx3,26,20
Stx4a,14,10
Stx5a,41,34
Stx6,32,28
Stx7,5,5
Stx8,9,5
Stxbp1,8,6
Stxbp2,84,82
Stxbp3,13,16
Stxbp4,4,6
Stxbp5,27,28
Stxbp5l,1,0
Stxbp6,12,12
Styk1,3,1
Styx,10,12
Sub1,14,12
Sucla2,10,11
Suclg1,16,16
Suclg2,12,10
Suco,33,27
Suds3,44,56
Sufu,51,50
Sugct,1,1
Sugp1,22,24
Sugp2,34,34
Sugt1,7,7
Sulf1,4,5
Sulf2,109,86
Sult1a1,3,1
Sult1d1,1,0
Sult2b1,1,1
Sult5a1,2,2
Sult6b2,0,0
Sumf1,12,10
Sumf2,11,8
Sumo1,3,8
Sumo2,4,5
Sumo3,13,18
Sun1,19,23
Sun2,56,33
Suox,4,2
Supt16,25,23
Supt20,34,44
Supt3,2,3
Supt4a,3,3
Supt5,114,85
Supt6,97,77
Supt7l,7,5
Supv3l1,3,5
Surf1,1,6
Surf2,8,6
Surf4,147,125
Surf6,17,13
Susd1,1,3
Susd2,1,1
Susd3,0,0
Susd4,2,3
Susd5,2,2
Susd6,77,75
Suv39h1,10,4
Suv39h2,6,1
Suz12,33,39
Sv2a,0,1
Svbp,7,3
Svep1,5,6
Svil,76,69
Svip,1,0
Svop,0,1
Svopl,1,0
Swap70,25,28
Swi5,17,21
Swsap1,1,0
Swt1,9,12
Syap1,8,9
Sybu,10,9
Syce1l,0,0
Syce2,1,1
Sycp1,2,6
Sycp3,1,0
Syde1,2,1
Syde2,4,2
Syf2,14,8
Syk,2,7
Sympk,61,45
Syn1,0,0
Syn2,0,1
Syn3,5,5
Sync,11,8
Syncrip,48,48
Syne1,91,89
Syne2,90,86
Syne3,5,3
Syne4,74,71
Syngap1,11,3
Syngr1,2,0
Syngr2,34,35
Synj1,22,18
Synj2,38,44
Synj2bp,11,8
Synm,3,7
Synpo,47,44
Synpo2,4,1
Synrg,32,36
Syp,0,1
Sypl1,17,24
Sys1,7,6
Syt11,3,1
Syt12,1,0
Syt14,1,0
Syt2,2,1
Syt6,0,1
Syt7,2,1
Syt8,2,1
Syt9,0,0
Sytl1,30,28
Sytl2,1,3
Sytl3,1,3
Sytl4,7,2
Sytl5,0,1
Syvn1,72,42
Szrd1,43,39
Szt2,64,55
Tab1,26,20
Tab2,91,86
Tab3,7,8
Tac4,3,2
Tacc1,39,44
Tacc2,82,68
Tacc3,12,10
Taco1,2,3
Taco1os,3329,3923
Tacr3,1,2
Tacstd2,17,13
Tada1,7,10
Tada2a,13,7
Tada2b,14,16
Tada3,2,6
Taf1,36,37
Taf10,8,14
Taf11,11,9
Taf12,6,7
Taf13,3,5
Taf15,47,40
Taf1a,16,21
Taf1b,5,4
Taf1c,13,12
Taf1d,91,82
Taf2,25,20
Taf3,17,23
Taf4,29,19
Taf4b,9,6
Taf5,7,3
Taf5l,6,5
Taf6,8,10
Taf6l,3,2
Taf7,5,5
Taf8,16,13
Taf9,1,0
Tafa3,0,1
Tafa5,0,1
Tafazzin,31,32
Tagap,1,0
Tagap1,5,3
Tagln2,67,64
Tal1,0,0
Taldo1,40,42
Tamalin,2,3
Tamm41,5,6
Tanc1,125,114
Tanc2,176,172
Tango2,11,4
Tango6,15,11
Tank,16,19
Taok1,66,66
Taok2,78,60
Taok3,21,19
Tap1,11,11
Tap2,18,15
Tapbp,52,40
Tapbpl,15,5
Tapt1,31,25
Tarbp1,21,12
Tarbp2,7,9
Tardbp,72,73
Tars1,19,26
Tars2,20,26
Tars3,9,7
Tas1r1,2,1
Tas1r3,4,4
Tas2r137,1,2
Tasor,36,33
Tasor2,42,28
Tasp1,9,6
Tatdn1,9,6
Tatdn2,29,25
Tatdn3,1,1
Tax1bp1,47,38
Tax1bp3,4,6
Tbc1d1,16,26
Tbc1d10a,15,9
Tbc1d10b,24,23
Tbc1d12,9,6
Tbc1d13,43,35
Tbc1d14,26,19
Tbc1d15,18,9
Tbc1d16,6,7
Tbc1d17,15,37
Tbc1d19,6,4
Tbc1d2,5,3
Tbc1d20,26,26
Tbc1d22a,16,13
Tbc1d22b,29,26
Tbc1d22bos,1,4
Tbc1d23,21,12
Tbc1d24,17,18
Tbc1d25,7,7
Tbc1d2b,11,12
Tbc1d30,21,17
Tbc1d31,7,4
Tbc1d32,11,10
Tbc1d4,56,49
Tbc1d5,18,16
Tbc1d7,0,1
Tbc1d8,92,86
Tbc1d8b,17,18
Tbc1d9,25,18
Tbc1d9b,50,69
Tbca,5,2
Tbcb,3,4
Tbcc,11,12
Tbccd1,5,4
Tbcd,14,16
Tbce,19,21
Tbcel,13,8
Tbck,12,17
Tbk1,24,11
Tbkbp1,9,5
Tbl1x,35,37
Tbl1xr1,29,23
Tbl2,20,15
Tbl3,21,14
Tbp,7,14
Tbpl1,2,2
Tbr1,2,5
Tbrg1,25,22
Tbrg4,35,25
Tbx15,0,0
Tbx2,1,1
Tbx21,0,1
Tbx3,2,1
Tbx4,0,0
Tbx6,1,1
Tbxa2r,0,1
Tbxas1,2,3
Tc2n,40,42
Tcaf1,60,58
Tcaf2,9,14
Tcaim,3,0
Tcea1,4,6
Tcea2,4,1
Tceal8,11,7
Tceal9,46,29
Tceanc,1,1
Tceanc2,1,5
Tcerg1,51,36
Tcerg1l,1,0
Tcf12,70,60
Tcf15,0,1
Tcf19,7,3
Tcf20,77,72
Tcf25,140,135
Tcf3,116,94
Tcf4,59,51
Tcf7,3,2
Tcf7l1,9,10
Tcf7l2,82,82
Tcfl5,0,0
Tchh,2,1
Tchhl1,0,0
Tchp,5,9
Tcim,37,27
Tcirg1,63,56
Tcn2,105,94
Tcof1,36,29
Tcp1,40,40
Tcp11,0,1
Tcp11l1,1,1
Tcp11l2,16,13
Tcta,7,9
Tcte2,8,5
Tctn1,7,11
Tctn2,10,11
Tctn3,6,5
Tdg,4,4
Tdg-ps2,0,0
Tdp1,4,3
Tdp2,8,18
Tdrd3,19,16
Tdrd7,10,8
Tdrkh,1,1
Tdrp,2,1
Tead1,52,44
Tead2,77,58
Tead3,37,29
Tead4,13,13
Tec,9,11
Tecpr1,49,43
Tecpr2,37,35
Tecr,31,43
Tedc1,17,12
Tedc2,3,4
Teddm1a,1,1
Teddm3,0,0
Tef,28,21
Tefm,3,5
Tek,1,1
Tekt2,61,54
Tektip1,2,2
Telo2,21,24
Ten1,3,1
Tenm1,3,4
Tenm2,0,0
Tenm4,11,11
Tent2,7,7
Tent4a,17,20
Tent4b,22,15
Tent5a,10,7
Tent5b,2,3
Tent5c,5,4
Tep1,39,40
Tepsin,17,9
Terb1,0,0
Terf1,10,10
Terf2,15,17
Terf2ip,12,8
Tert,2,1
Tes,24,22
Tes3-ps,3,2
Tesc,10,9
Tescl,1,0
Teshl,8,8
Tesk1,5,8
Tesk2,3,3
Tesmin,0,0
Tespa1,2,1
Tet1,10,5
Tet2,79,63
Tet3,206,181
Tex10,4,13
Tex13b,2,0
Tex15,0,1
Tex2,26,22
Tex261,26,30
Tex264,4,3
Tex30,4,2
Tex47,1,1
Tex9,3,2
Tfam,5,9
Tfap2a,69,64
Tfap2b,36,38
Tfap2c,45,28
Tfap4,2,3
Tfb1m,3,5
Tfb2m,2,4
Tfcp2,17,14
Tfcp2l1,96,105
Tfdp1,21,22
Tfdp2,22,20
Tfe3,21,30
Tfeb,18,19
Tfg,18,8
Tfip11,25,23
Tfpi,0,1
Tfpt,3,0
Tfrc,61,48
Tgds,1,3
Tgfa,11,12
Tgfb1,16,13
Tgfb1i1,2,1
Tgfb2,23,24
Tgfb3,95,72
Tgfbi,7,2
Tgfbr1,16,28
Tgfbr2,60,50
Tgfbr3,37,34
Tgfbr3l,1,0
Tgfbrap1,26,27
Tgif1,20,11
Tgif2,0,0
Tgm1,9,7
Tgm2,16,19
Tgm3,0,0
Tgm5,0,0
Tgm6,1,1
Tgoln1,49,35
Tgs1,27,17
Tha1,1,2
Thada,45,41
Thap1,0,1
Thap11,8,5
Thap12,8,14
Thap2,16,11
Thap3,8,8
Thap4,6,5
Thap6,3,2
Thap7,0,6
Thbd,2,3
Thbs1,356,339
Thbs2,3,1
Thbs3,3,2
Thbs4,1,2
Them4,1,1
Them5,0,0
Them6,1,1
Themis2,5,0
Themis3,1,1
Thg1l,3,2
Thnsl1,1,1
Thnsl2,5,2
Thoc1,16,13
Thoc2,97,80
Thoc2l,33,36
Thoc3,9,11
Thoc5,9,10
Thoc6,3,3
Thoc7,4,5
Thop1,17,17
Thra,9,15
Thrap3,89,85
Thrb,12,14
Thrsp,80,65
Thsd1,0,1
Thsd4,47,35
Thsd7a,3,1
Thtpa,2,2
Thumpd1,11,10
Thumpd2,0,1
Thumpd3,12,16
Thy1,8,6
Thyn1,10,7
Tia1,59,59
Tiaf2,2,1
Tial1,31,21
Tiam1,42,42
Tiam2,43,36
Ticam1,14,9
Ticam2,2,0
Ticrr,11,11
Tie1,12,5
Tifab,3,2
Tigar,7,4
Tigd2,11,11
Tigd3,0,2
Tigd4,0,1
Tigd5,1,0
Tigit,0,1
Timd2,7,4
Timd4,0,0
Timd7-ps,0,0
Timeless,10,13
Timm10,1,1
Timm10b,7,5
Timm13,9,5
Timm17a,17,12
Timm17b,6,2
Timm21,4,3
Timm22,4,6
Timm23,5,4
Timm29,23,22
Timm44,31,27
Timm50,8,6
Timm8a1,1,2
Timm8b,2,2
Timm9,10,9
Timmdc1,8,6
Timp1,0,0
Timp2,15,17
Timp3,4,6
Timp4,0,1
Tinagl1,27,23
Tincr,17,13
Tinf2,14,8
Tiparp,9,7
Tipin,5,4
Tiprl,7,10
Tirap,16,13
Tjap1,13,15
Tjp1,83,76
Tjp2,68,59
Tjp3,34,35
Tk1,19,22
Tk2,16,8
Tkfc,9,6
Tkt,75,91
Tktl1,1,1
Tlcd1,3,0
Tlcd2,1,1
Tlcd3a,11,7
Tlcd3b,1,1
Tlcd4,2,1
Tle1,14,15
Tle2,45,32
Tle3,96,84
Tle4,18,16
Tle5,108,96
Tle6,6,13
Tlk1,24,29
Tlk2,29,20
Tll2,1,0
Tln1,131,110
Tln2,31,31
Tlnrd1,23,16
Tlr1,0,0
Tlr12,1,0
Tlr13,1,0
Tlr2,1,1
Tlr3,10,14
Tlr4,17,6
Tlr5,7,15
Tlr6,2,1
Tlr8,0,1
Tlr9,1,0
Tlx2,8,7
Tlx3,1,1
Tm2d1,4,1
Tm2d2,9,6
Tm2d3,3,0
Tm4sf1,11,9
Tm6sf1,2,0
Tm6sf2,0,1
Tm7sf2,3,6
Tm7sf3,13,11
Tm9sf1,20,24
Tm9sf2,17,10
Tm9sf3,85,86
Tm9sf4,43,35
Tma16,1,4
Tma7,3,3
Tmbim1,72,56
Tmbim4,2,2
Tmbim6,328,286
Tmc2,17,21
Tmc4,95,83
Tmc5,25,21
Tmc6,27,21
Tmc7,4,0
Tmc8,5,1
Tmcc1,44,37
Tmcc2,1,1
Tmcc3,14,11
Tmcc3os,2,1
Tmco1,3,2
Tmco3,18,15
Tmco4,5,6
Tmco6,3,3
Tmed1,4,5
Tmed10,48,43
Tmed10-ps,0,1
Tmed2,17,10
Tmed3,32,40
Tmed4,24,21
Tmed5,10,6
Tmed7,37,31
Tmed8,8,10
Tmed9,55,43
Tmeff1,1,0
Tmem101,2,2
Tmem102,4,2
Tmem104,12,10
Tmem106a,6,3
Tmem106b,12,18
Tmem106c,8,12
Tmem109,17,15
Tmem11,2,2
Tmem115,16,16
Tmem117,7,3
Tmem119,2,2
Tmem120a,6,4
Tmem120b,8,1
Tmem123,22,18
Tmem125,3,0
Tmem126a,2,3
Tmem126b,8,5
Tmem127,30,48
Tmem128,4,3
Tmem129,4,1
Tmem131,49,45
Tmem131l,48,45
Tmem132a,29,33
Tmem132c,1,0
Tmem134,14,11
Tmem135,18,15
Tmem138,4,3
Tmem139,5,1
Tmem140,2,2
Tmem141,0,1
Tmem143,4,2
Tmem144,2,1
Tmem147,8,3
Tmem147os,3,2
Tmem14c,12,11
Tmem150a,8,3
Tmem150b,0,1
Tmem150c,0,0
Tmem154,10,6
Tmem158,0,2
Tmem160,1,3
Tmem161a,14,17
Tmem161b,6,7
Tmem164,37,30
Tmem165,28,38
Tmem167,13,14
Tmem167b,17,8
Tmem168,16,15
Tmem170,14,5
Tmem170b,14,22
Tmem171,0,0
Tmem175,4,3
Tmem176a,25,25
Tmem176b,35,40
Tmem177,2,3
Tmem178b,0,1
Tmem179,1,0
Tmem179b,6,4
Tmem18,7,9
Tmem181a,6,5
Tmem183a,28,25
Tmem184a,12,12
Tmem184b,15,17
Tmem184c,7,8
Tmem185a,8,11
Tmem185b,3,4
Tmem186,7,9
Tmem19,4,5
Tmem190,0,0
Tmem191,2,0
Tmem192,1,1
Tmem198,3,2
Tmem198b,8,4
Tmem199,3,5
Tmem200b,1,1
Tmem201,12,10
Tmem203,1,0
Tmem204,2,2
Tmem205,2,3
Tmem208,6,5
Tmem209,10,9
Tmem214,44,38
Tmem216,4,3
Tmem217rt,0,0
Tmem218,2,2
Tmem219,10,8
Tmem220,3,3
Tmem221,1,0
Tmem222,9,11
Tmem223,5,5
Tmem229a,0,0
Tmem229b,19,18
Tmem230,5,4
Tmem231,1,0
Tmem232,0,0
Tmem234,26,22
Tmem237,4,1
Tmem238,14,12
Tmem240,0,0
Tmem241,3,2
Tmem242,9,9
Tmem243,13,11
Tmem245,49,51
Tmem248,23,26
Tmem25,2,0
Tmem250,19,12
Tmem252,2,0
Tmem253,4,4
Tmem254,13,11
Tmem255a,0,1
Tmem255b,0,1
Tmem256,5,4
Tmem258,6,5
Tmem259,45,32
Tmem26,1,2
Tmem260,13,13
Tmem263,8,9
Tmem267,0,0
Tmem268,13,20
Tmem273,0,0
Tmem276,1,0
Tmem30a,6,13
Tmem30b,11,21
Tmem33,15,7
Tmem35a,1,1
Tmem35b,0,3
Tmem37,2,6
Tmem38a,2,6
Tmem38b,7,9
Tmem39a,25,26
Tmem39b,1,4
Tmem40,5,4
Tmem41a,2,1
Tmem41b,13,11
Tmem42,4,2
Tmem43,20,20
Tmem44,11,14
Tmem45a,0,0
Tmem47,8,14
Tmem50a,2,4
Tmem50b,4,8
Tmem51,14,8
Tmem51os1,2,2
Tmem52,1,1
Tmem53,1,0
Tmem54,2,7
Tmem59,38,37
Tmem59l,1,0
Tmem60,0,3
Tmem62,4,0
Tmem63a,48,58
Tmem63b,85,67
Tmem64,14,19
Tmem65,24,16
Tmem67,1,5
Tmem68,4,5
Tmem69,0,1
Tmem70,6,7
Tmem71,0,0
Tmem79,10,11
Tmem80,7,3
Tmem81,0,3
Tmem82,1,0
Tmem86a,6,4
Tmem86b,5,4
Tmem87a,44,24
Tmem87b,25,18
Tmem88,0,0
Tmem88b,11,12
Tmem8b,7,8
Tmem9,9,8
Tmem91,1,0
Tmem94,69,40
Tmem95,0,2
Tmem97,9,5
Tmem98,4,5
Tmem9b,5,2
Tmf1,36,22
Tmie,1,1
Tmod2,3,5
Tmod3,62,58
Tmod4,2,3
Tmpo,46,55
Tmppe,8,4
Tmprss11e,0,0
Tmprss13,40,37
Tmprss2,20,14
Tmprss4,5,2
Tmprss6,0,1
Tmprss9,1,0
Tmsb10,50,32
Tmsb15a,2,0
Tmsb4x,51,56
Tmt1a,3,3
Tmtc1,8,6
Tmtc2,27,11
Tmtc3,9,8
Tmtc4,17,14
Tmub1,1,1
Tmub2,15,20
Tmx1,13,9
Tmx2,2,1
Tmx3,22,23
Tmx4,10,9
Tnc,60,50
Tnf,0,0
Tnfaip1,40,31
Tnfaip2,5,7
Tnfaip3,2,1
Tnfaip8,8,9
Tnfaip8l1,4,3
Tnfrsf10b,13,8
Tnfrsf11a,51,54
Tnfrsf11b,1,0
Tnfrsf12a,29,22
Tnfrsf14,1,0
Tnfrsf18,4,4
Tnfrsf19,3,5
Tnfrsf1a,39,26
Tnfrsf1b,4,2
Tnfrsf21,91,90
Tnfrsf22,0,0
Tnfrsf23,7,8
Tnfrsf25,2,2
Tnfrsf4,1,1
Tnfrsf8,1,0
Tnfsf10,4,2
Tnfsf12,1,0
Tnfsf13,4,1
Tnfsf13b,0,2
Tnfsf13os,3,3
Tnfsf18,1,0
Tnfsf4,1,1
Tnfsf9,0,1
Tnik,34,33
Tnip1,8,10
Tnip2,15,17
Tnip3,0,1
Tnk1,13,16
Tnk2,112,115
Tnk2os,1,1
Tnks,45,38
Tnks1bp1,113,97
Tnks2,71,76
Tnn,1,0
Tnni2,1,0
Tnni3,6,4
Tnnt2,1,3
Tnp1,0,1
Tnpo1,60,60
Tnpo2,63,54
Tnpo3,30,39
Tnrc18,234,217
Tnrc6a,169,163
Tnrc6b,126,110
Tnrc6c,62,63
Tns1,10,8
Tns2,26,19
Tns3,109,106
Tns4,5,3
Tnxb,26,25
Tob1,99,90
Tob2,86,64
Toe1,1,1
Togaram1,21,11
Tollip,23,21
Tom1,5,4
Tom1l1,25,15
Tom1l2,37,27
Tomm20,19,13
Tomm22,4,6
Tomm34,8,8
Tomm40,18,15
Tomm40l,3,3
Tomm5,5,4
Tomm6os,4,1
Tomm7,4,3
Tomm70a,26,20
Tomt,0,1
Tonsl,20,14
Top1,67,71
Top1mt,4,5
Top2a,45,44
Top2b,55,60
Top3a,6,8
Top3b,20,25
Top6bl,0,3
Topbp1,37,33
Topors,14,17
Tor1a,8,5
Tor1aip1,21,25
Tor1aip2,52,51
Tor1b,38,34
Tor2a,11,15
Tor3a,5,6
Tor4a,8,8
Tox,1,2
Tox2,21,22
Tox3,2,0
Tox4,24,27
Tpbg,3,8
Tpcn1,73,78
Tpcn2,20,17
Tpd52,31,24
Tpd52l1,3,1
Tpd52l2,18,19
Tpgs1,4,4
Tpgs2,4,1
Tpi1,19,22
Tpk1,6,1
Tpm1,70,76
Tpm2,2,1
Tpm3,57,87
Tpm3-rs7,0,1
Tpm4,49,40
Tpo,0,1
Tpp1,32,22
Tpp2,32,22
Tppp,6,11
Tppp3,11,14
Tpr,111,89
Tpra1,12,13
Tprg1l,13,15
Tprkb,9,9
Tprn,7,10
Tpst1,1,3
Tpst2,12,6
Tpt1,152,124
Tpt1-ps5,0,0
Tpx2,21,20
Tra2a,45,46
Tra2b,36,30
Trabd,57,64
Trabd2b,19,17
Trac,0,0
Tradd,10,10
Traf1,6,2
Traf2,20,11
Traf3,15,18
Traf3ip1,8,11
Traf3ip2,16,21
Traf4,53,42
Traf5,0,2
Traf6,18,17
Traf7,36,36
Trafd1,26,29
Traip,5,3
Trak1,114,107
Trak2,36,42
Tram1,83,75
Tram2,9,5
Trap1,40,28
Trappc1,9,4
Trappc10,44,40
Trappc11,28,38
Trappc12,26,23
Trappc13,6,7
Trappc14,20,16
Trappc2,1,1
Trappc2b,1,0
Trappc2l,5,4
Trappc3,13,18
Trappc4,3,4
Trappc5,14,10
Trappc6a,8,13
Trappc6b,13,12
Trappc8,22,26
Trappc9,17,14
Trarg1,1,2
Trav4-2,0,1
Trcg1,1,2
Trdmt1,2,2
Trem2,6,1
Treml2,0,0
Trerf1,1,0
Trf,1795,1663
Triap1,7,5
Trib1,80,63
Trib2,10,17
Trib3,3,4
Tril,1,1
Trim11,46,39
Trim12c,14,9
Trim13,2,4
Trim14,36,33
Trim15,1,0
Trim16,9,5
Trim17,4,4
Trim2,49,52
Trim21,17,8
Trim23,3,6
Trim24,26,26
Trim25,60,51
Trim26,25,31
Trim27,20,10
Trim28,80,48
Trim29,1,3
Trim3,26,12
Trim30a,0,1
Trim30c,0,0
Trim32,9,11
Trim33,50,43
Trim34a,4,3
Trim34b,2,4
Trim35,5,4
Trim36,1,1
Trim37,9,5
Trim39,29,23
Trim41,56,49
Trim43a,1,1
Trim44,59,51
Trim45,3,1
Trim46,22,24
Trim47,18,13
Trim55,1,0
Trim56,34,38
Trim59,4,4
Trim6,4,5
Trim62,8,5
Trim65,4,4
Trim68,15,17
Trim7,20,16
Trim71,0,1
Trim72,0,1
Trim8,105,112
Trim9,0,1
Trio,142,117
Triobp,19,18
Trip10,30,20
Trip11,72,63
Trip12,91,101
Trip13,7,3
Trip4,15,13
Trip6,20,14
Trir,33,19
Trit1,13,8
Trmo,1,3
Trmt1,18,23
Trmt10a,1,2
Trmt10b,4,5
Trmt10c,4,1
Trmt11,3,2
Trmt112,4,4
Trmt12,3,1
Trmt13,6,7
Trmt1l,23,13
Trmt2a,24,13
Trmt2b,14,12
Trmt44,10,11
Trmt5,3,3
Trmt6,5,9
Trmt61a,1,1
Trmt61b,13,5
Trmt9b,2,1
Trmu,8,9
Trnau1ap,8,8
Trnp1,0,0
Trnt1,4,5
Troap,8,7
Trp53,30,25
Trp53bp1,49,44
Trp53bp2,45,47
Trp53cor1,4,2
Trp53i11,13,9
Trp53i13,4,3
Trp53inp1,27,23
Trp53inp2,53,57
Trp53rka,7,8
Trp53rkb,0,2
Trp63,2,8
Trp73,0,0
Trpc3,0,0
Trpc4ap,38,51
Trpc5,0,1
Trpc6,0,0
Trpm2,4,2
Trpm3,2,3
Trpm4,55,48
Trpm5,1,0
Trpm6,15,12
Trpm7,46,58
Trps1,796,740
Trpt1,4,4
Trpv1,0,1
Trpv3,3,4
Trpv4,0,1
Trpv6,0,0
Trrap,142,120
Trub1,6,5
Trub2,8,8
Tsbp1,0,1
Tsc1,32,22
Tsc2,68,57
Tsc22d1,48,33
Tsc22d2,98,78
Tsc22d3,94,86
Tsc22d4,14,9
Tsen15,3,2
Tsen2,3,3
Tsen34,14,13
Tsen54,10,3
Tsfm,7,5
Tsg101,6,3
Tsga10,3,0
Tshb,3,1
Tshz1,15,15
Tshz2,5,3
Tshz3,1,1
Tsix,0,0
Tsku,5,2
Tsn,19,27
Tsnax,26,29
Tspan1,6,10
Tspan12,3,11
Tspan13,10,10
Tspan14,57,41
Tspan15,66,61
Tspan17,5,3
Tspan18,2,0
Tspan2,8,13
Tspan2os,0,1
Tspan3,18,15
Tspan31,12,13
Tspan32,1,1
Tspan32os,0,1
Tspan33,8,6
Tspan4,6,5
Tspan5,11,15
Tspan6,0,1
Tspan7,10,15
Tspan8,3,2
Tspan9,10,11
Tspear,0,0
Tspo,6,7
Tspyl1,20,20
Tspyl2,15,13
Tspyl3,3,2
Tspyl4,3,4
Tspyl5,0,0
Tsr1,10,11
Tsr2,2,1
Tsr3,1,2
Tssc4,9,13
Tssk1,1,1
Tssk4,3,4
Tssk5,1,2
Tst,0,2
Tstd1,0,0
Tstd2,17,16
Tstd3,0,0
Tsx,3,2
Ttbk2,16,10
Ttc1,4,4
Ttc13,35,27
Ttc14,52,48
Ttc17,17,20
Ttc19,18,15
Ttc21a,0,0
Ttc21b,9,6
Ttc22,4,6
Ttc23,5,5
Ttc27,5,5
Ttc28,5,10
Ttc3,52,43
Ttc32,2,0
Ttc33,6,5
Ttc36,1,0
Ttc38,11,10
Ttc39a,57,56
Ttc39aos1,26,31
Ttc39b,18,12
Ttc39c,1,2
Ttc4,15,15
Ttc41,2,2
Ttc5,19,12
Ttc6,0,3
Ttc7,56,55
Ttc7b,12,10
Ttc8,2,1
Ttc9,6,7
Ttc9c,9,15
Ttf1,10,8
Ttf2,6,10
Tti1,17,19
Tti2,9,12
Ttk,11,7
Ttl,9,9
Ttll1,3,5
Ttll10,15,18
Ttll11,0,1
Ttll12,14,19
Ttll13,1,0
Ttll3,7,5
Ttll4,47,25
Ttll5,20,30
Ttll7,15,18
Ttll9,0,0
Ttn,6,4
Ttpa,45,45
Ttpal,33,26
Ttyh1,0,0
Ttyh2,7,2
Ttyh3,74,69
Tub,1,0
Tuba-rs1,0,1
Tuba1a,3,4
Tuba1b,8,4
Tuba1c,4,6
Tuba4a,30,38
Tuba5-ps,0,0
Tuba8,0,0
Tubb2a,13,17
Tubb2b,9,8
Tubb4b,30,19
Tubb5,92,85
Tubb6,3,2
Tubd1,1,1
Tube1,5,9
Tubg1,5,4
Tubg2,0,0
Tubgcp2,20,17
Tubgcp3,27,30
Tubgcp4,14,16
Tubgcp5,8,9
Tubgcp6,29,26
Tufm,4,7
Tuft1,13,14
Tug1,55,36
Tulp1,3,2
Tulp3,8,9
Tulp4,50,35
Tunar,2,0
Tusc1,2,3
Tusc2,9,6
Tusc3,4,8
Tut1,13,9
Tut4,10,12
Tut7,56,52
Tvp23a,2,2
Tvp23b,13,7
Twf1,25,15
Twf2,5,2
Twist1,1,0
Twnk,10,7
Twsg1,22,21
Txk,1,0
Txlna,74,64
Txlng,17,19
Txn1,15,12
Txn2,16,8
Txndc11,48,42
Txndc12,24,10
Txndc15,5,7
Txndc16,24,31
Txndc17,13,6
Txndc2,1,1
Txndc5,46,29
Txndc9,16,29
Txnip,240,234
Txnl1,17,9
Txnl4a,9,8
Txnl4b,4,2
Txnrd1,40,30
Txnrd2,7,7
Txnrd3,1,4
Tyk2,37,38
Tyms,9,5
Tyro3,21,13
Tyrobp,6,1
Tysnd1,13,11
Tyw1,6,7
Tyw3,2,2
Tyw5,3,0
U2af1,14,12
U2af1l4,2,0
U2af2,75,61
U2surp,63,60
Uaca,46,39
Uap1,23,22
Uap1l1,13,16
Uba1,103,89
Uba2,22,27
Uba3,21,15
Uba5,17,19
Uba52,3,1
Uba6,7,4
Uba7,17,15
Ubac1,14,14
Ubac2,14,13
Ubald1,40,35
Ubald2,13,12
Ubap1,15,17
Ubap1l,0,1
Ubap2,68,76
Ubap2l,89,80
Ubash3a,0,1
Ubash3b,6,2
Ubb,36,31
Ubc,30,28
Ube2a,10,6
Ube2b,10,12
Ube2c,16,13
Ube2d-ps,6,3
Ube2d1,9,7
Ube2d2a,34,27
Ube2d2b,0,0
Ube2d3,96,80
Ube2e1,10,4
Ube2e2,7,7
Ube2e3,62,54
Ube2f,16,23
Ube2g1,9,6
Ube2g2,14,14
Ube2h,41,45
Ube2i,72,68
Ube2j1,9,14
Ube2j2,13,16
Ube2k,17,23
Ube2l3,16,13
Ube2l6,1,1
Ube2m,36,34
Ube2n,6,5
Ube2o,18,15
Ube2q1,28,25
Ube2q2,9,10
Ube2ql1,0,0
Ube2r2,42,37
Ube2s,5,5
Ube2t,3,3
Ube2v1,0,1
Ube2v2,0,2
Ube2w,6,10
Ube2z,56,44
Ube3a,36,36
Ube3b,48,40
Ube3c,60,42
Ube3d,1,1
Ube4a,72,64
Ube4b,74,59
Ube4bos1,4,8
Ube4bos2,0,1
Ube4bos3,1,0
Ubfd1,50,37
Ubiad1,6,6
Ubl3,27,24
Ubl4a,14,14
Ubl5,12,6
Ubl7,3,5
Ublcp1,2,2
Ubn1,71,64
Ubn2,109,100
Ubox5,10,10
Ubp1,43,50
Ubqln1,54,35
Ubqln2,15,17
Ubqln4,50,40
Ubr1,32,30
Ubr2,81,95
Ubr3,58,58
Ubr4,253,252
Ubr5,125,123
Ubr7,7,12
Ubtd1,13,14
Ubtd2,7,5
Ubtf,111,104
Ubxn1,48,41
Ubxn11,5,5
Ubxn2a,21,26
Ubxn2b,4,5
Ubxn4,46,40
Ubxn6,5,5
Ubxn7,38,29
Ubxn8,4,9
Uchl3,2,6
Uchl4,1,1
Uchl5,8,7
Uck1,9,8
Uck2,22,18
Uckl1,7,11
Uckl1os,4,5
Ucn2,0,0
Ucp2,409,375
Ucp3,0,1
Uevld,14,8
Ufc1,13,10
Ufd1,25,22
Ufl1,18,18
Ufm1,16,13
Ufsp1,0,1
Ufsp2,8,8
Ugcg,5,4
Ugdh,12,8
Uggt1,74,48
Uggt2,2,6
Ugp2,11,14
Ugt8a,2,1
Uhmk1,39,34
Uhrf1,25,26
Uhrf2,45,45
Uimc1,26,25
Ulbp1,2,0
Ulk1,59,52
Ulk2,16,14
Ulk3,26,25
Ulk4,4,6
Umad1,3,2
Umps,8,3
Unc119,11,9
Unc119b,34,25
Unc13a,357,330
Unc13b,105,93
Unc13d,5,4
Unc45a,35,28
Unc50,8,11
Unc5b,11,9
Unc5c,2,2
Unc5cl,8,4
Unc79,0,1
Unc80,1,1
Unc93b1,16,15
Ung,4,3
Unk,25,11
Unkl,13,12
Upb1,1,1
Upf1,62,63
Upf2,60,42
Upf3a,9,9
Upf3b,21,21
Upp1,1,0
Upp2,2,0
Uprt,8,3
Uqcc1,17,10
Uqcc2,3,3
Uqcc3,4,5
Uqcc4,7,4
Uqcc5,1,0
Uqcc6,2,3
Uqcr10,2,2
Uqcr11,4,9
Uqcrb,11,3
Uqcrc1,26,31
Uqcrc2,13,12
Uqcrfs1,19,15
Uqcrh,14,12
Uqcrq,10,5
Urah,1,5
Urb1,8,17
Urb2,19,11
Urgcp,17,19
Uri1,17,11
Urm1,13,10
Urod,7,9
Uros,9,6
Usb1,7,10
Use1,6,6
Usf1,28,18
Usf2,15,16
Usf3,65,57
Ushbp1,19,10
Uso1,25,39
Usp1,20,14
Usp10,38,35
Usp11,3,1
Usp12,12,10
Usp13,0,1
Usp14,26,24
Usp15,37,47
Usp16,26,25
Usp18,4,2
Usp19,109,96
Usp2,19,17
Usp20,16,14
Usp21,11,16
Usp22,56,55
Usp24,92,110
Usp25,44,33
Usp27x,2,1
Usp28,12,11
Usp29,0,0
Usp3,22,23
Usp30,15,8
Usp31,19,21
Usp32,27,21
Usp33,35,30
Usp34,115,116
Usp35,9,12
Usp36,30,23
Usp37,23,19
Usp38,8,5
Usp39,14,11
Usp4,38,36
Usp40,28,22
Usp42,17,10
Usp43,4,8
Usp45,15,17
Usp46,13,12
Usp46os1,3,0
Usp46os2,0,1
Usp47,54,42
Usp48,60,65
Usp49,13,8
Usp5,33,33
Usp50,0,2
Usp53,73,53
Usp54,39,31
Usp6nl,49,41
Usp7,85,59
Usp8,27,25
Usp9x,77,53
Uspl1,22,17
Ust,1,0
Utf1,2,1
Utp11,14,10
Utp14a,9,10
Utp14b,15,9
Utp15,11,15
Utp18,6,6
Utp20,22,23
Utp23,2,2
Utp25,6,8
Utp3,12,10
Utp4,8,3
Utp6,15,16
Utrn,206,169
Uvrag,17,15
Uvssa,16,12
Uxs1,8,5
Uxt,2,0
Vac14,24,27
Vamp1,36,39
Vamp2,65,49
Vamp3,12,13
Vamp4,15,11
Vamp5,1,0
Vamp8,14,7
Vangl1,21,10
Vangl2,5,6
Vapa,24,18
Vapb,27,23
Vars1,46,37
Vars2,12,11
Vash1,4,2
Vash2,1,0
Vasn,18,7
Vasp,35,39
Vat1,45,36
Vaultrc5,7,1
Vav1,3,1
Vav2,36,29
Vav3,9,11
Vbp1,8,5
Vcam1,2,1
Vcan,21,19
Vcf1,3,3
Vcf2,10,10
Vcl,36,31
Vcp,57,56
Vcp-rs,0,0
Vcpip1,24,22
Vcpkmt,7,5
Vdac1,32,29
Vdac2,18,10
Vdac3,8,8
Vdr,76,64
Vegfa,40,35
Vegfb,4,2
Vezf1,19,24
Vezt,36,36
Vgll3,2,0
Vgll4,57,67
Vhl,3,4
Vil1,1,1
Vill,14,9
Vim,15,8
Vinac1,1,0
Vipas39,17,9
Vipr1,44,37
Virma,29,25
Vis1,1,1
Vkorc1,2,0
Vkorc1l1,10,6
Vldlr,47,40
Vma21,5,5
Vmac,11,13
Vmn1r-ps32,0,0
Vmn1r43,15,13
Vmn2r-ps19,1,1
Vmn2r1,1,0
Vmn2r57,0,0
Vmn2r93,0,0
Vmp1,12,11
Vopp1,8,4
Vps11,18,20
Vps13a,75,62
Vps13b,98,80
Vps13c,43,46
Vps13d,125,124
Vps16,17,18
Vps18,14,11
Vps25,0,1
Vps26a,14,12
Vps26b,27,22
Vps26c,6,8
Vps28,12,10
Vps29,4,7
Vps33a,15,12
Vps33b,9,12
Vps35,26,17
Vps35l,26,19
Vps36,23,17
Vps37a,27,34
Vps37b,9,5
Vps37c,16,16
Vps39,27,19
Vps41,24,11
Vps45,6,8
Vps4a,6,9
Vps4b,35,35
Vps50,24,24
Vps51,9,20
Vps52,42,34
Vps53,31,22
Vps54,55,44
Vps72,7,14
Vps8,13,7
Vps9d1,23,21
Vrk1,6,5
Vrk2,2,2
Vrk3,11,16
Vsig10,14,12
Vsig10l,0,0
Vsig2,2,0
Vsig8,20,15
Vsir,6,7
Vstm2l,1,2
Vstm4,2,2
Vstm5,2,0
Vta1,3,3
Vtcn1,14,6
Vti1a,22,11
Vti1b,8,9
Vwa1,19,9
Vwa5a,35,25
Vwa5b2,4,1
Vwa7,1,1
Vwa8,30,25
Vwc2,1,0
Vwce,2,1
Vwf,0,1
Vxn,1,1
Wac,31,26
Wap,23,27
Wapl,62,64
Wars1,16,16
Wars2,2,2
Was,1,2
Wasf1,4,3
Wasf2,102,98
Washc1,7,12
Washc2,40,34
Washc3,7,3
Washc4,31,26
Washc5,14,20
Wasl,31,31
Wbp1,9,7
Wbp11,19,21
Wbp1l,48,45
Wbp2,27,29
Wbp4,11,13
Wbscr25,0,1
Wdcp,4,0
Wdfy1,23,19
Wdfy2,44,41
Wdfy3,78,72
Wdfy4,3,7
Wdhd1,1,6
Wdpcp,2,3
Wdr1,69,63
Wdr11,24,27
Wdr12,13,12
Wdr13,37,29
Wdr18,11,6
Wdr19,10,7
Wdr20,20,18
Wdr24,14,11
Wdr25,4,1
Wdr26,147,109
Wdr3,14,16
Wdr31,1,0
Wdr33,68,53
Wdr35,3,2
Wdr36,12,13
Wdr37,25,15
Wdr38,2,1
Wdr4,6,9
Wdr41,13,12
Wdr43,35,19
Wdr44,15,16
Wdr45,4,1
Wdr45b,7,9
Wdr46,12,15
Wdr46-ps,5,1
Wdr47,7,7
Wdr48,22,30
Wdr5,21,28
Wdr53,5,2
Wdr54,3,7
Wdr55,7,11
Wdr59,19,20
Wdr5b,4,3
Wdr6,30,29
Wdr62,20,19
Wdr7,16,15
Wdr70,9,12
Wdr72,16,7
Wdr73,2,6
Wdr74,5,1
Wdr75,9,10
Wdr76,10,18
Wdr77,11,8
Wdr81,26,21
Wdr82,37,34
Wdr83,6,11
Wdr83os,4,2
Wdr86,0,0
Wdr89,0,2
Wdr90,22,25
Wdr91,6,7
Wdr97,9,7
Wdsub1,7,6
Wdtc1,36,33
Wee1,35,35
Wfdc18,168,156
Wfdc2,4,3
Wfdc3,4,0
Wfdc5,0,0
Wfikkn1,3,3
Wfs1,7,6
Whamm,19,14
Whrn,4,4
Wif1,0,0
Wipf1,6,10
Wipf2,41,36
Wipi1,43,42
Wipi2,46,45
Wiz,44,30
Wls,16,16
Wnk1,160,152
Wnk2,224,196
Wnk3,1,1
Wnk4,5,6
Wnt10a,0,0
Wnt10b,0,0
Wnt11,2,0
Wnt16,1,0
Wnt2,1,0
Wnt2b,2,3
Wnt4,2,2
Wnt5a,5,3
Wnt5b,4,8
Wnt6,0,0
Wnt7b,4,4
Wnt9a,1,0
Wrap53,4,6
Wrap73,8,8
Wrn,9,15
Wrnip1,5,6
Wsb1,29,24
Wsb2,30,32
Wscd1,0,1
Wscd2,0,0
Wtap,54,57
Wtip,13,6
Wwc1,110,122
Wwc2,70,66
Wwox,18,17
Wwp1,18,17
Wwp2,40,37
Wwtr1,38,41
Xab2,26,17
Xaf1,4,6
Xbp1,536,491
Xdh,530,473
Xiap,38,36
Xist,1142,1016
Xk,1,0
Xkr6,1,1
Xkr8,2,2
Xkrx,0,0
Xlr4c,0,1
Xndc1,9,6
Xpa,0,1
Xpc,16,11
Xpnpep1,21,34
Xpnpep2,1,0
Xpnpep3,8,6
Xpo1,40,32
Xpo4,17,15
Xpo5,19,18
Xpo6,57,64
Xpo7,33,31
Xpot,29,23
Xpr1,27,20
Xrcc1,14,16
Xrcc2,6,2
Xrcc3,12,9
Xrcc4,5,1
Xrcc5,10,10
Xrcc6,9,10
Xrn1,59,56
Xrn2,24,26
Xrra1,3,1
Xxylt1,5,7
Xylb,6,6
Xylt1,0,0
Xylt2,8,16
Yae1d1,2,1
Yaf2,7,2
Yap1,81,65
Yars1,24,15
Yars2,4,3
Ybey,3,0
Ybx1,68,71
Ybx2,1,4
Ybx3,42,40
Ydjc,5,1
Yeats2,48,50
Yeats4,7,6
Yes1,10,14
Yif1a,7,8
Yif1b,4,5
Yipf1,9,5
Yipf2,13,8
Yipf3,20,13
Yipf4,11,13
Yipf5,14,12
Yipf6,29,24
Yjefn3,1,0
Yju2,5,11
Yju2b,4,8
Ykt6,28,24
Ylpm1,87,68
Yme1l1,56,47
Yod1,10,10
Ypel1,5,2
Ypel2,13,3
Ypel3,12,14
Ypel4,0,2
Ypel5,10,13
Yrdc,8,3
Ythdc1,37,31
Ythdc2,8,4
Ythdf1,18,15
Ythdf2,19,10
Ythdf3,45,41
Ywhab,68,72
Ywhae,155,130
Ywhag,80,79
Ywhah,24,22
Ywhaq,5,7
Ywhaq-ps1,1,1
Ywhaz,87,79
Yy1,47,60
Zbed3,8,9
Zbed4,0,0
Zbed5,1,3
Zbed5-ps,2,0
Zbed6,82,82
Zbp1,6,5
Zbtb1,17,15
Zbtb10,41,30
Zbtb11,18,12
Zbtb11os1,2,0
Zbtb12,3,5
Zbtb14,5,5
Zbtb16,35,53
Zbtb17,16,19
Zbtb18,36,25
Zbtb2,16,9
Zbtb20,107,89
Zbtb21,17,20
Zbtb22,23,14
Zbtb24,8,0
Zbtb25,4,4
Zbtb26,3,9
Zbtb3,0,0
Zbtb32,0,0
Zbtb33,23,20
Zbtb34,13,17
Zbtb37,28,23
Zbtb38,49,39
Zbtb39,15,11
Zbtb4,38,37
Zbtb40,28,27
Zbtb41,20,22
Zbtb42,14,15
Zbtb43,12,8
Zbtb44,17,16
Zbtb45,7,9
Zbtb46,1,3
Zbtb47,4,6
Zbtb48,16,18
Zbtb49,10,12
Zbtb5,6,6
Zbtb6,10,6
Zbtb7a,62,60
Zbtb7b,59,47
Zbtb7c,6,9
Zbtb8a,4,5
Zbtb8b,0,0
Zbtb8os,7,6
Zbtb9,0,0
Zc2hc1a,12,8
Zc2hc1c,1,0
Zc3h10,4,6
Zc3h11a,5,11
Zc3h12a,13,8
Zc3h12b,2,0
Zc3h12c,4,3
Zc3h12d,0,1
Zc3h13,54,40
Zc3h14,35,37
Zc3h15,24,14
Zc3h18,82,60
Zc3h3,6,4
Zc3h4,48,41
Zc3h6,2,2
Zc3h7a,95,85
Zc3h7b,59,43
Zc3h8,0,0
Zc3hav1,33,20
Zc3hav1l,6,5
Zc3hc1,3,4
Zc4h2,1,2
Zcchc10,0,1
Zcchc14,52,53
Zcchc17,15,15
Zcchc18,1,1
Zcchc2,39,39
Zcchc24,4,4
Zcchc3,4,5
Zcchc4,10,10
Zcchc7,48,45
Zcchc8,16,15
Zcchc9,10,8
Zcrb1,19,10
Zcwpw1,0,0
Zcwpw2,0,0
Zdhhc1,29,24
Zdhhc12,1,2
Zdhhc13,3,0
Zdhhc14,7,8
Zdhhc15,1,2
Zdhhc16,11,9
Zdhhc17,13,8
Zdhhc18,33,25
Zdhhc2,6,6
Zdhhc20,16,10
Zdhhc21,36,25
Zdhhc22,0,0
Zdhhc23,2,2
Zdhhc24,9,9
Zdhhc3,67,53
Zdhhc4,8,5
Zdhhc5,40,44
Zdhhc6,13,15
Zdhhc7,14,16
Zdhhc8,20,24
Zdhhc9,48,21
Zeb1,6,2
Zeb1os1,3,2
Zeb2,14,11
Zer1,23,14
Zfand1,4,6
Zfand2a,8,10
Zfand2b,12,2
Zfand3,30,21
Zfand4,1,1
Zfand5,55,54
Zfand6,21,11
Zfas1,18,13
Zfat,7,4
Zfc3h1,126,126
Zfhx2,23,21
Zfhx2os,0,0
Zfhx3,194,169
Zfp1,8,5
Zfp1001,2,3
Zfp1003,0,1
Zfp1006,7,5
Zfp1007,2,1
Zfp101,19,14
Zfp105,1,0
Zfp106,145,135
Zfp108,1,1
Zfp109,1,4
Zfp11,0,1
Zfp110,16,6
Zfp111,10,14
Zfp112,3,2
Zfp113,13,8
Zfp114,2,1
Zfp119a,4,4
Zfp119b,2,1
Zfp12,11,16
Zfp120,7,6
Zfp128,4,1
Zfp13,3,4
Zfp131,9,12
Zfp141,5,4
Zfp142,15,15
Zfp143,3,5
Zfp146,22,10
Zfp148,39,37
Zfp157,4,5
Zfp160,10,9
Zfp169,11,14
Zfp174,3,4
Zfp175,3,2
Zfp180,22,13
Zfp182,13,15
Zfp184,1,3
Zfp185,15,7
Zfp189,4,6
Zfp2,4,7
Zfp202,7,6
Zfp207,74,74
Zfp212,7,2
Zfp213,0,0
Zfp217,26,27
Zfp219,34,21
Zfp229,3,1
Zfp235,9,9
Zfp236,27,27
Zfp239,3,2
Zfp24,25,24
Zfp248,2,3
Zfp251,7,5
Zfp26,20,20
Zfp260,24,27
Zfp263,21,24
Zfp266,36,35
Zfp267,9,10
Zfp27,3,2
Zfp273,1,1
Zfp275,2,2
Zfp276,33,24
Zfp277,9,4
Zfp28,6,5
Zfp280b,6,7
Zfp280c,13,14
Zfp280d,35,30
Zfp281,17,13
Zfp282,44,40
Zfp287,3,0
Zfp292,58,51
Zfp296,0,0
Zfp3,2,5
Zfp30,4,4
Zfp300,1,0
Zfp316,13,18
Zfp317,15,13
Zfp318,46,40
Zfp319,23,14
Zfp322a,15,18
Zfp324,7,5
Zfp326,11,15
Zfp329,20,17
Zfp330,7,10
Zfp334,12,10
Zfp335,30,36
Zfp335os,0,0
Zfp341,3,5
Zfp346,8,6
Zfp35,6,9
Zfp354a,3,2
Zfp354c,1,2
Zfp358,4,5
Zfp36,50,40
Zfp362,24,23
Zfp365,1,1
Zfp366,26,24
Zfp367,9,3
Zfp369,18,17
Zfp36l1,76,66
Zfp36l2,86,94
Zfp382,2,1
Zfp383,2,3
Zfp384,25,26
Zfp385a,2,2
Zfp385b,0,1
Zfp385c,0,1
Zfp386,26,21
Zfp39,4,5
Zfp395,229,200
Zfp397,39,33
Zfp398,26,17
Zfp40,4,4
Zfp407,46,47
Zfp408,14,14
Zfp41,1,3
Zfp410,30,28
Zfp414,10,6
Zfp418,6,5
Zfp420,0,1
Zfp422,7,3
Zfp423,1,4
Zfp426,5,5
Zfp428,3,2
Zfp429,1,1
Zfp438,1,0
Zfp442,4,3
Zfp444,10,6
Zfp445,54,60
Zfp446,5,7
Zfp449,2,2
Zfp451,45,49
Zfp454,1,1
Zfp455,2,0
Zfp456,2,3
Zfp458,9,10
Zfp459,2,4
Zfp46,28,22
Zfp462,85,59
Zfp467,13,15
Zfp469,16,17
Zfp472,8,7
Zfp473,1,2
Zfp488,0,1
Zfp493,1,0
Zfp503,81,67
Zfp507,21,16
Zfp51,2,1
Zfp511,5,3
Zfp512,24,19
Zfp512b,48,58
Zfp513,17,25
Zfp516,41,49
Zfp518a,9,8
Zfp518b,9,9
Zfp52,6,3
Zfp521,31,23
Zfp523,15,15
Zfp524,1,1
Zfp526,14,15
Zfp53,2,0
Zfp532,54,45
Zfp54,1,2
Zfp551,1,1
Zfp553,13,10
Zfp560,1,1
Zfp563,6,2
Zfp566,1,1
Zfp568,19,14
Zfp57,1,0
Zfp574,9,12
Zfp575,1,1
Zfp579,23,23
Zfp58,0,1
Zfp583,2,3
Zfp59,1,1
Zfp592,31,35
Zfp593os,0,0
Zfp597,9,7
Zfp598,55,47
Zfp599,3,7
Zfp60,4,5
Zfp605,3,3
Zfp606,11,7
Zfp607a,8,2
Zfp607b,4,1
Zfp608,11,9
Zfp609,70,66
Zfp61,6,8
Zfp612,7,8
Zfp617,2,2
Zfp618,4,6
Zfp619,4,3
Zfp62,22,15
Zfp622,18,16
Zfp623,4,4
Zfp626,11,6
Zfp628,23,19
Zfp629,24,16
Zfp637,8,7
Zfp638,55,55
Zfp639,10,7
Zfp64,12,7
Zfp641,8,5
Zfp644,50,48
Zfp646,51,41
Zfp647,1,2
Zfp65,3,2
Zfp652,60,50
Zfp652os,2,1
Zfp653,8,7
Zfp654,14,16
Zfp655,23,19
Zfp660,0,1
Zfp661,4,2
Zfp663,0,0
Zfp664,45,41
Zfp667,9,19
Zfp668,7,11
Zfp672,15,18
Zfp677,1,0
Zfp68,22,22
Zfp687,41,40
Zfp688,6,5
Zfp689,3,1
Zfp69,1,0
Zfp691,3,3
Zfp692,24,16
Zfp696,1,2
Zfp697,10,6
Zfp7,15,11
Zfp703,10,5
Zfp704,48,64
Zfp706,23,11
Zfp707,1,4
Zfp709,2,1
Zfp710,65,74
Zfp711,1,4
Zfp712,0,0
Zfp715,16,13
Zfp719,8,8
Zfp72,4,3
Zfp729a,9,9
Zfp729b,3,5
Zfp738,16,12
Zfp74,6,3
Zfp740,63,57
Zfp746,22,20
Zfp747,6,7
Zfp747l1,1,1
Zfp748,4,4
Zfp750,23,15
Zfp758,2,2
Zfp759,2,2
Zfp760,4,6
Zfp763,1,0
Zfp764,0,1
Zfp764l1,2,3
Zfp768,12,12
Zfp770,5,5
Zfp771,6,9
Zfp772,10,6
Zfp773,1,1
Zfp775,6,4
Zfp777,17,13
Zfp78,0,4
Zfp780b,7,8
Zfp781a,1,0
Zfp783,2,1
Zfp786,0,1
Zfp787,5,10
Zfp788,6,5
Zfp790,10,8
Zfp791,7,7
Zfp799,7,5
Zfp800,12,5
Zfp804a,1,0
Zfp808,2,1
Zfp809,12,8
Zfp81,5,1
Zfp810,13,17
Zfp811,1,2
Zfp82,2,0
Zfp820,1,2
Zfp821,14,10
Zfp827,30,25
Zfp830,5,3
Zfp839,14,10
Zfp84,14,13
Zfp846,11,11
Zfp85,4,3
Zfp850,2,3
Zfp853,0,0
Zfp85os,2,2
Zfp862-ps,1,0
Zfp865,19,24
Zfp866,8,14
Zfp867,1,1
Zfp868,7,6
Zfp869,17,14
Zfp87,6,6
Zfp870,0,1
Zfp871,65,61
Zfp873,5,7
Zfp874a,1,0
Zfp874b,4,3
Zfp882,0,0
Zfp9,10,10
Zfp90,12,9
Zfp91,27,28
Zfp93,1,0
Zfp930,4,6
Zfp931,0,0
Zfp932,3,2
Zfp933,10,8
Zfp934,4,2
Zfp935,3,4
Zfp937,2,2
Zfp938,2,1
Zfp939,0,0
Zfp94,2,5
Zfp940,2,0
Zfp941,0,1
Zfp942,7,6
Zfp943,5,2
Zfp944,3,1
Zfp945,13,8
Zfp946,6,2
Zfp948,12,8
Zfp949,48,31
Zfp950,25,27
Zfp951,1,1
Zfp952,3,1
Zfp953,1,1
Zfp954,4,3
Zfp955a,4,0
Zfp955b,4,1
Zfp956,0,0
Zfp958,3,2
Zfp959,1,1
Zfp961,4,7
Zfp963,4,1
Zfp964,4,3
Zfp970,5,6
Zfp971,2,2
Zfp972,1,0
Zfp974,8,7
Zfp975,3,1
Zfp976,1,2
Zfp977,1,0
Zfp983,1,0
Zfp984,0,0
Zfp991,2,0
Zfp992,1,0
Zfp994,4,4
Zfp995,2,0
Zfpl1,1,5
Zfpm1,10,12
Zfpm2,2,2
Zfr,42,44
Zfr2,15,9
Zfta,45,39
Zftraf1,16,16
Zfx,14,8
Zfyve1,37,38
Zfyve16,17,15
Zfyve19,15,12
Zfyve21,5,4
Zfyve26,49,42
Zfyve27,46,36
Zfyve28,2,1
Zfyve9,10,10
Zgpat,33,21
Zgrf1,9,8
Zhx1,15,6
Zhx2,12,9
Zhx3,21,19
Zic5,2,1
Zik1,2,3
Zim1,1,0
Zkscan1,39,36
Zkscan14,1,2
Zkscan17,23,30
Zkscan3,44,30
Zkscan4,1,0
Zkscan5,8,3
Zkscan6,2,4
Zkscan7,10,8
Zkscan8,17,13
Zmat2,21,18
Zmat3,21,19
Zmat4,1,0
Zmat5,0,1
Zmiz1,216,178
Zmiz1os1,7,8
Zmiz2,54,64
Zmpste24,22,19
Zmym1,5,3
Zmym2,41,34
Zmym3,23,24
Zmym4,33,32
Zmym5,28,22
Zmym6,9,7
Zmynd10,1,1
Zmynd11,36,28
Zmynd15,2,2
Zmynd19,9,5
Zmynd8,40,29
Znfx1,49,54
Zng1,2,2
Znhit1,7,6
Znhit3,2,1
Znhit6,13,8
Znrf1,54,44
Znrf2,24,35
Znrf3,10,12
Znrf4,0,0
Zpr1,13,6
Zranb1,25,21
Zranb2,20,15
Zranb3,7,8
Zrsr2,21,17
Zscan10,0,0
Zscan12,4,2
Zscan18,0,0
Zscan2,4,5
Zscan20,8,7
Zscan21,11,9
Zscan22,3,4
Zscan25,8,3
Zscan26,33,27
Zscan29,24,25
Zswim1,2,4
Zswim3,1,1
Zswim4,23,15
Zswim5,4,3
Zswim6,28,30
Zswim8,91,75
Zswim9,11,10
Zup1,21,15
Zw10,8,8
Zwilch,12,7
Zwint,24,14
Zxdb,1,1
Zxdc,17,17
Zyg11b,28,20
Zyx,33,36
Zzef1,85,65
Zzz3,50,43
mt-Co1,1878,1799
mt-Cytb,1246,1150
mt-Nd1,906,825
mt-Nd2,550,524
mt-Nd4,610,535
mt-Nd5,1168,1063
mt-Nd6,653,605
mt-Rnr1,599,566
mt-Rnr2,1617,1457
mt-Tc,1,0
mt-Ti,1,1
mt-Tm,0,0
mt-Tp,3,4
n-R5s109,1,1
n-R5s115,1,0
n-R5s13,0,0
n-R5s136,2,1
n-R5s151,1,1
n-R5s194,1,1
n-R5s195,1,3
n-R5s204,1,0
n-R5s211,3,6
n-R5s25,4,6
n-R5s28,0,1
n-R5s33,0,1
n-R5s58,0,0
n-R5s60,1,0
